거래일자,시장ID,종목코드,종목명,시각,결제월,결제월번호,종가
"20250610","NDV","KR4101W60000","코스피200 F 202506","1800","202506","1","383.1"
"20250610","NDV","KR4101W60000","코스피200 F 202506","1801","202506","1","383.1"
"20250610","NDV","KR4101W60000","코스피200 F 202506","1802","202506","1","383.15"
"20250610","NDV","KR4101W60000","코스피200 F 202506","1803","202506","1","383.25"
"20250610","NDV","KR4101W60000","코스피200 F 202506","1804","202506","1","383.35"
"20250610","NDV","KR4101W60000","코스피200 F 202506","1805","202506","1","383.35"
"20250610","NDV","KR4101W60000","코스피200 F 202506","1806","202506","1","383.35"
"20250610","NDV","KR4101W60000","코스피200 F 202506","1807","202506","1","383.35"
"20250610","NDV","KR4101W60000","코스피200 F 202506","1808","202506","1","383.3"
"20250610","NDV","KR4101W60000","코스피200 F 202506","1809","202506","1","383.3"
"20250610","NDV","KR4101W60000","코스피200 F 202506","1810","202506","1","383.3"
"20250610","NDV","KR4101W60000","코스피200 F 202506","1811","202506","1","383.3"
"20250610","NDV","KR4101W60000","코스피200 F 202506","1812","202506","1","383.4"
"20250610","NDV","KR4101W60000","코스피200 F 202506","1813","202506","1","383.45"
"20250610","NDV","KR4101W60000","코스피200 F 202506","1814","202506","1","383.5"
"20250610","NDV","KR4101W60000","코스피200 F 202506","1815","202506","1","383.5"
"20250610","NDV","KR4101W60000","코스피200 F 202506","1816","202506","1","383.5"
"20250610","NDV","KR4101W60000","코스피200 F 202506","1817","202506","1","383.5"
"20250610","NDV","KR4101W60000","코스피200 F 202506","1818","202506","1","383.55"
"20250610","NDV","KR4101W60000","코스피200 F 202506","1819","202506","1","383.45"
"20250610","NDV","KR4101W60000","코스피200 F 202506","1820","202506","1","383.5"
"20250610","NDV","KR4101W60000","코스피200 F 202506","1821","202506","1","383.45"
"20250610","NDV","KR4101W60000","코스피200 F 202506","1822","202506","1","383.45"
"20250610","NDV","KR4101W60000","코스피200 F 202506","1823","202506","1","383.4"
"20250610","NDV","KR4101W60000","코스피200 F 202506","1824","202506","1","383.4"
"20250610","NDV","KR4101W60000","코스피200 F 202506","1825","202506","1","383.35"
"20250610","NDV","KR4101W60000","코스피200 F 202506","1826","202506","1","383.4"
"20250610","NDV","KR4101W60000","코스피200 F 202506","1827","202506","1","383.35"
"20250610","NDV","KR4101W60000","코스피200 F 202506","1828","202506","1","383.3"
"20250610","NDV","KR4101W60000","코스피200 F 202506","1829","202506","1","383.3"
"20250610","NDV","KR4101W60000","코스피200 F 202506","1830","202506","1","383.25"
"20250610","NDV","KR4101W60000","코스피200 F 202506","1831","202506","1","383.2"
"20250610","NDV","KR4101W60000","코스피200 F 202506","1832","202506","1","383.25"
"20250610","NDV","KR4101W60000","코스피200 F 202506","1833","202506","1","383.3"
"20250610","NDV","KR4101W60000","코스피200 F 202506","1834","202506","1","383.35"
"20250610","NDV","KR4101W60000","코스피200 F 202506","1835","202506","1","383.4"
"20250610","NDV","KR4101W60000","코스피200 F 202506","1836","202506","1","383.5"
"20250610","NDV","KR4101W60000","코스피200 F 202506","1837","202506","1","383.45"
"20250610","NDV","KR4101W60000","코스피200 F 202506","1838","202506","1","383.5"
"20250610","NDV","KR4101W60000","코스피200 F 202506","1839","202506","1","383.45"
"20250610","NDV","KR4101W60000","코스피200 F 202506","1840","202506","1","383.45"
"20250610","NDV","KR4101W60000","코스피200 F 202506","1841","202506","1","383.5"
"20250610","NDV","KR4101W60000","코스피200 F 202506","1842","202506","1","383.5"
"20250610","NDV","KR4101W60000","코스피200 F 202506","1843","202506","1","383.5"
"20250610","NDV","KR4101W60000","코스피200 F 202506","1844","202506","1","383.5"
"20250610","NDV","KR4101W60000","코스피200 F 202506","1845","202506","1","383.5"
"20250610","NDV","KR4101W60000","코스피200 F 202506","1846","202506","1","383.5"
"20250610","NDV","KR4101W60000","코스피200 F 202506","1847","202506","1","383.45"
"20250610","NDV","KR4101W60000","코스피200 F 202506","1848","202506","1","383.4"
"20250610","NDV","KR4101W60000","코스피200 F 202506","1849","202506","1","383.45"
"20250610","NDV","KR4101W60000","코스피200 F 202506","1850","202506","1","383.4"
"20250610","NDV","KR4101W60000","코스피200 F 202506","1852","202506","1","383.45"
"20250610","NDV","KR4101W60000","코스피200 F 202506","1853","202506","1","383.45"
"20250610","NDV","KR4101W60000","코스피200 F 202506","1854","202506","1","383.45"
"20250610","NDV","KR4101W60000","코스피200 F 202506","1855","202506","1","383.5"
"20250610","NDV","KR4101W60000","코스피200 F 202506","1856","202506","1","383.5"
"20250610","NDV","KR4101W60000","코스피200 F 202506","1857","202506","1","383.55"
"20250610","NDV","KR4101W60000","코스피200 F 202506","1858","202506","1","383.55"
"20250610","NDV","KR4101W60000","코스피200 F 202506","1859","202506","1","383.5"
"20250610","NDV","KR4101W60000","코스피200 F 202506","1900","202506","1","383.45"
"20250610","NDV","KR4101W60000","코스피200 F 202506","1901","202506","1","383.3"
"20250610","NDV","KR4101W60000","코스피200 F 202506","1902","202506","1","383.3"
"20250610","NDV","KR4101W60000","코스피200 F 202506","1903","202506","1","383.25"
"20250610","NDV","KR4101W60000","코스피200 F 202506","1904","202506","1","383.25"
"20250610","NDV","KR4101W60000","코스피200 F 202506","1905","202506","1","383.25"
"20250610","NDV","KR4101W60000","코스피200 F 202506","1908","202506","1","383.25"
"20250610","NDV","KR4101W60000","코스피200 F 202506","1909","202506","1","383.25"
"20250610","NDV","KR4101W60000","코스피200 F 202506","1910","202506","1","383.2"
"20250610","NDV","KR4101W60000","코스피200 F 202506","1911","202506","1","383.1"
"20250610","NDV","KR4101W60000","코스피200 F 202506","1912","202506","1","383.1"
"20250610","NDV","KR4101W60000","코스피200 F 202506","1913","202506","1","383.1"
"20250610","NDV","KR4101W60000","코스피200 F 202506","1914","202506","1","383.2"
"20250610","NDV","KR4101W60000","코스피200 F 202506","1916","202506","1","383.2"
"20250610","NDV","KR4101W60000","코스피200 F 202506","1917","202506","1","383.25"
"20250610","NDV","KR4101W60000","코스피200 F 202506","1918","202506","1","383.25"
"20250610","NDV","KR4101W60000","코스피200 F 202506","1920","202506","1","383.2"
"20250610","NDV","KR4101W60000","코스피200 F 202506","1921","202506","1","383.2"
"20250610","NDV","KR4101W60000","코스피200 F 202506","1922","202506","1","383.2"
"20250610","NDV","KR4101W60000","코스피200 F 202506","1923","202506","1","383.25"
"20250610","NDV","KR4101W60000","코스피200 F 202506","1924","202506","1","383.25"
"20250610","NDV","KR4101W60000","코스피200 F 202506","1925","202506","1","383.25"
"20250610","NDV","KR4101W60000","코스피200 F 202506","1926","202506","1","383.3"
"20250610","NDV","KR4101W60000","코스피200 F 202506","1927","202506","1","383.25"
"20250610","NDV","KR4101W60000","코스피200 F 202506","1928","202506","1","383.25"
"20250610","NDV","KR4101W60000","코스피200 F 202506","1929","202506","1","383.25"
"20250610","NDV","KR4101W60000","코스피200 F 202506","1930","202506","1","383.25"
"20250610","NDV","KR4101W60000","코스피200 F 202506","1931","202506","1","383.3"
"20250610","NDV","KR4101W60000","코스피200 F 202506","1932","202506","1","383.3"
"20250610","NDV","KR4101W60000","코스피200 F 202506","1933","202506","1","383.25"
"20250610","NDV","KR4101W60000","코스피200 F 202506","1934","202506","1","383.3"
"20250610","NDV","KR4101W60000","코스피200 F 202506","1935","202506","1","383.3"
"20250610","NDV","KR4101W60000","코스피200 F 202506","1936","202506","1","383.3"
"20250610","NDV","KR4101W60000","코스피200 F 202506","1937","202506","1","383.35"
"20250610","NDV","KR4101W60000","코스피200 F 202506","1938","202506","1","383.3"
"20250610","NDV","KR4101W60000","코스피200 F 202506","1939","202506","1","383.35"
"20250610","NDV","KR4101W60000","코스피200 F 202506","1940","202506","1","383.35"
"20250610","NDV","KR4101W60000","코스피200 F 202506","1941","202506","1","383.35"
"20250610","NDV","KR4101W60000","코스피200 F 202506","1942","202506","1","383.3"
"20250610","NDV","KR4101W60000","코스피200 F 202506","1944","202506","1","383.3"
"20250610","NDV","KR4101W60000","코스피200 F 202506","1945","202506","1","383.25"
"20250610","NDV","KR4101W60000","코스피200 F 202506","1946","202506","1","383.35"
"20250610","NDV","KR4101W60000","코스피200 F 202506","1947","202506","1","383.35"
"20250610","NDV","KR4101W60000","코스피200 F 202506","1948","202506","1","383.3"
"20250610","NDV","KR4101W60000","코스피200 F 202506","1949","202506","1","383.3"
"20250610","NDV","KR4101W60000","코스피200 F 202506","1951","202506","1","383.35"
"20250610","NDV","KR4101W60000","코스피200 F 202506","1952","202506","1","383.35"
"20250610","NDV","KR4101W60000","코스피200 F 202506","1953","202506","1","383.35"
"20250610","NDV","KR4101W60000","코스피200 F 202506","1954","202506","1","383.35"
"20250610","NDV","KR4101W60000","코스피200 F 202506","1955","202506","1","383.4"
"20250610","NDV","KR4101W60000","코스피200 F 202506","1956","202506","1","383.4"
"20250610","NDV","KR4101W60000","코스피200 F 202506","1957","202506","1","383.4"
"20250610","NDV","KR4101W60000","코스피200 F 202506","1958","202506","1","383.4"
"20250610","NDV","KR4101W60000","코스피200 F 202506","1959","202506","1","383.4"
"20250610","NDV","KR4101W60000","코스피200 F 202506","2000","202506","1","383.45"
"20250610","NDV","KR4101W60000","코스피200 F 202506","2001","202506","1","383.45"
"20250610","NDV","KR4101W60000","코스피200 F 202506","2002","202506","1","383.55"
"20250610","NDV","KR4101W60000","코스피200 F 202506","2003","202506","1","383.55"
"20250610","NDV","KR4101W60000","코스피200 F 202506","2004","202506","1","383.55"
"20250610","NDV","KR4101W60000","코스피200 F 202506","2005","202506","1","383.55"
"20250610","NDV","KR4101W60000","코스피200 F 202506","2006","202506","1","383.55"
"20250610","NDV","KR4101W60000","코스피200 F 202506","2007","202506","1","383.6"
"20250610","NDV","KR4101W60000","코스피200 F 202506","2008","202506","1","383.65"
"20250610","NDV","KR4101W60000","코스피200 F 202506","2009","202506","1","383.8"
"20250610","NDV","KR4101W60000","코스피200 F 202506","2010","202506","1","383.75"
"20250610","NDV","KR4101W60000","코스피200 F 202506","2011","202506","1","383.85"
"20250610","NDV","KR4101W60000","코스피200 F 202506","2012","202506","1","383.95"
"20250610","NDV","KR4101W60000","코스피200 F 202506","2013","202506","1","383.75"
"20250610","NDV","KR4101W60000","코스피200 F 202506","2014","202506","1","383.75"
"20250610","NDV","KR4101W60000","코스피200 F 202506","2015","202506","1","383.8"
"20250610","NDV","KR4101W60000","코스피200 F 202506","2016","202506","1","383.75"
"20250610","NDV","KR4101W60000","코스피200 F 202506","2017","202506","1","383.85"
"20250610","NDV","KR4101W60000","코스피200 F 202506","2018","202506","1","383.9"
"20250610","NDV","KR4101W60000","코스피200 F 202506","2019","202506","1","383.9"
"20250610","NDV","KR4101W60000","코스피200 F 202506","2020","202506","1","383.85"
"20250610","NDV","KR4101W60000","코스피200 F 202506","2021","202506","1","383.9"
"20250610","NDV","KR4101W60000","코스피200 F 202506","2022","202506","1","383.9"
"20250610","NDV","KR4101W60000","코스피200 F 202506","2023","202506","1","383.9"
"20250610","NDV","KR4101W60000","코스피200 F 202506","2024","202506","1","383.95"
"20250610","NDV","KR4101W60000","코스피200 F 202506","2025","202506","1","383.95"
"20250610","NDV","KR4101W60000","코스피200 F 202506","2026","202506","1","383.9"
"20250610","NDV","KR4101W60000","코스피200 F 202506","2027","202506","1","383.9"
"20250610","NDV","KR4101W60000","코스피200 F 202506","2028","202506","1","383.85"
"20250610","NDV","KR4101W60000","코스피200 F 202506","2029","202506","1","383.8"
"20250610","NDV","KR4101W60000","코스피200 F 202506","2030","202506","1","383.8"
"20250610","NDV","KR4101W60000","코스피200 F 202506","2031","202506","1","383.85"
"20250610","NDV","KR4101W60000","코스피200 F 202506","2032","202506","1","383.8"
"20250610","NDV","KR4101W60000","코스피200 F 202506","2033","202506","1","383.85"
"20250610","NDV","KR4101W60000","코스피200 F 202506","2034","202506","1","383.85"
"20250610","NDV","KR4101W60000","코스피200 F 202506","2035","202506","1","383.85"
"20250610","NDV","KR4101W60000","코스피200 F 202506","2036","202506","1","383.95"
"20250610","NDV","KR4101W60000","코스피200 F 202506","2037","202506","1","383.95"
"20250610","NDV","KR4101W60000","코스피200 F 202506","2038","202506","1","383.95"
"20250610","NDV","KR4101W60000","코스피200 F 202506","2039","202506","1","384.2"
"20250610","NDV","KR4101W60000","코스피200 F 202506","2040","202506","1","384.05"
"20250610","NDV","KR4101W60000","코스피200 F 202506","2041","202506","1","384.05"
"20250610","NDV","KR4101W60000","코스피200 F 202506","2042","202506","1","384"
"20250610","NDV","KR4101W60000","코스피200 F 202506","2043","202506","1","383.9"
"20250610","NDV","KR4101W60000","코스피200 F 202506","2044","202506","1","383.85"
"20250610","NDV","KR4101W60000","코스피200 F 202506","2045","202506","1","383.9"
"20250610","NDV","KR4101W60000","코스피200 F 202506","2046","202506","1","383.9"
"20250610","NDV","KR4101W60000","코스피200 F 202506","2047","202506","1","383.95"
"20250610","NDV","KR4101W60000","코스피200 F 202506","2048","202506","1","384.05"
"20250610","NDV","KR4101W60000","코스피200 F 202506","2050","202506","1","383.95"
"20250610","NDV","KR4101W60000","코스피200 F 202506","2052","202506","1","383.95"
"20250610","NDV","KR4101W60000","코스피200 F 202506","2054","202506","1","384"
"20250610","NDV","KR4101W60000","코스피200 F 202506","2055","202506","1","384"
"20250610","NDV","KR4101W60000","코스피200 F 202506","2056","202506","1","383.95"
"20250610","NDV","KR4101W60000","코스피200 F 202506","2057","202506","1","384"
"20250610","NDV","KR4101W60000","코스피200 F 202506","2058","202506","1","384"
"20250610","NDV","KR4101W60000","코스피200 F 202506","2059","202506","1","384"
"20250610","NDV","KR4101W60000","코스피200 F 202506","2100","202506","1","384"
"20250610","NDV","KR4101W60000","코스피200 F 202506","2101","202506","1","383.95"
"20250610","NDV","KR4101W60000","코스피200 F 202506","2103","202506","1","383.95"
"20250610","NDV","KR4101W60000","코스피200 F 202506","2104","202506","1","383.9"
"20250610","NDV","KR4101W60000","코스피200 F 202506","2105","202506","1","383.9"
"20250610","NDV","KR4101W60000","코스피200 F 202506","2107","202506","1","383.9"
"20250610","NDV","KR4101W60000","코스피200 F 202506","2108","202506","1","383.9"
"20250610","NDV","KR4101W60000","코스피200 F 202506","2109","202506","1","383.85"
"20250610","NDV","KR4101W60000","코스피200 F 202506","2110","202506","1","383.9"
"20250610","NDV","KR4101W60000","코스피200 F 202506","2111","202506","1","383.85"
"20250610","NDV","KR4101W60000","코스피200 F 202506","2112","202506","1","383.85"
"20250610","NDV","KR4101W60000","코스피200 F 202506","2113","202506","1","383.9"
"20250610","NDV","KR4101W60000","코스피200 F 202506","2115","202506","1","383.85"
"20250610","NDV","KR4101W60000","코스피200 F 202506","2116","202506","1","383.8"
"20250610","NDV","KR4101W60000","코스피200 F 202506","2117","202506","1","383.9"
"20250610","NDV","KR4101W60000","코스피200 F 202506","2118","202506","1","383.85"
"20250610","NDV","KR4101W60000","코스피200 F 202506","2119","202506","1","383.8"
"20250610","NDV","KR4101W60000","코스피200 F 202506","2120","202506","1","383.85"
"20250610","NDV","KR4101W60000","코스피200 F 202506","2121","202506","1","383.9"
"20250610","NDV","KR4101W60000","코스피200 F 202506","2122","202506","1","383.85"
"20250610","NDV","KR4101W60000","코스피200 F 202506","2123","202506","1","383.9"
"20250610","NDV","KR4101W60000","코스피200 F 202506","2124","202506","1","383.85"
"20250610","NDV","KR4101W60000","코스피200 F 202506","2125","202506","1","383.7"
"20250610","NDV","KR4101W60000","코스피200 F 202506","2126","202506","1","383.65"
"20250610","NDV","KR4101W60000","코스피200 F 202506","2127","202506","1","383.65"
"20250610","NDV","KR4101W60000","코스피200 F 202506","2128","202506","1","383.6"
"20250610","NDV","KR4101W60000","코스피200 F 202506","2129","202506","1","383.6"
"20250610","NDV","KR4101W60000","코스피200 F 202506","2130","202506","1","383.6"
"20250610","NDV","KR4101W60000","코스피200 F 202506","2131","202506","1","383.6"
"20250610","NDV","KR4101W60000","코스피200 F 202506","2132","202506","1","383.65"
"20250610","NDV","KR4101W60000","코스피200 F 202506","2133","202506","1","383.65"
"20250610","NDV","KR4101W60000","코스피200 F 202506","2134","202506","1","383.65"
"20250610","NDV","KR4101W60000","코스피200 F 202506","2135","202506","1","383.65"
"20250610","NDV","KR4101W60000","코스피200 F 202506","2136","202506","1","383.65"
"20250610","NDV","KR4101W60000","코스피200 F 202506","2137","202506","1","383.7"
"20250610","NDV","KR4101W60000","코스피200 F 202506","2138","202506","1","383.75"
"20250610","NDV","KR4101W60000","코스피200 F 202506","2139","202506","1","383.8"
"20250610","NDV","KR4101W60000","코스피200 F 202506","2140","202506","1","383.75"
"20250610","NDV","KR4101W60000","코스피200 F 202506","2141","202506","1","383.75"
"20250610","NDV","KR4101W60000","코스피200 F 202506","2142","202506","1","383.7"
"20250610","NDV","KR4101W60000","코스피200 F 202506","2143","202506","1","383.65"
"20250610","NDV","KR4101W60000","코스피200 F 202506","2144","202506","1","383.7"
"20250610","NDV","KR4101W60000","코스피200 F 202506","2145","202506","1","383.65"
"20250610","NDV","KR4101W60000","코스피200 F 202506","2146","202506","1","383.65"
"20250610","NDV","KR4101W60000","코스피200 F 202506","2147","202506","1","383.6"
"20250610","NDV","KR4101W60000","코스피200 F 202506","2148","202506","1","383.6"
"20250610","NDV","KR4101W60000","코스피200 F 202506","2149","202506","1","383.6"
"20250610","NDV","KR4101W60000","코스피200 F 202506","2150","202506","1","383.6"
"20250610","NDV","KR4101W60000","코스피200 F 202506","2151","202506","1","383.55"
"20250610","NDV","KR4101W60000","코스피200 F 202506","2152","202506","1","383.55"
"20250610","NDV","KR4101W60000","코스피200 F 202506","2153","202506","1","383.55"
"20250610","NDV","KR4101W60000","코스피200 F 202506","2154","202506","1","383.55"
"20250610","NDV","KR4101W60000","코스피200 F 202506","2155","202506","1","383.5"
"20250610","NDV","KR4101W60000","코스피200 F 202506","2156","202506","1","383.45"
"20250610","NDV","KR4101W60000","코스피200 F 202506","2158","202506","1","383.4"
"20250610","NDV","KR4101W60000","코스피200 F 202506","2159","202506","1","383.45"
"20250610","NDV","KR4101W60000","코스피200 F 202506","2200","202506","1","383.5"
"20250610","NDV","KR4101W60000","코스피200 F 202506","2202","202506","1","383.6"
"20250610","NDV","KR4101W60000","코스피200 F 202506","2203","202506","1","383.65"
"20250610","NDV","KR4101W60000","코스피200 F 202506","2204","202506","1","383.65"
"20250610","NDV","KR4101W60000","코스피200 F 202506","2205","202506","1","383.65"
"20250610","NDV","KR4101W60000","코스피200 F 202506","2206","202506","1","383.6"
"20250610","NDV","KR4101W60000","코스피200 F 202506","2207","202506","1","383.6"
"20250610","NDV","KR4101W60000","코스피200 F 202506","2208","202506","1","383.6"
"20250610","NDV","KR4101W60000","코스피200 F 202506","2209","202506","1","383.6"
"20250610","NDV","KR4101W60000","코스피200 F 202506","2210","202506","1","383.6"
"20250610","NDV","KR4101W60000","코스피200 F 202506","2211","202506","1","383.65"
"20250610","NDV","KR4101W60000","코스피200 F 202506","2212","202506","1","383.65"
"20250610","NDV","KR4101W60000","코스피200 F 202506","2213","202506","1","383.65"
"20250610","NDV","KR4101W60000","코스피200 F 202506","2214","202506","1","383.65"
"20250610","NDV","KR4101W60000","코스피200 F 202506","2215","202506","1","383.65"
"20250610","NDV","KR4101W60000","코스피200 F 202506","2216","202506","1","383.5"
"20250610","NDV","KR4101W60000","코스피200 F 202506","2217","202506","1","383.4"
"20250610","NDV","KR4101W60000","코스피200 F 202506","2218","202506","1","383.35"
"20250610","NDV","KR4101W60000","코스피200 F 202506","2219","202506","1","383.35"
"20250610","NDV","KR4101W60000","코스피200 F 202506","2220","202506","1","383.3"
"20250610","NDV","KR4101W60000","코스피200 F 202506","2221","202506","1","383.3"
"20250610","NDV","KR4101W60000","코스피200 F 202506","2222","202506","1","383.4"
"20250610","NDV","KR4101W60000","코스피200 F 202506","2223","202506","1","383.5"
"20250610","NDV","KR4101W60000","코스피200 F 202506","2224","202506","1","383.55"
"20250610","NDV","KR4101W60000","코스피200 F 202506","2225","202506","1","383.55"
"20250610","NDV","KR4101W60000","코스피200 F 202506","2226","202506","1","383.55"
"20250610","NDV","KR4101W60000","코스피200 F 202506","2227","202506","1","383.6"
"20250610","NDV","KR4101W60000","코스피200 F 202506","2228","202506","1","383.6"
"20250610","NDV","KR4101W60000","코스피200 F 202506","2229","202506","1","383.55"
"20250610","NDV","KR4101W60000","코스피200 F 202506","2230","202506","1","383.65"
"20250610","NDV","KR4101W60000","코스피200 F 202506","2231","202506","1","383.4"
"20250610","NDV","KR4101W60000","코스피200 F 202506","2232","202506","1","383.45"
"20250610","NDV","KR4101W60000","코스피200 F 202506","2233","202506","1","383.45"
"20250610","NDV","KR4101W60000","코스피200 F 202506","2234","202506","1","383.45"
"20250610","NDV","KR4101W60000","코스피200 F 202506","2235","202506","1","383.3"
"20250610","NDV","KR4101W60000","코스피200 F 202506","2236","202506","1","383.25"
"20250610","NDV","KR4101W60000","코스피200 F 202506","2237","202506","1","383.4"
"20250610","NDV","KR4101W60000","코스피200 F 202506","2238","202506","1","383.4"
"20250610","NDV","KR4101W60000","코스피200 F 202506","2239","202506","1","383.35"
"20250610","NDV","KR4101W60000","코스피200 F 202506","2240","202506","1","383.5"
"20250610","NDV","KR4101W60000","코스피200 F 202506","2241","202506","1","383.6"
"20250610","NDV","KR4101W60000","코스피200 F 202506","2242","202506","1","383.6"
"20250610","NDV","KR4101W60000","코스피200 F 202506","2243","202506","1","383.6"
"20250610","NDV","KR4101W60000","코스피200 F 202506","2244","202506","1","383.6"
"20250610","NDV","KR4101W60000","코스피200 F 202506","2245","202506","1","383.7"
"20250610","NDV","KR4101W60000","코스피200 F 202506","2246","202506","1","383.7"
"20250610","NDV","KR4101W60000","코스피200 F 202506","2247","202506","1","383.65"
"20250610","NDV","KR4101W60000","코스피200 F 202506","2248","202506","1","383.75"
"20250610","NDV","KR4101W60000","코스피200 F 202506","2249","202506","1","383.75"
"20250610","NDV","KR4101W60000","코스피200 F 202506","2250","202506","1","383.75"
"20250610","NDV","KR4101W60000","코스피200 F 202506","2251","202506","1","383.75"
"20250610","NDV","KR4101W60000","코스피200 F 202506","2252","202506","1","383.8"
"20250610","NDV","KR4101W60000","코스피200 F 202506","2253","202506","1","383.8"
"20250610","NDV","KR4101W60000","코스피200 F 202506","2254","202506","1","383.9"
"20250610","NDV","KR4101W60000","코스피200 F 202506","2255","202506","1","383.9"
"20250610","NDV","KR4101W60000","코스피200 F 202506","2256","202506","1","383.9"
"20250610","NDV","KR4101W60000","코스피200 F 202506","2257","202506","1","384.05"
"20250610","NDV","KR4101W60000","코스피200 F 202506","2258","202506","1","383.9"
"20250610","NDV","KR4101W60000","코스피200 F 202506","2259","202506","1","383.85"
"20250610","NDV","KR4101W60000","코스피200 F 202506","2300","202506","1","383.8"
"20250610","NDV","KR4101W60000","코스피200 F 202506","2302","202506","1","383.8"
"20250610","NDV","KR4101W60000","코스피200 F 202506","2303","202506","1","383.8"
"20250610","NDV","KR4101W60000","코스피200 F 202506","2304","202506","1","383.8"
"20250610","NDV","KR4101W60000","코스피200 F 202506","2305","202506","1","383.85"
"20250610","NDV","KR4101W60000","코스피200 F 202506","2306","202506","1","383.85"
"20250610","NDV","KR4101W60000","코스피200 F 202506","2308","202506","1","383.95"
"20250610","NDV","KR4101W60000","코스피200 F 202506","2309","202506","1","384"
"20250610","NDV","KR4101W60000","코스피200 F 202506","2310","202506","1","384.05"
"20250610","NDV","KR4101W60000","코스피200 F 202506","2311","202506","1","384.15"
"20250610","NDV","KR4101W60000","코스피200 F 202506","2312","202506","1","384.35"
"20250610","NDV","KR4101W60000","코스피200 F 202506","2313","202506","1","384.4"
"20250610","NDV","KR4101W60000","코스피200 F 202506","2314","202506","1","384.4"
"20250610","NDV","KR4101W60000","코스피200 F 202506","2315","202506","1","384.4"
"20250610","NDV","KR4101W60000","코스피200 F 202506","2316","202506","1","384.4"
"20250610","NDV","KR4101W60000","코스피200 F 202506","2317","202506","1","384.4"
"20250610","NDV","KR4101W60000","코스피200 F 202506","2318","202506","1","384.4"
"20250610","NDV","KR4101W60000","코스피200 F 202506","2319","202506","1","384.4"
"20250610","NDV","KR4101W60000","코스피200 F 202506","2320","202506","1","384.45"
"20250610","NDV","KR4101W60000","코스피200 F 202506","2321","202506","1","384.5"
"20250610","NDV","KR4101W60000","코스피200 F 202506","2322","202506","1","384.5"
"20250610","NDV","KR4101W60000","코스피200 F 202506","2323","202506","1","384.5"
"20250610","NDV","KR4101W60000","코스피200 F 202506","2324","202506","1","384.45"
"20250610","NDV","KR4101W60000","코스피200 F 202506","2325","202506","1","384.55"
"20250610","NDV","KR4101W60000","코스피200 F 202506","2326","202506","1","384.55"
"20250610","NDV","KR4101W60000","코스피200 F 202506","2327","202506","1","384.65"
"20250610","NDV","KR4101W60000","코스피200 F 202506","2328","202506","1","384.65"
"20250610","NDV","KR4101W60000","코스피200 F 202506","2329","202506","1","384.45"
"20250610","NDV","KR4101W60000","코스피200 F 202506","2330","202506","1","384.45"
"20250610","NDV","KR4101W60000","코스피200 F 202506","2331","202506","1","384.6"
"20250610","NDV","KR4101W60000","코스피200 F 202506","2332","202506","1","384.55"
"20250610","NDV","KR4101W60000","코스피200 F 202506","2333","202506","1","384.65"
"20250610","NDV","KR4101W60000","코스피200 F 202506","2334","202506","1","384.6"
"20250610","NDV","KR4101W60000","코스피200 F 202506","2335","202506","1","384.6"
"20250610","NDV","KR4101W60000","코스피200 F 202506","2336","202506","1","384.55"
"20250610","NDV","KR4101W60000","코스피200 F 202506","2337","202506","1","384.55"
"20250610","NDV","KR4101W60000","코스피200 F 202506","2338","202506","1","384.5"
"20250610","NDV","KR4101W60000","코스피200 F 202506","2339","202506","1","384.5"
"20250610","NDV","KR4101W60000","코스피200 F 202506","2340","202506","1","384.45"
"20250610","NDV","KR4101W60000","코스피200 F 202506","2341","202506","1","384.5"
"20250610","NDV","KR4101W60000","코스피200 F 202506","2342","202506","1","384.45"
"20250610","NDV","KR4101W60000","코스피200 F 202506","2343","202506","1","384.45"
"20250610","NDV","KR4101W60000","코스피200 F 202506","2344","202506","1","384.4"
"20250610","NDV","KR4101W60000","코스피200 F 202506","2345","202506","1","384.35"
"20250610","NDV","KR4101W60000","코스피200 F 202506","2346","202506","1","384.3"
"20250610","NDV","KR4101W60000","코스피200 F 202506","2347","202506","1","384.3"
"20250610","NDV","KR4101W60000","코스피200 F 202506","2348","202506","1","384.3"
"20250610","NDV","KR4101W60000","코스피200 F 202506","2349","202506","1","384.35"
"20250610","NDV","KR4101W60000","코스피200 F 202506","2350","202506","1","384.3"
"20250610","NDV","KR4101W60000","코스피200 F 202506","2351","202506","1","384.3"
"20250610","NDV","KR4101W60000","코스피200 F 202506","2352","202506","1","384.3"
"20250610","NDV","KR4101W60000","코스피200 F 202506","2353","202506","1","384.3"
"20250610","NDV","KR4101W60000","코스피200 F 202506","2354","202506","1","384.25"
"20250610","NDV","KR4101W60000","코스피200 F 202506","2355","202506","1","384.25"
"20250610","NDV","KR4101W60000","코스피200 F 202506","2356","202506","1","384.25"
"20250610","NDV","KR4101W60000","코스피200 F 202506","2357","202506","1","384.3"
"20250610","NDV","KR4101W60000","코스피200 F 202506","2359","202506","1","384.25"
"20250610","NDV","KR4101W60000","코스피200 F 202506","0000","202506","1","384.25"
"20250610","NDV","KR4101W60000","코스피200 F 202506","0001","202506","1","384.2"
"20250610","NDV","KR4101W60000","코스피200 F 202506","0002","202506","1","384.2"
"20250610","NDV","KR4101W60000","코스피200 F 202506","0003","202506","1","384.25"
"20250610","NDV","KR4101W60000","코스피200 F 202506","0004","202506","1","384.25"
"20250610","NDV","KR4101W60000","코스피200 F 202506","0005","202506","1","384.25"
"20250610","NDV","KR4101W60000","코스피200 F 202506","0006","202506","1","384.25"
"20250610","NDV","KR4101W60000","코스피200 F 202506","0007","202506","1","384.25"
"20250610","NDV","KR4101W60000","코스피200 F 202506","0008","202506","1","384.3"
"20250610","NDV","KR4101W60000","코스피200 F 202506","0009","202506","1","384.5"
"20250610","NDV","KR4101W60000","코스피200 F 202506","0010","202506","1","384.7"
"20250610","NDV","KR4101W60000","코스피200 F 202506","0011","202506","1","384.7"
"20250610","NDV","KR4101W60000","코스피200 F 202506","0012","202506","1","384.85"
"20250610","NDV","KR4101W60000","코스피200 F 202506","0013","202506","1","384.75"
"20250610","NDV","KR4101W60000","코스피200 F 202506","0014","202506","1","384.7"
"20250610","NDV","KR4101W60000","코스피200 F 202506","0015","202506","1","384.65"
"20250610","NDV","KR4101W60000","코스피200 F 202506","0016","202506","1","384.7"
"20250610","NDV","KR4101W60000","코스피200 F 202506","0017","202506","1","384.7"
"20250610","NDV","KR4101W60000","코스피200 F 202506","0018","202506","1","384.7"
"20250610","NDV","KR4101W60000","코스피200 F 202506","0019","202506","1","384.65"
"20250610","NDV","KR4101W60000","코스피200 F 202506","0020","202506","1","384.7"
"20250610","NDV","KR4101W60000","코스피200 F 202506","0021","202506","1","384.7"
"20250610","NDV","KR4101W60000","코스피200 F 202506","0022","202506","1","384.6"
"20250610","NDV","KR4101W60000","코스피200 F 202506","0023","202506","1","384.65"
"20250610","NDV","KR4101W60000","코스피200 F 202506","0024","202506","1","384.65"
"20250610","NDV","KR4101W60000","코스피200 F 202506","0025","202506","1","384.65"
"20250610","NDV","KR4101W60000","코스피200 F 202506","0026","202506","1","384.65"
"20250610","NDV","KR4101W60000","코스피200 F 202506","0027","202506","1","384.6"
"20250610","NDV","KR4101W60000","코스피200 F 202506","0028","202506","1","384.6"
"20250610","NDV","KR4101W60000","코스피200 F 202506","0029","202506","1","384.6"
"20250610","NDV","KR4101W60000","코스피200 F 202506","0030","202506","1","384.75"
"20250610","NDV","KR4101W60000","코스피200 F 202506","0031","202506","1","384.7"
"20250610","NDV","KR4101W60000","코스피200 F 202506","0032","202506","1","384.65"
"20250610","NDV","KR4101W60000","코스피200 F 202506","0033","202506","1","384.6"
"20250610","NDV","KR4101W60000","코스피200 F 202506","0034","202506","1","384.6"
"20250610","NDV","KR4101W60000","코스피200 F 202506","0035","202506","1","384.55"
"20250610","NDV","KR4101W60000","코스피200 F 202506","0036","202506","1","384.55"
"20250610","NDV","KR4101W60000","코스피200 F 202506","0037","202506","1","384.55"
"20250610","NDV","KR4101W60000","코스피200 F 202506","0038","202506","1","384.65"
"20250610","NDV","KR4101W60000","코스피200 F 202506","0039","202506","1","384.7"
"20250610","NDV","KR4101W60000","코스피200 F 202506","0040","202506","1","384.75"
"20250610","NDV","KR4101W60000","코스피200 F 202506","0041","202506","1","384.75"
"20250610","NDV","KR4101W60000","코스피200 F 202506","0042","202506","1","384.7"
"20250610","NDV","KR4101W60000","코스피200 F 202506","0044","202506","1","384.7"
"20250610","NDV","KR4101W60000","코스피200 F 202506","0045","202506","1","384.7"
"20250610","NDV","KR4101W60000","코스피200 F 202506","0046","202506","1","384.7"
"20250610","NDV","KR4101W60000","코스피200 F 202506","0047","202506","1","384.7"
"20250610","NDV","KR4101W60000","코스피200 F 202506","0048","202506","1","384.65"
"20250610","NDV","KR4101W60000","코스피200 F 202506","0049","202506","1","384.6"
"20250610","NDV","KR4101W60000","코스피200 F 202506","0050","202506","1","384.6"
"20250610","NDV","KR4101W60000","코스피200 F 202506","0051","202506","1","384.6"
"20250610","NDV","KR4101W60000","코스피200 F 202506","0052","202506","1","384.6"
"20250610","NDV","KR4101W60000","코스피200 F 202506","0053","202506","1","384.65"
"20250610","NDV","KR4101W60000","코스피200 F 202506","0054","202506","1","384.75"
"20250610","NDV","KR4101W60000","코스피200 F 202506","0055","202506","1","384.75"
"20250610","NDV","KR4101W60000","코스피200 F 202506","0056","202506","1","384.75"
"20250610","NDV","KR4101W60000","코스피200 F 202506","0057","202506","1","384.7"
"20250610","NDV","KR4101W60000","코스피200 F 202506","0058","202506","1","384.75"
"20250610","NDV","KR4101W60000","코스피200 F 202506","0100","202506","1","384.7"
"20250610","NDV","KR4101W60000","코스피200 F 202506","0101","202506","1","384.7"
"20250610","NDV","KR4101W60000","코스피200 F 202506","0103","202506","1","384.7"
"20250610","NDV","KR4101W60000","코스피200 F 202506","0104","202506","1","384.65"
"20250610","NDV","KR4101W60000","코스피200 F 202506","0105","202506","1","384.7"
"20250610","NDV","KR4101W60000","코스피200 F 202506","0106","202506","1","384.65"
"20250610","NDV","KR4101W60000","코스피200 F 202506","0109","202506","1","384.5"
"20250610","NDV","KR4101W60000","코스피200 F 202506","0110","202506","1","384.4"
"20250610","NDV","KR4101W60000","코스피200 F 202506","0112","202506","1","384.45"
"20250610","NDV","KR4101W60000","코스피200 F 202506","0113","202506","1","384.45"
"20250610","NDV","KR4101W60000","코스피200 F 202506","0114","202506","1","384.45"
"20250610","NDV","KR4101W60000","코스피200 F 202506","0115","202506","1","384.5"
"20250610","NDV","KR4101W60000","코스피200 F 202506","0117","202506","1","384.5"
"20250610","NDV","KR4101W60000","코스피200 F 202506","0118","202506","1","384.5"
"20250610","NDV","KR4101W60000","코스피200 F 202506","0119","202506","1","384.45"
"20250610","NDV","KR4101W60000","코스피200 F 202506","0120","202506","1","384.5"
"20250610","NDV","KR4101W60000","코스피200 F 202506","0121","202506","1","384.5"
"20250610","NDV","KR4101W60000","코스피200 F 202506","0122","202506","1","384.5"
"20250610","NDV","KR4101W60000","코스피200 F 202506","0123","202506","1","384.5"
"20250610","NDV","KR4101W60000","코스피200 F 202506","0128","202506","1","384.5"
"20250610","NDV","KR4101W60000","코스피200 F 202506","0130","202506","1","384.45"
"20250610","NDV","KR4101W60000","코스피200 F 202506","0131","202506","1","384.45"
"20250610","NDV","KR4101W60000","코스피200 F 202506","0133","202506","1","384.5"
"20250610","NDV","KR4101W60000","코스피200 F 202506","0134","202506","1","384.55"
"20250610","NDV","KR4101W60000","코스피200 F 202506","0136","202506","1","384.5"
"20250610","NDV","KR4101W60000","코스피200 F 202506","0137","202506","1","384.45"
"20250610","NDV","KR4101W60000","코스피200 F 202506","0138","202506","1","384.45"
"20250610","NDV","KR4101W60000","코스피200 F 202506","0139","202506","1","384.5"
"20250610","NDV","KR4101W60000","코스피200 F 202506","0140","202506","1","384.5"
"20250610","NDV","KR4101W60000","코스피200 F 202506","0141","202506","1","384.55"
"20250610","NDV","KR4101W60000","코스피200 F 202506","0142","202506","1","384.6"
"20250610","NDV","KR4101W60000","코스피200 F 202506","0143","202506","1","384.6"
"20250610","NDV","KR4101W60000","코스피200 F 202506","0144","202506","1","384.6"
"20250610","NDV","KR4101W60000","코스피200 F 202506","0145","202506","1","384.6"
"20250610","NDV","KR4101W60000","코스피200 F 202506","0146","202506","1","384.7"
"20250610","NDV","KR4101W60000","코스피200 F 202506","0147","202506","1","384.7"
"20250610","NDV","KR4101W60000","코스피200 F 202506","0148","202506","1","384.65"
"20250610","NDV","KR4101W60000","코스피200 F 202506","0150","202506","1","384.7"
"20250610","NDV","KR4101W60000","코스피200 F 202506","0151","202506","1","385"
"20250610","NDV","KR4101W60000","코스피200 F 202506","0152","202506","1","384.95"
"20250610","NDV","KR4101W60000","코스피200 F 202506","0153","202506","1","384.95"
"20250610","NDV","KR4101W60000","코스피200 F 202506","0154","202506","1","385"
"20250610","NDV","KR4101W60000","코스피200 F 202506","0155","202506","1","384.95"
"20250610","NDV","KR4101W60000","코스피200 F 202506","0156","202506","1","384.95"
"20250610","NDV","KR4101W60000","코스피200 F 202506","0157","202506","1","384.9"
"20250610","NDV","KR4101W60000","코스피200 F 202506","0159","202506","1","384.9"
"20250610","NDV","KR4101W60000","코스피200 F 202506","0201","202506","1","384.9"
"20250610","NDV","KR4101W60000","코스피200 F 202506","0202","202506","1","384.9"
"20250610","NDV","KR4101W60000","코스피200 F 202506","0205","202506","1","384.9"
"20250610","NDV","KR4101W60000","코스피200 F 202506","0206","202506","1","384.9"
"20250610","NDV","KR4101W60000","코스피200 F 202506","0207","202506","1","384.9"
"20250610","NDV","KR4101W60000","코스피200 F 202506","0208","202506","1","384.9"
"20250610","NDV","KR4101W60000","코스피200 F 202506","0211","202506","1","384.9"
"20250610","NDV","KR4101W60000","코스피200 F 202506","0212","202506","1","384.95"
"20250610","NDV","KR4101W60000","코스피200 F 202506","0213","202506","1","384.95"
"20250610","NDV","KR4101W60000","코스피200 F 202506","0214","202506","1","384.95"
"20250610","NDV","KR4101W60000","코스피200 F 202506","0217","202506","1","384.85"
"20250610","NDV","KR4101W60000","코스피200 F 202506","0218","202506","1","384.8"
"20250610","NDV","KR4101W60000","코스피200 F 202506","0219","202506","1","384.75"
"20250610","NDV","KR4101W60000","코스피200 F 202506","0220","202506","1","384.75"
"20250610","NDV","KR4101W60000","코스피200 F 202506","0221","202506","1","384.75"
"20250610","NDV","KR4101W60000","코스피200 F 202506","0222","202506","1","384.75"
"20250610","NDV","KR4101W60000","코스피200 F 202506","0224","202506","1","384.75"
"20250610","NDV","KR4101W60000","코스피200 F 202506","0225","202506","1","384.75"
"20250610","NDV","KR4101W60000","코스피200 F 202506","0226","202506","1","384.95"
"20250610","NDV","KR4101W60000","코스피200 F 202506","0227","202506","1","384.95"
"20250610","NDV","KR4101W60000","코스피200 F 202506","0228","202506","1","384.95"
"20250610","NDV","KR4101W60000","코스피200 F 202506","0229","202506","1","384.95"
"20250610","NDV","KR4101W60000","코스피200 F 202506","0231","202506","1","384.95"
"20250610","NDV","KR4101W60000","코스피200 F 202506","0232","202506","1","384.95"
"20250610","NDV","KR4101W60000","코스피200 F 202506","0236","202506","1","384.95"
"20250610","NDV","KR4101W60000","코스피200 F 202506","0237","202506","1","384.95"
"20250610","NDV","KR4101W60000","코스피200 F 202506","0239","202506","1","384.95"
"20250610","NDV","KR4101W60000","코스피200 F 202506","0240","202506","1","384.95"
"20250610","NDV","KR4101W60000","코스피200 F 202506","0241","202506","1","384.95"
"20250610","NDV","KR4101W60000","코스피200 F 202506","0242","202506","1","384.95"
"20250610","NDV","KR4101W60000","코스피200 F 202506","0244","202506","1","384.95"
"20250610","NDV","KR4101W60000","코스피200 F 202506","0245","202506","1","384.95"
"20250610","NDV","KR4101W60000","코스피200 F 202506","0246","202506","1","384.95"
"20250610","NDV","KR4101W60000","코스피200 F 202506","0247","202506","1","385"
"20250610","NDV","KR4101W60000","코스피200 F 202506","0249","202506","1","385.1"
"20250610","NDV","KR4101W60000","코스피200 F 202506","0250","202506","1","385.15"
"20250610","NDV","KR4101W60000","코스피200 F 202506","0251","202506","1","385.15"
"20250610","NDV","KR4101W60000","코스피200 F 202506","0252","202506","1","385.15"
"20250610","NDV","KR4101W60000","코스피200 F 202506","0253","202506","1","385.2"
"20250610","NDV","KR4101W60000","코스피200 F 202506","0254","202506","1","385.15"
"20250610","NDV","KR4101W60000","코스피200 F 202506","0255","202506","1","385.1"
"20250610","NDV","KR4101W60000","코스피200 F 202506","0257","202506","1","385.15"
"20250610","NDV","KR4101W60000","코스피200 F 202506","0258","202506","1","385.15"
"20250610","NDV","KR4101W60000","코스피200 F 202506","0300","202506","1","385.2"
"20250610","NDV","KR4101W60000","코스피200 F 202506","0301","202506","1","385.2"
"20250610","NDV","KR4101W60000","코스피200 F 202506","0303","202506","1","385.2"
"20250610","NDV","KR4101W60000","코스피200 F 202506","0304","202506","1","385.1"
"20250610","NDV","KR4101W60000","코스피200 F 202506","0305","202506","1","385.1"
"20250610","NDV","KR4101W60000","코스피200 F 202506","0306","202506","1","385.05"
"20250610","NDV","KR4101W60000","코스피200 F 202506","0308","202506","1","385.05"
"20250610","NDV","KR4101W60000","코스피200 F 202506","0309","202506","1","385.05"
"20250610","NDV","KR4101W60000","코스피200 F 202506","0310","202506","1","385.1"
"20250610","NDV","KR4101W60000","코스피200 F 202506","0311","202506","1","385.05"
"20250610","NDV","KR4101W60000","코스피200 F 202506","0312","202506","1","385.05"
"20250610","NDV","KR4101W60000","코스피200 F 202506","0313","202506","1","385.05"
"20250610","NDV","KR4101W60000","코스피200 F 202506","0314","202506","1","385.1"
"20250610","NDV","KR4101W60000","코스피200 F 202506","0315","202506","1","385.1"
"20250610","NDV","KR4101W60000","코스피200 F 202506","0316","202506","1","385.05"
"20250610","NDV","KR4101W60000","코스피200 F 202506","0317","202506","1","385.05"
"20250610","NDV","KR4101W60000","코스피200 F 202506","0318","202506","1","385.1"
"20250610","NDV","KR4101W60000","코스피200 F 202506","0321","202506","1","385.05"
"20250610","NDV","KR4101W60000","코스피200 F 202506","0322","202506","1","385.05"
"20250610","NDV","KR4101W60000","코스피200 F 202506","0323","202506","1","385.05"
"20250610","NDV","KR4101W60000","코스피200 F 202506","0324","202506","1","385.1"
"20250610","NDV","KR4101W60000","코스피200 F 202506","0332","202506","1","385.1"
"20250610","NDV","KR4101W60000","코스피200 F 202506","0337","202506","1","385.1"
"20250610","NDV","KR4101W60000","코스피200 F 202506","0338","202506","1","385.05"
"20250610","NDV","KR4101W60000","코스피200 F 202506","0339","202506","1","385"
"20250610","NDV","KR4101W60000","코스피200 F 202506","0341","202506","1","385"
"20250610","NDV","KR4101W60000","코스피200 F 202506","0343","202506","1","385"
"20250610","NDV","KR4101W60000","코스피200 F 202506","0344","202506","1","385"
"20250610","NDV","KR4101W60000","코스피200 F 202506","0345","202506","1","385"
"20250610","NDV","KR4101W60000","코스피200 F 202506","0346","202506","1","385"
"20250610","NDV","KR4101W60000","코스피200 F 202506","0348","202506","1","385.05"
"20250610","NDV","KR4101W60000","코스피200 F 202506","0349","202506","1","385.05"
"20250610","NDV","KR4101W60000","코스피200 F 202506","0353","202506","1","385.05"
"20250610","NDV","KR4101W60000","코스피200 F 202506","0354","202506","1","385.05"
"20250610","NDV","KR4101W60000","코스피200 F 202506","0356","202506","1","385.05"
"20250610","NDV","KR4101W60000","코스피200 F 202506","0357","202506","1","385.1"
"20250610","NDV","KR4101W60000","코스피200 F 202506","0358","202506","1","385.1"
"20250610","NDV","KR4101W60000","코스피200 F 202506","0359","202506","1","385.1"
"20250610","NDV","KR4101W60000","코스피200 F 202506","0407","202506","1","385.1"
"20250610","NDV","KR4101W60000","코스피200 F 202506","0408","202506","1","385.15"
"20250610","NDV","KR4101W60000","코스피200 F 202506","0417","202506","1","385.05"
"20250610","NDV","KR4101W60000","코스피200 F 202506","0418","202506","1","385.05"
"20250610","NDV","KR4101W60000","코스피200 F 202506","0419","202506","1","385.05"
"20250610","NDV","KR4101W60000","코스피200 F 202506","0421","202506","1","385.05"
"20250610","NDV","KR4101W60000","코스피200 F 202506","0423","202506","1","385"
"20250610","NDV","KR4101W60000","코스피200 F 202506","0424","202506","1","385.05"
"20250610","NDV","KR4101W60000","코스피200 F 202506","0426","202506","1","385.05"
"20250610","NDV","KR4101W60000","코스피200 F 202506","0427","202506","1","385.05"
"20250610","NDV","KR4101W60000","코스피200 F 202506","0429","202506","1","385"
"20250610","NDV","KR4101W60000","코스피200 F 202506","0430","202506","1","384.9"
"20250610","NDV","KR4101W60000","코스피200 F 202506","0431","202506","1","384.9"
"20250610","NDV","KR4101W60000","코스피200 F 202506","0433","202506","1","384.9"
"20250610","NDV","KR4101W60000","코스피200 F 202506","0434","202506","1","384.9"
"20250610","NDV","KR4101W60000","코스피200 F 202506","0435","202506","1","384.9"
"20250610","NDV","KR4101W60000","코스피200 F 202506","0436","202506","1","385"
"20250610","NDV","KR4101W60000","코스피200 F 202506","0437","202506","1","384.85"
"20250610","NDV","KR4101W60000","코스피200 F 202506","0438","202506","1","384.85"
"20250610","NDV","KR4101W60000","코스피200 F 202506","0439","202506","1","384.85"
"20250610","NDV","KR4101W60000","코스피200 F 202506","0440","202506","1","384.85"
"20250610","NDV","KR4101W60000","코스피200 F 202506","0441","202506","1","384.85"
"20250610","NDV","KR4101W60000","코스피200 F 202506","0442","202506","1","384.85"
"20250610","NDV","KR4101W60000","코스피200 F 202506","0443","202506","1","384.85"
"20250610","NDV","KR4101W60000","코스피200 F 202506","0444","202506","1","384.8"
"20250610","NDV","KR4101W60000","코스피200 F 202506","0445","202506","1","384.65"
"20250610","NDV","KR4101W60000","코스피200 F 202506","0446","202506","1","384.55"
"20250610","NDV","KR4101W60000","코스피200 F 202506","0447","202506","1","384.35"
"20250610","NDV","KR4101W60000","코스피200 F 202506","0448","202506","1","384.3"
"20250610","NDV","KR4101W60000","코스피200 F 202506","0449","202506","1","384.3"
"20250610","NDV","KR4101W60000","코스피200 F 202506","0450","202506","1","384.35"
"20250610","NDV","KR4101W60000","코스피200 F 202506","0451","202506","1","384.4"
"20250610","NDV","KR4101W60000","코스피200 F 202506","0452","202506","1","384.4"
"20250610","NDV","KR4101W60000","코스피200 F 202506","0453","202506","1","384.45"
"20250610","NDV","KR4101W60000","코스피200 F 202506","0454","202506","1","384.2"
"20250610","NDV","KR4101W60000","코스피200 F 202506","0455","202506","1","384.2"
"20250610","NDV","KR4101W60000","코스피200 F 202506","0456","202506","1","384.2"
"20250610","NDV","KR4101W60000","코스피200 F 202506","0457","202506","1","384.15"
"20250610","NDV","KR4101W60000","코스피200 F 202506","0458","202506","1","384.15"
"20250610","NDV","KR4101W60000","코스피200 F 202506","0459","202506","1","384.15"
"20250610","NDV","KR4101W60000","코스피200 F 202506","0500","202506","1","384.15"
"20250610","NDV","KR4101W60000","코스피200 F 202506","0501","202506","1","384.1"
"20250610","NDV","KR4101W60000","코스피200 F 202506","0504","202506","1","384.1"
"20250610","NDV","KR4101W60000","코스피200 F 202506","0505","202506","1","384.25"
"20250610","NDV","KR4101W60000","코스피200 F 202506","0508","202506","1","384.2"
"20250610","NDV","KR4101W60000","코스피200 F 202506","0509","202506","1","384.2"
"20250610","NDV","KR4101W60000","코스피200 F 202506","0510","202506","1","384.2"
"20250610","NDV","KR4101W60000","코스피200 F 202506","0513","202506","1","384.3"
"20250610","NDV","KR4101W60000","코스피200 F 202506","0514","202506","1","384.4"
"20250610","NDV","KR4101W60000","코스피200 F 202506","0516","202506","1","384.4"
"20250610","NDV","KR4101W60000","코스피200 F 202506","0517","202506","1","384.45"
"20250610","NDV","KR4101W60000","코스피200 F 202506","0519","202506","1","384.45"
"20250610","NDV","KR4101W60000","코스피200 F 202506","0521","202506","1","384.45"
"20250610","NDV","KR4101W60000","코스피200 F 202506","0526","202506","1","384.45"
"20250610","NDV","KR4101W60000","코스피200 F 202506","0527","202506","1","384.5"
"20250610","NDV","KR4101W60000","코스피200 F 202506","0530","202506","1","384.5"
"20250610","NDV","KR4101W60000","코스피200 F 202506","0537","202506","1","384.5"
"20250610","NDV","KR4101W60000","코스피200 F 202506","0539","202506","1","384.45"
"20250610","NDV","KR4101W60000","코스피200 F 202506","0546","202506","1","384.45"
"20250610","NDV","KR4101W60000","코스피200 F 202506","0547","202506","1","384.5"
"20250610","NDV","KR4101W60000","코스피200 F 202506","0549","202506","1","384.55"
"20250610","NDV","KR4101W60000","코스피200 F 202506","0600","202506","1","384.7"
"20250610","NDV","KR4101W90007","코스피200 F 202509","1802","202509","2","384"
"20250610","NDV","KR4101W90007","코스피200 F 202509","1804","202509","2","384.1"
"20250610","NDV","KR4101W90007","코스피200 F 202509","1807","202509","2","384.25"
"20250610","NDV","KR4101W90007","코스피200 F 202509","1808","202509","2","384.25"
"20250610","NDV","KR4101W90007","코스피200 F 202509","1809","202509","2","384.25"
"20250610","NDV","KR4101W90007","코스피200 F 202509","1810","202509","2","384.25"
"20250610","NDV","KR4101W90007","코스피200 F 202509","1811","202509","2","384.25"
"20250610","NDV","KR4101W90007","코스피200 F 202509","1812","202509","2","384.3"
"20250610","NDV","KR4101W90007","코스피200 F 202509","1814","202509","2","384.3"
"20250610","NDV","KR4101W90007","코스피200 F 202509","1816","202509","2","384.35"
"20250610","NDV","KR4101W90007","코스피200 F 202509","1818","202509","2","384.4"
"20250610","NDV","KR4101W90007","코스피200 F 202509","1819","202509","2","384.4"
"20250610","NDV","KR4101W90007","코스피200 F 202509","1820","202509","2","384.4"
"20250610","NDV","KR4101W90007","코스피200 F 202509","1822","202509","2","384.4"
"20250610","NDV","KR4101W90007","코스피200 F 202509","1823","202509","2","384.4"
"20250610","NDV","KR4101W90007","코스피200 F 202509","1824","202509","2","384.35"
"20250610","NDV","KR4101W90007","코스피200 F 202509","1826","202509","2","384.35"
"20250610","NDV","KR4101W90007","코스피200 F 202509","1828","202509","2","384.35"
"20250610","NDV","KR4101W90007","코스피200 F 202509","1831","202509","2","384.25"
"20250610","NDV","KR4101W90007","코스피200 F 202509","1832","202509","2","384.25"
"20250610","NDV","KR4101W90007","코스피200 F 202509","1834","202509","2","384.3"
"20250610","NDV","KR4101W90007","코스피200 F 202509","1837","202509","2","384.5"
"20250610","NDV","KR4101W90007","코스피200 F 202509","1838","202509","2","384.5"
"20250610","NDV","KR4101W90007","코스피200 F 202509","1839","202509","2","384.45"
"20250610","NDV","KR4101W90007","코스피200 F 202509","1840","202509","2","384.5"
"20250610","NDV","KR4101W90007","코스피200 F 202509","1841","202509","2","384.5"
"20250610","NDV","KR4101W90007","코스피200 F 202509","1842","202509","2","384.5"
"20250610","NDV","KR4101W90007","코스피200 F 202509","1843","202509","2","384.5"
"20250610","NDV","KR4101W90007","코스피200 F 202509","1844","202509","2","384.45"
"20250610","NDV","KR4101W90007","코스피200 F 202509","1845","202509","2","384.5"
"20250610","NDV","KR4101W90007","코스피200 F 202509","1846","202509","2","384.45"
"20250610","NDV","KR4101W90007","코스피200 F 202509","1847","202509","2","384.4"
"20250610","NDV","KR4101W90007","코스피200 F 202509","1848","202509","2","384.4"
"20250610","NDV","KR4101W90007","코스피200 F 202509","1849","202509","2","384.4"
"20250610","NDV","KR4101W90007","코스피200 F 202509","1854","202509","2","384.5"
"20250610","NDV","KR4101W90007","코스피200 F 202509","1855","202509","2","384.5"
"20250610","NDV","KR4101W90007","코스피200 F 202509","1856","202509","2","384.5"
"20250610","NDV","KR4101W90007","코스피200 F 202509","1857","202509","2","384.5"
"20250610","NDV","KR4101W90007","코스피200 F 202509","1858","202509","2","384.5"
"20250610","NDV","KR4101W90007","코스피200 F 202509","1859","202509","2","384.5"
"20250610","NDV","KR4101W90007","코스피200 F 202509","1901","202509","2","384.25"
"20250610","NDV","KR4101W90007","코스피200 F 202509","1909","202509","2","384.2"
"20250610","NDV","KR4101W90007","코스피200 F 202509","1911","202509","2","384.1"
"20250610","NDV","KR4101W90007","코스피200 F 202509","1913","202509","2","384.05"
"20250610","NDV","KR4101W90007","코스피200 F 202509","1914","202509","2","384"
"20250610","NDV","KR4101W90007","코스피200 F 202509","1922","202509","2","384.1"
"20250610","NDV","KR4101W90007","코스피200 F 202509","1932","202509","2","384.2"
"20250610","NDV","KR4101W90007","코스피200 F 202509","1935","202509","2","384.2"
"20250610","NDV","KR4101W90007","코스피200 F 202509","1937","202509","2","384.25"
"20250610","NDV","KR4101W90007","코스피200 F 202509","1941","202509","2","384.3"
"20250610","NDV","KR4101W90007","코스피200 F 202509","1944","202509","2","384.25"
"20250610","NDV","KR4101W90007","코스피200 F 202509","1946","202509","2","384.25"
"20250610","NDV","KR4101W90007","코스피200 F 202509","1947","202509","2","384.25"
"20250610","NDV","KR4101W90007","코스피200 F 202509","1948","202509","2","384.2"
"20250610","NDV","KR4101W90007","코스피200 F 202509","1949","202509","2","384.25"
"20250610","NDV","KR4101W90007","코스피200 F 202509","1951","202509","2","384.25"
"20250610","NDV","KR4101W90007","코스피200 F 202509","1952","202509","2","384.25"
"20250610","NDV","KR4101W90007","코스피200 F 202509","1953","202509","2","384.25"
"20250610","NDV","KR4101W90007","코스피200 F 202509","1954","202509","2","384.3"
"20250610","NDV","KR4101W90007","코스피200 F 202509","1955","202509","2","384.35"
"20250610","NDV","KR4101W90007","코스피200 F 202509","1956","202509","2","384.3"
"20250610","NDV","KR4101W90007","코스피200 F 202509","1957","202509","2","384.3"
"20250610","NDV","KR4101W90007","코스피200 F 202509","1958","202509","2","384.35"
"20250610","NDV","KR4101W90007","코스피200 F 202509","1959","202509","2","384.35"
"20250610","NDV","KR4101W90007","코스피200 F 202509","2000","202509","2","384.35"
"20250610","NDV","KR4101W90007","코스피200 F 202509","2001","202509","2","384.35"
"20250610","NDV","KR4101W90007","코스피200 F 202509","2002","202509","2","384.45"
"20250610","NDV","KR4101W90007","코스피200 F 202509","2003","202509","2","384.45"
"20250610","NDV","KR4101W90007","코스피200 F 202509","2004","202509","2","384.45"
"20250610","NDV","KR4101W90007","코스피200 F 202509","2005","202509","2","384.45"
"20250610","NDV","KR4101W90007","코스피200 F 202509","2006","202509","2","384.4"
"20250610","NDV","KR4101W90007","코스피200 F 202509","2007","202509","2","384.5"
"20250610","NDV","KR4101W90007","코스피200 F 202509","2009","202509","2","384.55"
"20250610","NDV","KR4101W90007","코스피200 F 202509","2010","202509","2","384.7"
"20250610","NDV","KR4101W90007","코스피200 F 202509","2011","202509","2","384.7"
"20250610","NDV","KR4101W90007","코스피200 F 202509","2012","202509","2","384.85"
"20250610","NDV","KR4101W90007","코스피200 F 202509","2013","202509","2","384.65"
"20250610","NDV","KR4101W90007","코스피200 F 202509","2014","202509","2","384.65"
"20250610","NDV","KR4101W90007","코스피200 F 202509","2032","202509","2","384.75"
"20250610","NDV","KR4101W90007","코스피200 F 202509","2033","202509","2","384.75"
"20250610","NDV","KR4101W90007","코스피200 F 202509","2034","202509","2","384.75"
"20250610","NDV","KR4101W90007","코스피200 F 202509","2038","202509","2","384.8"
"20250610","NDV","KR4101W90007","코스피200 F 202509","2039","202509","2","385"
"20250610","NDV","KR4101W90007","코스피200 F 202509","2040","202509","2","385"
"20250610","NDV","KR4101W90007","코스피200 F 202509","2043","202509","2","384.85"
"20250610","NDV","KR4101W90007","코스피200 F 202509","2044","202509","2","384.8"
"20250610","NDV","KR4101W90007","코스피200 F 202509","2055","202509","2","384.8"
"20250610","NDV","KR4101W90007","코스피200 F 202509","2108","202509","2","384.75"
"20250610","NDV","KR4101W90007","코스피200 F 202509","2119","202509","2","384.7"
"20250610","NDV","KR4101W90007","코스피200 F 202509","2120","202509","2","384.7"
"20250610","NDV","KR4101W90007","코스피200 F 202509","2124","202509","2","384.65"
"20250610","NDV","KR4101W90007","코스피200 F 202509","2125","202509","2","384.55"
"20250610","NDV","KR4101W90007","코스피200 F 202509","2127","202509","2","384.55"
"20250610","NDV","KR4101W90007","코스피200 F 202509","2131","202509","2","384.5"
"20250610","NDV","KR4101W90007","코스피200 F 202509","2142","202509","2","384.6"
"20250610","NDV","KR4101W90007","코스피200 F 202509","2144","202509","2","384.6"
"20250610","NDV","KR4101W90007","코스피200 F 202509","2151","202509","2","384.5"
"20250610","NDV","KR4101W90007","코스피200 F 202509","2154","202509","2","384.35"
"20250610","NDV","KR4101W90007","코스피200 F 202509","2155","202509","2","384.45"
"20250610","NDV","KR4101W90007","코스피200 F 202509","2156","202509","2","384.45"
"20250610","NDV","KR4101W90007","코스피200 F 202509","2159","202509","2","384.4"
"20250610","NDV","KR4101W90007","코스피200 F 202509","2200","202509","2","384.4"
"20250610","NDV","KR4101W90007","코스피200 F 202509","2201","202509","2","384.5"
"20250610","NDV","KR4101W90007","코스피200 F 202509","2202","202509","2","384.5"
"20250610","NDV","KR4101W90007","코스피200 F 202509","2203","202509","2","384.6"
"20250610","NDV","KR4101W90007","코스피200 F 202509","2204","202509","2","384.6"
"20250610","NDV","KR4101W90007","코스피200 F 202509","2205","202509","2","384.5"
"20250610","NDV","KR4101W90007","코스피200 F 202509","2206","202509","2","384.55"
"20250610","NDV","KR4101W90007","코스피200 F 202509","2207","202509","2","384.5"
"20250610","NDV","KR4101W90007","코스피200 F 202509","2208","202509","2","384.6"
"20250610","NDV","KR4101W90007","코스피200 F 202509","2209","202509","2","384.6"
"20250610","NDV","KR4101W90007","코스피200 F 202509","2210","202509","2","384.6"
"20250610","NDV","KR4101W90007","코스피200 F 202509","2211","202509","2","384.6"
"20250610","NDV","KR4101W90007","코스피200 F 202509","2212","202509","2","384.5"
"20250610","NDV","KR4101W90007","코스피200 F 202509","2214","202509","2","384.6"
"20250610","NDV","KR4101W90007","코스피200 F 202509","2215","202509","2","384.6"
"20250610","NDV","KR4101W90007","코스피200 F 202509","2216","202509","2","384.45"
"20250610","NDV","KR4101W90007","코스피200 F 202509","2217","202509","2","384.4"
"20250610","NDV","KR4101W90007","코스피200 F 202509","2218","202509","2","384.3"
"20250610","NDV","KR4101W90007","코스피200 F 202509","2219","202509","2","384.3"
"20250610","NDV","KR4101W90007","코스피200 F 202509","2220","202509","2","384.2"
"20250610","NDV","KR4101W90007","코스피200 F 202509","2226","202509","2","384.45"
"20250610","NDV","KR4101W90007","코스피200 F 202509","2227","202509","2","384.55"
"20250610","NDV","KR4101W90007","코스피200 F 202509","2228","202509","2","384.55"
"20250610","NDV","KR4101W90007","코스피200 F 202509","2229","202509","2","384.5"
"20250610","NDV","KR4101W90007","코스피200 F 202509","2230","202509","2","384.7"
"20250610","NDV","KR4101W90007","코스피200 F 202509","2231","202509","2","384.3"
"20250610","NDV","KR4101W90007","코스피200 F 202509","2232","202509","2","384.3"
"20250610","NDV","KR4101W90007","코스피200 F 202509","2236","202509","2","384.2"
"20250610","NDV","KR4101W90007","코스피200 F 202509","2237","202509","2","384.2"
"20250610","NDV","KR4101W90007","코스피200 F 202509","2238","202509","2","384.2"
"20250610","NDV","KR4101W90007","코스피200 F 202509","2239","202509","2","384.3"
"20250610","NDV","KR4101W90007","코스피200 F 202509","2240","202509","2","384.35"
"20250610","NDV","KR4101W90007","코스피200 F 202509","2241","202509","2","384.4"
"20250610","NDV","KR4101W90007","코스피200 F 202509","2242","202509","2","384.55"
"20250610","NDV","KR4101W90007","코스피200 F 202509","2243","202509","2","384.5"
"20250610","NDV","KR4101W90007","코스피200 F 202509","2244","202509","2","384.5"
"20250610","NDV","KR4101W90007","코스피200 F 202509","2245","202509","2","384.55"
"20250610","NDV","KR4101W90007","코스피200 F 202509","2246","202509","2","384.65"
"20250610","NDV","KR4101W90007","코스피200 F 202509","2247","202509","2","384.65"
"20250610","NDV","KR4101W90007","코스피200 F 202509","2248","202509","2","384.6"
"20250610","NDV","KR4101W90007","코스피200 F 202509","2249","202509","2","384.65"
"20250610","NDV","KR4101W90007","코스피200 F 202509","2250","202509","2","384.7"
"20250610","NDV","KR4101W90007","코스피200 F 202509","2251","202509","2","384.7"
"20250610","NDV","KR4101W90007","코스피200 F 202509","2254","202509","2","384.7"
"20250610","NDV","KR4101W90007","코스피200 F 202509","2257","202509","2","384.9"
"20250610","NDV","KR4101W90007","코스피200 F 202509","2258","202509","2","384.8"
"20250610","NDV","KR4101W90007","코스피200 F 202509","2304","202509","2","384.7"
"20250610","NDV","KR4101W90007","코스피200 F 202509","2308","202509","2","384.7"
"20250610","NDV","KR4101W90007","코스피200 F 202509","2309","202509","2","384.8"
"20250610","NDV","KR4101W90007","코스피200 F 202509","2312","202509","2","385"
"20250610","NDV","KR4101W90007","코스피200 F 202509","2327","202509","2","385.45"
"20250610","NDV","KR4101W90007","코스피200 F 202509","2328","202509","2","385.5"
"20250610","NDV","KR4101W90007","코스피200 F 202509","2329","202509","2","385.5"
"20250610","NDV","KR4101W90007","코스피200 F 202509","2330","202509","2","385.4"
"20250610","NDV","KR4101W90007","코스피200 F 202509","2333","202509","2","385.4"
"20250610","NDV","KR4101W90007","코스피200 F 202509","2342","202509","2","385.3"
"20250610","NDV","KR4101W90007","코스피200 F 202509","2343","202509","2","385.3"
"20250610","NDV","KR4101W90007","코스피200 F 202509","2344","202509","2","385.25"
"20250610","NDV","KR4101W90007","코스피200 F 202509","2348","202509","2","385.15"
"20250610","NDV","KR4101W90007","코스피200 F 202509","2353","202509","2","385.1"
"20250610","NDV","KR4101W90007","코스피200 F 202509","2354","202509","2","385.05"
"20250610","NDV","KR4101W90007","코스피200 F 202509","2355","202509","2","385.1"
"20250610","NDV","KR4101W90007","코스피200 F 202509","0001","202509","2","385.05"
"20250610","NDV","KR4101W90007","코스피200 F 202509","0003","202509","2","385.15"
"20250610","NDV","KR4101W90007","코스피200 F 202509","0006","202509","2","385.45"
"20250610","NDV","KR4101W90007","코스피200 F 202509","0010","202509","2","385.65"
"20250610","NDV","KR4101W90007","코스피200 F 202509","0011","202509","2","385.65"
"20250610","NDV","KR4101W90007","코스피200 F 202509","0021","202509","2","385.65"
"20250610","NDV","KR4101W90007","코스피200 F 202509","0030","202509","2","385.6"
"20250610","NDV","KR4101W90007","코스피200 F 202509","0031","202509","2","385.6"
"20250610","NDV","KR4101W90007","코스피200 F 202509","0033","202509","2","385.5"
"20250610","NDV","KR4101W90007","코스피200 F 202509","0034","202509","2","385.45"
"20250610","NDV","KR4101W90007","코스피200 F 202509","0037","202509","2","385.4"
"20250610","NDV","KR4101W90007","코스피200 F 202509","0054","202509","2","385.6"
"20250610","NDV","KR4101W90007","코스피200 F 202509","0100","202509","2","385.6"
"20250610","NDV","KR4101W90007","코스피200 F 202509","0102","202509","2","385.55"
"20250610","NDV","KR4101W90007","코스피200 F 202509","0106","202509","2","385.5"
"20250610","NDV","KR4101W90007","코스피200 F 202509","0120","202509","2","385.45"
"20250610","NDV","KR4101W90007","코스피200 F 202509","0128","202509","2","385.45"
"20250610","NDV","KR4101W90007","코스피200 F 202509","0145","202509","2","385.45"
"20250610","NDV","KR4101W90007","코스피200 F 202509","0152","202509","2","385.8"
"20250610","NDV","KR4101W90007","코스피200 F 202509","0209","202509","2","385.8"
"20250610","NDV","KR4101W90007","코스피200 F 202509","0217","202509","2","385.75"
"20250610","NDV","KR4101W90007","코스피200 F 202509","0242","202509","2","385.85"
"20250610","NDV","KR4101W90007","코스피200 F 202509","0243","202509","2","385.85"
"20250610","NDV","KR4101W90007","코스피200 F 202509","0244","202509","2","385.9"
"20250610","NDV","KR4101W90007","코스피200 F 202509","0248","202509","2","385.95"
"20250610","NDV","KR4101W90007","코스피200 F 202509","0249","202509","2","385.95"
"20250610","NDV","KR4101W90007","코스피200 F 202509","0250","202509","2","386"
"20250610","NDV","KR4101W90007","코스피200 F 202509","0251","202509","2","386"
"20250610","NDV","KR4101W90007","코스피200 F 202509","0254","202509","2","386.05"
"20250610","NDV","KR4101W90007","코스피200 F 202509","0255","202509","2","386.05"
"20250610","NDV","KR4101W90007","코스피200 F 202509","0259","202509","2","386.05"
"20250610","NDV","KR4101W90007","코스피200 F 202509","0304","202509","2","386.05"
"20250610","NDV","KR4101W90007","코스피200 F 202509","0305","202509","2","386"
"20250610","NDV","KR4101W90007","코스피200 F 202509","0308","202509","2","385.95"
"20250610","NDV","KR4101W90007","코스피200 F 202509","0309","202509","2","385.9"
"20250610","NDV","KR4101W90007","코스피200 F 202509","0310","202509","2","385.9"
"20250610","NDV","KR4101W90007","코스피200 F 202509","0316","202509","2","386"
"20250610","NDV","KR4101W90007","코스피200 F 202509","0322","202509","2","386"
"20250610","NDV","KR4101W90007","코스피200 F 202509","0324","202509","2","385.95"
"20250610","NDV","KR4101W90007","코스피200 F 202509","0339","202509","2","385.95"
"20250610","NDV","KR4101W90007","코스피200 F 202509","0354","202509","2","386"
"20250610","NDV","KR4101W90007","코스피200 F 202509","0433","202509","2","385.85"
"20250610","NDV","KR4101W90007","코스피200 F 202509","0439","202509","2","385.8"
"20250610","NDV","KR4101W90007","코스피200 F 202509","0444","202509","2","385.75"
"20250610","NDV","KR4101WC0003","코스피200 F 202512","1843","202512","3","385.6"
"20250610","NDV","KR4401W6W9S8","코스피200 SP 2506-2509","1800","202506","1","0.85"
"20250610","NDV","KR4401W6W9S8","코스피200 SP 2506-2509","1820","202506","1","0.9"
"20250610","NDV","KR4401W6W9S8","코스피200 SP 2506-2509","1823","202506","1","0.9"
"20250610","NDV","KR4401W6W9S8","코스피200 SP 2506-2509","1824","202506","1","0.9"
"20250610","NDV","KR4401W6W9S8","코스피200 SP 2506-2509","1914","202506","1","0.9"
"20250610","NDV","KR4401W6W9S8","코스피200 SP 2506-2509","1923","202506","1","0.9"
"20250610","NDV","KR4401W6W9S8","코스피200 SP 2506-2509","2004","202506","1","1"
"20250610","NDV","KR4401W6W9S8","코스피200 SP 2506-2509","2009","202506","1","0.85"
"20250610","NDV","KR4401W6W9S8","코스피200 SP 2506-2509","2039","202506","1","0.8"
"20250610","NDV","KR4401W6W9S8","코스피200 SP 2506-2509","2231","202506","1","0.9"
"20250610","NDV","KR4401W6W9S8","코스피200 SP 2506-2509","0339","202506","1","0.9"
"20250610","DRV","KR4101W60000","코스피200 F 202506","0845","202506","1","386.3"
"20250610","DRV","KR4101W60000","코스피200 F 202506","0846","202506","1","385.65"
"20250610","DRV","KR4101W60000","코스피200 F 202506","0847","202506","1","385.55"
"20250610","DRV","KR4101W60000","코스피200 F 202506","0848","202506","1","385.2"
"20250610","DRV","KR4101W60000","코스피200 F 202506","0849","202506","1","384.95"
"20250610","DRV","KR4101W60000","코스피200 F 202506","0850","202506","1","384.4"
"20250610","DRV","KR4101W60000","코스피200 F 202506","0851","202506","1","384.5"
"20250610","DRV","KR4101W60000","코스피200 F 202506","0852","202506","1","384.4"
"20250610","DRV","KR4101W60000","코스피200 F 202506","0853","202506","1","384.3"
"20250610","DRV","KR4101W60000","코스피200 F 202506","0854","202506","1","384.35"
"20250610","DRV","KR4101W60000","코스피200 F 202506","0855","202506","1","385.2"
"20250610","DRV","KR4101W60000","코스피200 F 202506","0856","202506","1","385.05"
"20250610","DRV","KR4101W60000","코스피200 F 202506","0857","202506","1","385.4"
"20250610","DRV","KR4101W60000","코스피200 F 202506","0858","202506","1","385.15"
"20250610","DRV","KR4101W60000","코스피200 F 202506","0859","202506","1","385"
"20250610","DRV","KR4101W60000","코스피200 F 202506","0900","202506","1","385.05"
"20250610","DRV","KR4101W60000","코스피200 F 202506","0901","202506","1","384.8"
"20250610","DRV","KR4101W60000","코스피200 F 202506","0902","202506","1","384.2"
"20250610","DRV","KR4101W60000","코스피200 F 202506","0903","202506","1","383.55"
"20250610","DRV","KR4101W60000","코스피200 F 202506","0904","202506","1","383.15"
"20250610","DRV","KR4101W60000","코스피200 F 202506","0905","202506","1","382.45"
"20250610","DRV","KR4101W60000","코스피200 F 202506","0906","202506","1","381.75"
"20250610","DRV","KR4101W60000","코스피200 F 202506","0907","202506","1","382.45"
"20250610","DRV","KR4101W60000","코스피200 F 202506","0908","202506","1","382.4"
"20250610","DRV","KR4101W60000","코스피200 F 202506","0909","202506","1","382.3"
"20250610","DRV","KR4101W60000","코스피200 F 202506","0910","202506","1","381.95"
"20250610","DRV","KR4101W60000","코스피200 F 202506","0911","202506","1","381.65"
"20250610","DRV","KR4101W60000","코스피200 F 202506","0912","202506","1","382.15"
"20250610","DRV","KR4101W60000","코스피200 F 202506","0913","202506","1","381.9"
"20250610","DRV","KR4101W60000","코스피200 F 202506","0914","202506","1","381.8"
"20250610","DRV","KR4101W60000","코스피200 F 202506","0915","202506","1","382.2"
"20250610","DRV","KR4101W60000","코스피200 F 202506","0916","202506","1","382.25"
"20250610","DRV","KR4101W60000","코스피200 F 202506","0917","202506","1","382.6"
"20250610","DRV","KR4101W60000","코스피200 F 202506","0918","202506","1","383.05"
"20250610","DRV","KR4101W60000","코스피200 F 202506","0919","202506","1","383.7"
"20250610","DRV","KR4101W60000","코스피200 F 202506","0920","202506","1","383.45"
"20250610","DRV","KR4101W60000","코스피200 F 202506","0921","202506","1","383.9"
"20250610","DRV","KR4101W60000","코스피200 F 202506","0922","202506","1","384.1"
"20250610","DRV","KR4101W60000","코스피200 F 202506","0923","202506","1","383.95"
"20250610","DRV","KR4101W60000","코스피200 F 202506","0924","202506","1","383.75"
"20250610","DRV","KR4101W60000","코스피200 F 202506","0925","202506","1","383.85"
"20250610","DRV","KR4101W60000","코스피200 F 202506","0926","202506","1","383.6"
"20250610","DRV","KR4101W60000","코스피200 F 202506","0927","202506","1","383.95"
"20250610","DRV","KR4101W60000","코스피200 F 202506","0928","202506","1","383.9"
"20250610","DRV","KR4101W60000","코스피200 F 202506","0929","202506","1","383.9"
"20250610","DRV","KR4101W60000","코스피200 F 202506","0930","202506","1","383.85"
"20250610","DRV","KR4101W60000","코스피200 F 202506","0931","202506","1","384.55"
"20250610","DRV","KR4101W60000","코스피200 F 202506","0932","202506","1","384.55"
"20250610","DRV","KR4101W60000","코스피200 F 202506","0933","202506","1","384.6"
"20250610","DRV","KR4101W60000","코스피200 F 202506","0934","202506","1","384.5"
"20250610","DRV","KR4101W60000","코스피200 F 202506","0935","202506","1","384.5"
"20250610","DRV","KR4101W60000","코스피200 F 202506","0936","202506","1","384.45"
"20250610","DRV","KR4101W60000","코스피200 F 202506","0937","202506","1","384.45"
"20250610","DRV","KR4101W60000","코스피200 F 202506","0938","202506","1","384.6"
"20250610","DRV","KR4101W60000","코스피200 F 202506","0939","202506","1","384.7"
"20250610","DRV","KR4101W60000","코스피200 F 202506","0940","202506","1","384.85"
"20250610","DRV","KR4101W60000","코스피200 F 202506","0941","202506","1","384.85"
"20250610","DRV","KR4101W60000","코스피200 F 202506","0942","202506","1","384.75"
"20250610","DRV","KR4101W60000","코스피200 F 202506","0943","202506","1","385.05"
"20250610","DRV","KR4101W60000","코스피200 F 202506","0944","202506","1","385.25"
"20250610","DRV","KR4101W60000","코스피200 F 202506","0945","202506","1","385"
"20250610","DRV","KR4101W60000","코스피200 F 202506","0946","202506","1","384.7"
"20250610","DRV","KR4101W60000","코스피200 F 202506","0947","202506","1","384.65"
"20250610","DRV","KR4101W60000","코스피200 F 202506","0948","202506","1","384.55"
"20250610","DRV","KR4101W60000","코스피200 F 202506","0949","202506","1","384.65"
"20250610","DRV","KR4101W60000","코스피200 F 202506","0950","202506","1","384.9"
"20250610","DRV","KR4101W60000","코스피200 F 202506","0951","202506","1","384.8"
"20250610","DRV","KR4101W60000","코스피200 F 202506","0952","202506","1","384.75"
"20250610","DRV","KR4101W60000","코스피200 F 202506","0953","202506","1","384.6"
"20250610","DRV","KR4101W60000","코스피200 F 202506","0954","202506","1","384.4"
"20250610","DRV","KR4101W60000","코스피200 F 202506","0955","202506","1","383.95"
"20250610","DRV","KR4101W60000","코스피200 F 202506","0956","202506","1","384.05"
"20250610","DRV","KR4101W60000","코스피200 F 202506","0957","202506","1","384.1"
"20250610","DRV","KR4101W60000","코스피200 F 202506","0958","202506","1","384.45"
"20250610","DRV","KR4101W60000","코스피200 F 202506","0959","202506","1","384.05"
"20250610","DRV","KR4101W60000","코스피200 F 202506","1000","202506","1","384.05"
"20250610","DRV","KR4101W60000","코스피200 F 202506","1001","202506","1","384.15"
"20250610","DRV","KR4101W60000","코스피200 F 202506","1002","202506","1","384.3"
"20250610","DRV","KR4101W60000","코스피200 F 202506","1003","202506","1","384.45"
"20250610","DRV","KR4101W60000","코스피200 F 202506","1004","202506","1","384.25"
"20250610","DRV","KR4101W60000","코스피200 F 202506","1005","202506","1","384.65"
"20250610","DRV","KR4101W60000","코스피200 F 202506","1006","202506","1","384.65"
"20250610","DRV","KR4101W60000","코스피200 F 202506","1007","202506","1","384.8"
"20250610","DRV","KR4101W60000","코스피200 F 202506","1008","202506","1","384.75"
"20250610","DRV","KR4101W60000","코스피200 F 202506","1009","202506","1","384.75"
"20250610","DRV","KR4101W60000","코스피200 F 202506","1010","202506","1","384.7"
"20250610","DRV","KR4101W60000","코스피200 F 202506","1011","202506","1","384.85"
"20250610","DRV","KR4101W60000","코스피200 F 202506","1012","202506","1","384.8"
"20250610","DRV","KR4101W60000","코스피200 F 202506","1013","202506","1","385"
"20250610","DRV","KR4101W60000","코스피200 F 202506","1014","202506","1","385.1"
"20250610","DRV","KR4101W60000","코스피200 F 202506","1015","202506","1","385.05"
"20250610","DRV","KR4101W60000","코스피200 F 202506","1016","202506","1","385.15"
"20250610","DRV","KR4101W60000","코스피200 F 202506","1017","202506","1","385.1"
"20250610","DRV","KR4101W60000","코스피200 F 202506","1018","202506","1","385.05"
"20250610","DRV","KR4101W60000","코스피200 F 202506","1019","202506","1","385.1"
"20250610","DRV","KR4101W60000","코스피200 F 202506","1020","202506","1","385"
"20250610","DRV","KR4101W60000","코스피200 F 202506","1021","202506","1","385.25"
"20250610","DRV","KR4101W60000","코스피200 F 202506","1022","202506","1","385.1"
"20250610","DRV","KR4101W60000","코스피200 F 202506","1023","202506","1","385.1"
"20250610","DRV","KR4101W60000","코스피200 F 202506","1024","202506","1","385.4"
"20250610","DRV","KR4101W60000","코스피200 F 202506","1025","202506","1","385.55"
"20250610","DRV","KR4101W60000","코스피200 F 202506","1026","202506","1","385.6"
"20250610","DRV","KR4101W60000","코스피200 F 202506","1027","202506","1","385.65"
"20250610","DRV","KR4101W60000","코스피200 F 202506","1028","202506","1","385.65"
"20250610","DRV","KR4101W60000","코스피200 F 202506","1029","202506","1","385.5"
"20250610","DRV","KR4101W60000","코스피200 F 202506","1030","202506","1","385.7"
"20250610","DRV","KR4101W60000","코스피200 F 202506","1031","202506","1","385.75"
"20250610","DRV","KR4101W60000","코스피200 F 202506","1032","202506","1","385.7"
"20250610","DRV","KR4101W60000","코스피200 F 202506","1033","202506","1","385.6"
"20250610","DRV","KR4101W60000","코스피200 F 202506","1034","202506","1","385.7"
"20250610","DRV","KR4101W60000","코스피200 F 202506","1035","202506","1","385.55"
"20250610","DRV","KR4101W60000","코스피200 F 202506","1036","202506","1","385.5"
"20250610","DRV","KR4101W60000","코스피200 F 202506","1037","202506","1","385.45"
"20250610","DRV","KR4101W60000","코스피200 F 202506","1038","202506","1","385.45"
"20250610","DRV","KR4101W60000","코스피200 F 202506","1039","202506","1","385.35"
"20250610","DRV","KR4101W60000","코스피200 F 202506","1040","202506","1","385.2"
"20250610","DRV","KR4101W60000","코스피200 F 202506","1041","202506","1","385.4"
"20250610","DRV","KR4101W60000","코스피200 F 202506","1042","202506","1","385.5"
"20250610","DRV","KR4101W60000","코스피200 F 202506","1043","202506","1","385.45"
"20250610","DRV","KR4101W60000","코스피200 F 202506","1044","202506","1","385.6"
"20250610","DRV","KR4101W60000","코스피200 F 202506","1045","202506","1","385.95"
"20250610","DRV","KR4101W60000","코스피200 F 202506","1046","202506","1","386.3"
"20250610","DRV","KR4101W60000","코스피200 F 202506","1047","202506","1","386.15"
"20250610","DRV","KR4101W60000","코스피200 F 202506","1048","202506","1","386.45"
"20250610","DRV","KR4101W60000","코스피200 F 202506","1049","202506","1","386.45"
"20250610","DRV","KR4101W60000","코스피200 F 202506","1050","202506","1","386.5"
"20250610","DRV","KR4101W60000","코스피200 F 202506","1051","202506","1","386.65"
"20250610","DRV","KR4101W60000","코스피200 F 202506","1052","202506","1","386.8"
"20250610","DRV","KR4101W60000","코스피200 F 202506","1053","202506","1","386.65"
"20250610","DRV","KR4101W60000","코스피200 F 202506","1054","202506","1","386.65"
"20250610","DRV","KR4101W60000","코스피200 F 202506","1055","202506","1","386.5"
"20250610","DRV","KR4101W60000","코스피200 F 202506","1056","202506","1","386.7"
"20250610","DRV","KR4101W60000","코스피200 F 202506","1057","202506","1","386.65"
"20250610","DRV","KR4101W60000","코스피200 F 202506","1058","202506","1","386.65"
"20250610","DRV","KR4101W60000","코스피200 F 202506","1059","202506","1","386.75"
"20250610","DRV","KR4101W60000","코스피200 F 202506","1100","202506","1","386.55"
"20250610","DRV","KR4101W60000","코스피200 F 202506","1101","202506","1","386.15"
"20250610","DRV","KR4101W60000","코스피200 F 202506","1102","202506","1","386.3"
"20250610","DRV","KR4101W60000","코스피200 F 202506","1103","202506","1","386.4"
"20250610","DRV","KR4101W60000","코스피200 F 202506","1104","202506","1","386.35"
"20250610","DRV","KR4101W60000","코스피200 F 202506","1105","202506","1","386.5"
"20250610","DRV","KR4101W60000","코스피200 F 202506","1106","202506","1","386.5"
"20250610","DRV","KR4101W60000","코스피200 F 202506","1107","202506","1","386.35"
"20250610","DRV","KR4101W60000","코스피200 F 202506","1108","202506","1","386.3"
"20250610","DRV","KR4101W60000","코스피200 F 202506","1109","202506","1","386.25"
"20250610","DRV","KR4101W60000","코스피200 F 202506","1110","202506","1","386.4"
"20250610","DRV","KR4101W60000","코스피200 F 202506","1111","202506","1","386.35"
"20250610","DRV","KR4101W60000","코스피200 F 202506","1112","202506","1","386.4"
"20250610","DRV","KR4101W60000","코스피200 F 202506","1113","202506","1","386.85"
"20250610","DRV","KR4101W60000","코스피200 F 202506","1114","202506","1","386.7"
"20250610","DRV","KR4101W60000","코스피200 F 202506","1115","202506","1","386.75"
"20250610","DRV","KR4101W60000","코스피200 F 202506","1116","202506","1","386.9"
"20250610","DRV","KR4101W60000","코스피200 F 202506","1117","202506","1","386.8"
"20250610","DRV","KR4101W60000","코스피200 F 202506","1118","202506","1","386.7"
"20250610","DRV","KR4101W60000","코스피200 F 202506","1119","202506","1","386.7"
"20250610","DRV","KR4101W60000","코스피200 F 202506","1120","202506","1","386.8"
"20250610","DRV","KR4101W60000","코스피200 F 202506","1121","202506","1","386.75"
"20250610","DRV","KR4101W60000","코스피200 F 202506","1122","202506","1","386.75"
"20250610","DRV","KR4101W60000","코스피200 F 202506","1123","202506","1","386.6"
"20250610","DRV","KR4101W60000","코스피200 F 202506","1124","202506","1","386.85"
"20250610","DRV","KR4101W60000","코스피200 F 202506","1125","202506","1","386.7"
"20250610","DRV","KR4101W60000","코스피200 F 202506","1126","202506","1","386.6"
"20250610","DRV","KR4101W60000","코스피200 F 202506","1127","202506","1","386.55"
"20250610","DRV","KR4101W60000","코스피200 F 202506","1128","202506","1","386.5"
"20250610","DRV","KR4101W60000","코스피200 F 202506","1129","202506","1","386.55"
"20250610","DRV","KR4101W60000","코스피200 F 202506","1130","202506","1","386.6"
"20250610","DRV","KR4101W60000","코스피200 F 202506","1131","202506","1","386.55"
"20250610","DRV","KR4101W60000","코스피200 F 202506","1132","202506","1","386.45"
"20250610","DRV","KR4101W60000","코스피200 F 202506","1133","202506","1","386.5"
"20250610","DRV","KR4101W60000","코스피200 F 202506","1134","202506","1","386.55"
"20250610","DRV","KR4101W60000","코스피200 F 202506","1135","202506","1","386.7"
"20250610","DRV","KR4101W60000","코스피200 F 202506","1136","202506","1","386.75"
"20250610","DRV","KR4101W60000","코스피200 F 202506","1137","202506","1","386.7"
"20250610","DRV","KR4101W60000","코스피200 F 202506","1138","202506","1","386.5"
"20250610","DRV","KR4101W60000","코스피200 F 202506","1139","202506","1","386.55"
"20250610","DRV","KR4101W60000","코스피200 F 202506","1140","202506","1","386.65"
"20250610","DRV","KR4101W60000","코스피200 F 202506","1141","202506","1","386.6"
"20250610","DRV","KR4101W60000","코스피200 F 202506","1142","202506","1","386.6"
"20250610","DRV","KR4101W60000","코스피200 F 202506","1143","202506","1","386.5"
"20250610","DRV","KR4101W60000","코스피200 F 202506","1144","202506","1","386.5"
"20250610","DRV","KR4101W60000","코스피200 F 202506","1145","202506","1","386.45"
"20250610","DRV","KR4101W60000","코스피200 F 202506","1146","202506","1","386.25"
"20250610","DRV","KR4101W60000","코스피200 F 202506","1147","202506","1","386"
"20250610","DRV","KR4101W60000","코스피200 F 202506","1148","202506","1","386.25"
"20250610","DRV","KR4101W60000","코스피200 F 202506","1149","202506","1","386.15"
"20250610","DRV","KR4101W60000","코스피200 F 202506","1150","202506","1","385.95"
"20250610","DRV","KR4101W60000","코스피200 F 202506","1151","202506","1","385.9"
"20250610","DRV","KR4101W60000","코스피200 F 202506","1152","202506","1","385.55"
"20250610","DRV","KR4101W60000","코스피200 F 202506","1153","202506","1","385.55"
"20250610","DRV","KR4101W60000","코스피200 F 202506","1154","202506","1","385.7"
"20250610","DRV","KR4101W60000","코스피200 F 202506","1155","202506","1","385.65"
"20250610","DRV","KR4101W60000","코스피200 F 202506","1156","202506","1","385.65"
"20250610","DRV","KR4101W60000","코스피200 F 202506","1157","202506","1","385.85"
"20250610","DRV","KR4101W60000","코스피200 F 202506","1158","202506","1","385.55"
"20250610","DRV","KR4101W60000","코스피200 F 202506","1159","202506","1","385.65"
"20250610","DRV","KR4101W60000","코스피200 F 202506","1200","202506","1","385.8"
"20250610","DRV","KR4101W60000","코스피200 F 202506","1201","202506","1","385.7"
"20250610","DRV","KR4101W60000","코스피200 F 202506","1202","202506","1","385.75"
"20250610","DRV","KR4101W60000","코스피200 F 202506","1203","202506","1","385.65"
"20250610","DRV","KR4101W60000","코스피200 F 202506","1204","202506","1","385.5"
"20250610","DRV","KR4101W60000","코스피200 F 202506","1205","202506","1","385.4"
"20250610","DRV","KR4101W60000","코스피200 F 202506","1206","202506","1","385.6"
"20250610","DRV","KR4101W60000","코스피200 F 202506","1207","202506","1","385.55"
"20250610","DRV","KR4101W60000","코스피200 F 202506","1208","202506","1","385.5"
"20250610","DRV","KR4101W60000","코스피200 F 202506","1209","202506","1","385.45"
"20250610","DRV","KR4101W60000","코스피200 F 202506","1210","202506","1","385.15"
"20250610","DRV","KR4101W60000","코스피200 F 202506","1211","202506","1","385.3"
"20250610","DRV","KR4101W60000","코스피200 F 202506","1212","202506","1","385.25"
"20250610","DRV","KR4101W60000","코스피200 F 202506","1213","202506","1","385.35"
"20250610","DRV","KR4101W60000","코스피200 F 202506","1214","202506","1","385.45"
"20250610","DRV","KR4101W60000","코스피200 F 202506","1215","202506","1","385.4"
"20250610","DRV","KR4101W60000","코스피200 F 202506","1216","202506","1","385.35"
"20250610","DRV","KR4101W60000","코스피200 F 202506","1217","202506","1","385.3"
"20250610","DRV","KR4101W60000","코스피200 F 202506","1218","202506","1","385.35"
"20250610","DRV","KR4101W60000","코스피200 F 202506","1219","202506","1","385.55"
"20250610","DRV","KR4101W60000","코스피200 F 202506","1220","202506","1","385.65"
"20250610","DRV","KR4101W60000","코스피200 F 202506","1221","202506","1","385.55"
"20250610","DRV","KR4101W60000","코스피200 F 202506","1222","202506","1","385.65"
"20250610","DRV","KR4101W60000","코스피200 F 202506","1223","202506","1","385.55"
"20250610","DRV","KR4101W60000","코스피200 F 202506","1224","202506","1","385.55"
"20250610","DRV","KR4101W60000","코스피200 F 202506","1225","202506","1","385.75"
"20250610","DRV","KR4101W60000","코스피200 F 202506","1226","202506","1","385.95"
"20250610","DRV","KR4101W60000","코스피200 F 202506","1227","202506","1","385.95"
"20250610","DRV","KR4101W60000","코스피200 F 202506","1228","202506","1","385.75"
"20250610","DRV","KR4101W60000","코스피200 F 202506","1229","202506","1","385.8"
"20250610","DRV","KR4101W60000","코스피200 F 202506","1230","202506","1","385.8"
"20250610","DRV","KR4101W60000","코스피200 F 202506","1231","202506","1","385.9"
"20250610","DRV","KR4101W60000","코스피200 F 202506","1232","202506","1","385.9"
"20250610","DRV","KR4101W60000","코스피200 F 202506","1233","202506","1","385.8"
"20250610","DRV","KR4101W60000","코스피200 F 202506","1234","202506","1","385.7"
"20250610","DRV","KR4101W60000","코스피200 F 202506","1235","202506","1","386.1"
"20250610","DRV","KR4101W60000","코스피200 F 202506","1236","202506","1","386.15"
"20250610","DRV","KR4101W60000","코스피200 F 202506","1237","202506","1","386.25"
"20250610","DRV","KR4101W60000","코스피200 F 202506","1238","202506","1","386.3"
"20250610","DRV","KR4101W60000","코스피200 F 202506","1239","202506","1","386.35"
"20250610","DRV","KR4101W60000","코스피200 F 202506","1240","202506","1","386.3"
"20250610","DRV","KR4101W60000","코스피200 F 202506","1241","202506","1","386.45"
"20250610","DRV","KR4101W60000","코스피200 F 202506","1242","202506","1","386.6"
"20250610","DRV","KR4101W60000","코스피200 F 202506","1243","202506","1","386.55"
"20250610","DRV","KR4101W60000","코스피200 F 202506","1244","202506","1","386.55"
"20250610","DRV","KR4101W60000","코스피200 F 202506","1245","202506","1","386.45"
"20250610","DRV","KR4101W60000","코스피200 F 202506","1246","202506","1","386.55"
"20250610","DRV","KR4101W60000","코스피200 F 202506","1247","202506","1","386.45"
"20250610","DRV","KR4101W60000","코스피200 F 202506","1248","202506","1","386.6"
"20250610","DRV","KR4101W60000","코스피200 F 202506","1249","202506","1","386.55"
"20250610","DRV","KR4101W60000","코스피200 F 202506","1250","202506","1","386.55"
"20250610","DRV","KR4101W60000","코스피200 F 202506","1251","202506","1","386.6"
"20250610","DRV","KR4101W60000","코스피200 F 202506","1252","202506","1","386.65"
"20250610","DRV","KR4101W60000","코스피200 F 202506","1253","202506","1","386.6"
"20250610","DRV","KR4101W60000","코스피200 F 202506","1254","202506","1","386.5"
"20250610","DRV","KR4101W60000","코스피200 F 202506","1255","202506","1","386.45"
"20250610","DRV","KR4101W60000","코스피200 F 202506","1256","202506","1","386.3"
"20250610","DRV","KR4101W60000","코스피200 F 202506","1257","202506","1","386.35"
"20250610","DRV","KR4101W60000","코스피200 F 202506","1258","202506","1","386.3"
"20250610","DRV","KR4101W60000","코스피200 F 202506","1259","202506","1","386.2"
"20250610","DRV","KR4101W60000","코스피200 F 202506","1300","202506","1","386.2"
"20250610","DRV","KR4101W60000","코스피200 F 202506","1301","202506","1","386.3"
"20250610","DRV","KR4101W60000","코스피200 F 202506","1302","202506","1","386.15"
"20250610","DRV","KR4101W60000","코스피200 F 202506","1303","202506","1","386.3"
"20250610","DRV","KR4101W60000","코스피200 F 202506","1304","202506","1","386.05"
"20250610","DRV","KR4101W60000","코스피200 F 202506","1305","202506","1","386.05"
"20250610","DRV","KR4101W60000","코스피200 F 202506","1306","202506","1","385.95"
"20250610","DRV","KR4101W60000","코스피200 F 202506","1307","202506","1","385.9"
"20250610","DRV","KR4101W60000","코스피200 F 202506","1308","202506","1","385.7"
"20250610","DRV","KR4101W60000","코스피200 F 202506","1309","202506","1","385.6"
"20250610","DRV","KR4101W60000","코스피200 F 202506","1310","202506","1","385.6"
"20250610","DRV","KR4101W60000","코스피200 F 202506","1311","202506","1","385.45"
"20250610","DRV","KR4101W60000","코스피200 F 202506","1312","202506","1","385.45"
"20250610","DRV","KR4101W60000","코스피200 F 202506","1313","202506","1","385.45"
"20250610","DRV","KR4101W60000","코스피200 F 202506","1314","202506","1","385.3"
"20250610","DRV","KR4101W60000","코스피200 F 202506","1315","202506","1","385.3"
"20250610","DRV","KR4101W60000","코스피200 F 202506","1316","202506","1","385.2"
"20250610","DRV","KR4101W60000","코스피200 F 202506","1317","202506","1","385.2"
"20250610","DRV","KR4101W60000","코스피200 F 202506","1318","202506","1","385.15"
"20250610","DRV","KR4101W60000","코스피200 F 202506","1319","202506","1","385.05"
"20250610","DRV","KR4101W60000","코스피200 F 202506","1320","202506","1","384.8"
"20250610","DRV","KR4101W60000","코스피200 F 202506","1321","202506","1","384.95"
"20250610","DRV","KR4101W60000","코스피200 F 202506","1322","202506","1","384.55"
"20250610","DRV","KR4101W60000","코스피200 F 202506","1323","202506","1","384.4"
"20250610","DRV","KR4101W60000","코스피200 F 202506","1324","202506","1","384.3"
"20250610","DRV","KR4101W60000","코스피200 F 202506","1325","202506","1","384.1"
"20250610","DRV","KR4101W60000","코스피200 F 202506","1326","202506","1","384.1"
"20250610","DRV","KR4101W60000","코스피200 F 202506","1327","202506","1","384.1"
"20250610","DRV","KR4101W60000","코스피200 F 202506","1328","202506","1","383.9"
"20250610","DRV","KR4101W60000","코스피200 F 202506","1329","202506","1","383.65"
"20250610","DRV","KR4101W60000","코스피200 F 202506","1330","202506","1","383.75"
"20250610","DRV","KR4101W60000","코스피200 F 202506","1331","202506","1","383.75"
"20250610","DRV","KR4101W60000","코스피200 F 202506","1332","202506","1","383.55"
"20250610","DRV","KR4101W60000","코스피200 F 202506","1333","202506","1","383.55"
"20250610","DRV","KR4101W60000","코스피200 F 202506","1334","202506","1","383.65"
"20250610","DRV","KR4101W60000","코스피200 F 202506","1335","202506","1","383.75"
"20250610","DRV","KR4101W60000","코스피200 F 202506","1336","202506","1","383.8"
"20250610","DRV","KR4101W60000","코스피200 F 202506","1337","202506","1","383.9"
"20250610","DRV","KR4101W60000","코스피200 F 202506","1338","202506","1","383.75"
"20250610","DRV","KR4101W60000","코스피200 F 202506","1339","202506","1","383.6"
"20250610","DRV","KR4101W60000","코스피200 F 202506","1340","202506","1","383.75"
"20250610","DRV","KR4101W60000","코스피200 F 202506","1341","202506","1","383.75"
"20250610","DRV","KR4101W60000","코스피200 F 202506","1342","202506","1","383.9"
"20250610","DRV","KR4101W60000","코스피200 F 202506","1343","202506","1","384.05"
"20250610","DRV","KR4101W60000","코스피200 F 202506","1344","202506","1","383.95"
"20250610","DRV","KR4101W60000","코스피200 F 202506","1345","202506","1","383.85"
"20250610","DRV","KR4101W60000","코스피200 F 202506","1346","202506","1","384"
"20250610","DRV","KR4101W60000","코스피200 F 202506","1347","202506","1","384.05"
"20250610","DRV","KR4101W60000","코스피200 F 202506","1348","202506","1","384.3"
"20250610","DRV","KR4101W60000","코스피200 F 202506","1349","202506","1","384.45"
"20250610","DRV","KR4101W60000","코스피200 F 202506","1350","202506","1","384.4"
"20250610","DRV","KR4101W60000","코스피200 F 202506","1351","202506","1","384.25"
"20250610","DRV","KR4101W60000","코스피200 F 202506","1352","202506","1","384.15"
"20250610","DRV","KR4101W60000","코스피200 F 202506","1353","202506","1","384.2"
"20250610","DRV","KR4101W60000","코스피200 F 202506","1354","202506","1","384.15"
"20250610","DRV","KR4101W60000","코스피200 F 202506","1355","202506","1","383.9"
"20250610","DRV","KR4101W60000","코스피200 F 202506","1356","202506","1","384"
"20250610","DRV","KR4101W60000","코스피200 F 202506","1357","202506","1","383.95"
"20250610","DRV","KR4101W60000","코스피200 F 202506","1358","202506","1","384"
"20250610","DRV","KR4101W60000","코스피200 F 202506","1359","202506","1","384"
"20250610","DRV","KR4101W60000","코스피200 F 202506","1400","202506","1","384.1"
"20250610","DRV","KR4101W60000","코스피200 F 202506","1401","202506","1","384.05"
"20250610","DRV","KR4101W60000","코스피200 F 202506","1402","202506","1","384.4"
"20250610","DRV","KR4101W60000","코스피200 F 202506","1403","202506","1","384.6"
"20250610","DRV","KR4101W60000","코스피200 F 202506","1404","202506","1","384.7"
"20250610","DRV","KR4101W60000","코스피200 F 202506","1405","202506","1","384.55"
"20250610","DRV","KR4101W60000","코스피200 F 202506","1406","202506","1","384.75"
"20250610","DRV","KR4101W60000","코스피200 F 202506","1407","202506","1","384.6"
"20250610","DRV","KR4101W60000","코스피200 F 202506","1408","202506","1","384.6"
"20250610","DRV","KR4101W60000","코스피200 F 202506","1409","202506","1","384.5"
"20250610","DRV","KR4101W60000","코스피200 F 202506","1410","202506","1","384.6"
"20250610","DRV","KR4101W60000","코스피200 F 202506","1411","202506","1","384.65"
"20250610","DRV","KR4101W60000","코스피200 F 202506","1412","202506","1","384.4"
"20250610","DRV","KR4101W60000","코스피200 F 202506","1413","202506","1","384.5"
"20250610","DRV","KR4101W60000","코스피200 F 202506","1414","202506","1","384.4"
"20250610","DRV","KR4101W60000","코스피200 F 202506","1415","202506","1","384.35"
"20250610","DRV","KR4101W60000","코스피200 F 202506","1416","202506","1","384.15"
"20250610","DRV","KR4101W60000","코스피200 F 202506","1417","202506","1","383.9"
"20250610","DRV","KR4101W60000","코스피200 F 202506","1418","202506","1","383.95"
"20250610","DRV","KR4101W60000","코스피200 F 202506","1419","202506","1","383.85"
"20250610","DRV","KR4101W60000","코스피200 F 202506","1420","202506","1","383.65"
"20250610","DRV","KR4101W60000","코스피200 F 202506","1421","202506","1","383.55"
"20250610","DRV","KR4101W60000","코스피200 F 202506","1422","202506","1","383.2"
"20250610","DRV","KR4101W60000","코스피200 F 202506","1423","202506","1","383.1"
"20250610","DRV","KR4101W60000","코스피200 F 202506","1424","202506","1","383.1"
"20250610","DRV","KR4101W60000","코스피200 F 202506","1425","202506","1","383.1"
"20250610","DRV","KR4101W60000","코스피200 F 202506","1426","202506","1","382.9"
"20250610","DRV","KR4101W60000","코스피200 F 202506","1427","202506","1","383.1"
"20250610","DRV","KR4101W60000","코스피200 F 202506","1428","202506","1","382.85"
"20250610","DRV","KR4101W60000","코스피200 F 202506","1429","202506","1","382.9"
"20250610","DRV","KR4101W60000","코스피200 F 202506","1430","202506","1","382.95"
"20250610","DRV","KR4101W60000","코스피200 F 202506","1431","202506","1","382.9"
"20250610","DRV","KR4101W60000","코스피200 F 202506","1432","202506","1","382.55"
"20250610","DRV","KR4101W60000","코스피200 F 202506","1433","202506","1","382.5"
"20250610","DRV","KR4101W60000","코스피200 F 202506","1434","202506","1","382.8"
"20250610","DRV","KR4101W60000","코스피200 F 202506","1435","202506","1","383.05"
"20250610","DRV","KR4101W60000","코스피200 F 202506","1436","202506","1","383.15"
"20250610","DRV","KR4101W60000","코스피200 F 202506","1437","202506","1","383.5"
"20250610","DRV","KR4101W60000","코스피200 F 202506","1438","202506","1","383.7"
"20250610","DRV","KR4101W60000","코스피200 F 202506","1439","202506","1","383.95"
"20250610","DRV","KR4101W60000","코스피200 F 202506","1440","202506","1","383.75"
"20250610","DRV","KR4101W60000","코스피200 F 202506","1441","202506","1","383.75"
"20250610","DRV","KR4101W60000","코스피200 F 202506","1442","202506","1","383.6"
"20250610","DRV","KR4101W60000","코스피200 F 202506","1443","202506","1","383.6"
"20250610","DRV","KR4101W60000","코스피200 F 202506","1444","202506","1","383.65"
"20250610","DRV","KR4101W60000","코스피200 F 202506","1445","202506","1","383.6"
"20250610","DRV","KR4101W60000","코스피200 F 202506","1446","202506","1","383.35"
"20250610","DRV","KR4101W60000","코스피200 F 202506","1447","202506","1","383.15"
"20250610","DRV","KR4101W60000","코스피200 F 202506","1448","202506","1","383.25"
"20250610","DRV","KR4101W60000","코스피200 F 202506","1449","202506","1","383.1"
"20250610","DRV","KR4101W60000","코스피200 F 202506","1450","202506","1","383.2"
"20250610","DRV","KR4101W60000","코스피200 F 202506","1451","202506","1","383.15"
"20250610","DRV","KR4101W60000","코스피200 F 202506","1452","202506","1","383.2"
"20250610","DRV","KR4101W60000","코스피200 F 202506","1453","202506","1","383.45"
"20250610","DRV","KR4101W60000","코스피200 F 202506","1454","202506","1","383.45"
"20250610","DRV","KR4101W60000","코스피200 F 202506","1455","202506","1","383.6"
"20250610","DRV","KR4101W60000","코스피200 F 202506","1456","202506","1","383.5"
"20250610","DRV","KR4101W60000","코스피200 F 202506","1457","202506","1","383.5"
"20250610","DRV","KR4101W60000","코스피200 F 202506","1458","202506","1","383.6"
"20250610","DRV","KR4101W60000","코스피200 F 202506","1459","202506","1","383.5"
"20250610","DRV","KR4101W60000","코스피200 F 202506","1500","202506","1","383.6"
"20250610","DRV","KR4101W60000","코스피200 F 202506","1501","202506","1","383.65"
"20250610","DRV","KR4101W60000","코스피200 F 202506","1502","202506","1","383.45"
"20250610","DRV","KR4101W60000","코스피200 F 202506","1503","202506","1","383.65"
"20250610","DRV","KR4101W60000","코스피200 F 202506","1504","202506","1","383.6"
"20250610","DRV","KR4101W60000","코스피200 F 202506","1505","202506","1","383.7"
"20250610","DRV","KR4101W60000","코스피200 F 202506","1506","202506","1","383.65"
"20250610","DRV","KR4101W60000","코스피200 F 202506","1507","202506","1","383.6"
"20250610","DRV","KR4101W60000","코스피200 F 202506","1508","202506","1","383.9"
"20250610","DRV","KR4101W60000","코스피200 F 202506","1509","202506","1","383.9"
"20250610","DRV","KR4101W60000","코스피200 F 202506","1510","202506","1","384"
"20250610","DRV","KR4101W60000","코스피200 F 202506","1511","202506","1","384.05"
"20250610","DRV","KR4101W60000","코스피200 F 202506","1512","202506","1","384.1"
"20250610","DRV","KR4101W60000","코스피200 F 202506","1513","202506","1","384"
"20250610","DRV","KR4101W60000","코스피200 F 202506","1514","202506","1","384.05"
"20250610","DRV","KR4101W60000","코스피200 F 202506","1515","202506","1","384.3"
"20250610","DRV","KR4101W60000","코스피200 F 202506","1516","202506","1","384.1"
"20250610","DRV","KR4101W60000","코스피200 F 202506","1517","202506","1","384.1"
"20250610","DRV","KR4101W60000","코스피200 F 202506","1518","202506","1","384.25"
"20250610","DRV","KR4101W60000","코스피200 F 202506","1519","202506","1","384.4"
"20250610","DRV","KR4101W60000","코스피200 F 202506","1520","202506","1","384.35"
"20250610","DRV","KR4101W60000","코스피200 F 202506","1521","202506","1","384.45"
"20250610","DRV","KR4101W60000","코스피200 F 202506","1522","202506","1","384.4"
"20250610","DRV","KR4101W60000","코스피200 F 202506","1523","202506","1","384.45"
"20250610","DRV","KR4101W60000","코스피200 F 202506","1524","202506","1","384.5"
"20250610","DRV","KR4101W60000","코스피200 F 202506","1525","202506","1","384.75"
"20250610","DRV","KR4101W60000","코스피200 F 202506","1526","202506","1","384.6"
"20250610","DRV","KR4101W60000","코스피200 F 202506","1527","202506","1","384.6"
"20250610","DRV","KR4101W60000","코스피200 F 202506","1528","202506","1","384.45"
"20250610","DRV","KR4101W60000","코스피200 F 202506","1529","202506","1","384.6"
"20250610","DRV","KR4101W60000","코스피200 F 202506","1530","202506","1","384.6"
"20250610","DRV","KR4101W60000","코스피200 F 202506","1531","202506","1","384.5"
"20250610","DRV","KR4101W60000","코스피200 F 202506","1532","202506","1","384.65"
"20250610","DRV","KR4101W60000","코스피200 F 202506","1533","202506","1","384.55"
"20250610","DRV","KR4101W60000","코스피200 F 202506","1534","202506","1","384.5"
"20250610","DRV","KR4101W60000","코스피200 F 202506","1535","202506","1",
"20250610","DRV","KR4101W60000","코스피200 F 202506","1536","202506","1",
"20250610","DRV","KR4101W60000","코스피200 F 202506","1540","202506","1",
"20250610","DRV","KR4101W60000","코스피200 F 202506","1542","202506","1",
"20250610","DRV","KR4101W60000","코스피200 F 202506","1545","202506","1","384.5"
"20250610","DRV","KR4101W90007","코스피200 F 202509","0845","202509","2","387.25"
"20250610","DRV","KR4101W90007","코스피200 F 202509","0846","202509","2","386.55"
"20250610","DRV","KR4101W90007","코스피200 F 202509","0847","202509","2","386.45"
"20250610","DRV","KR4101W90007","코스피200 F 202509","0848","202509","2","386.1"
"20250610","DRV","KR4101W90007","코스피200 F 202509","0849","202509","2","385.85"
"20250610","DRV","KR4101W90007","코스피200 F 202509","0850","202509","2","385.35"
"20250610","DRV","KR4101W90007","코스피200 F 202509","0851","202509","2","385.35"
"20250610","DRV","KR4101W90007","코스피200 F 202509","0852","202509","2","385.4"
"20250610","DRV","KR4101W90007","코스피200 F 202509","0853","202509","2","385.2"
"20250610","DRV","KR4101W90007","코스피200 F 202509","0854","202509","2","385.25"
"20250610","DRV","KR4101W90007","코스피200 F 202509","0855","202509","2","386.05"
"20250610","DRV","KR4101W90007","코스피200 F 202509","0856","202509","2","386"
"20250610","DRV","KR4101W90007","코스피200 F 202509","0857","202509","2","386.2"
"20250610","DRV","KR4101W90007","코스피200 F 202509","0858","202509","2","386.05"
"20250610","DRV","KR4101W90007","코스피200 F 202509","0859","202509","2","385.8"
"20250610","DRV","KR4101W90007","코스피200 F 202509","0900","202509","2","385.95"
"20250610","DRV","KR4101W90007","코스피200 F 202509","0901","202509","2","385.7"
"20250610","DRV","KR4101W90007","코스피200 F 202509","0902","202509","2","385.15"
"20250610","DRV","KR4101W90007","코스피200 F 202509","0903","202509","2","384.55"
"20250610","DRV","KR4101W90007","코스피200 F 202509","0904","202509","2","384.05"
"20250610","DRV","KR4101W90007","코스피200 F 202509","0905","202509","2","383.4"
"20250610","DRV","KR4101W90007","코스피200 F 202509","0906","202509","2","382.7"
"20250610","DRV","KR4101W90007","코스피200 F 202509","0907","202509","2","383.4"
"20250610","DRV","KR4101W90007","코스피200 F 202509","0908","202509","2","383.35"
"20250610","DRV","KR4101W90007","코스피200 F 202509","0909","202509","2","383.2"
"20250610","DRV","KR4101W90007","코스피200 F 202509","0910","202509","2","382.85"
"20250610","DRV","KR4101W90007","코스피200 F 202509","0911","202509","2","382.55"
"20250610","DRV","KR4101W90007","코스피200 F 202509","0912","202509","2","383"
"20250610","DRV","KR4101W90007","코스피200 F 202509","0913","202509","2","382.75"
"20250610","DRV","KR4101W90007","코스피200 F 202509","0914","202509","2","382.7"
"20250610","DRV","KR4101W90007","코스피200 F 202509","0915","202509","2","383.05"
"20250610","DRV","KR4101W90007","코스피200 F 202509","0916","202509","2","383.1"
"20250610","DRV","KR4101W90007","코스피200 F 202509","0917","202509","2","383.45"
"20250610","DRV","KR4101W90007","코스피200 F 202509","0918","202509","2","383.95"
"20250610","DRV","KR4101W90007","코스피200 F 202509","0919","202509","2","384.55"
"20250610","DRV","KR4101W90007","코스피200 F 202509","0920","202509","2","384.25"
"20250610","DRV","KR4101W90007","코스피200 F 202509","0921","202509","2","384.7"
"20250610","DRV","KR4101W90007","코스피200 F 202509","0922","202509","2","384.9"
"20250610","DRV","KR4101W90007","코스피200 F 202509","0923","202509","2","384.8"
"20250610","DRV","KR4101W90007","코스피200 F 202509","0924","202509","2","384.6"
"20250610","DRV","KR4101W90007","코스피200 F 202509","0925","202509","2","384.7"
"20250610","DRV","KR4101W90007","코스피200 F 202509","0926","202509","2","384.45"
"20250610","DRV","KR4101W90007","코스피200 F 202509","0927","202509","2","384.8"
"20250610","DRV","KR4101W90007","코스피200 F 202509","0928","202509","2","384.75"
"20250610","DRV","KR4101W90007","코스피200 F 202509","0929","202509","2","384.75"
"20250610","DRV","KR4101W90007","코스피200 F 202509","0930","202509","2","384.7"
"20250610","DRV","KR4101W90007","코스피200 F 202509","0931","202509","2","385.3"
"20250610","DRV","KR4101W90007","코스피200 F 202509","0932","202509","2","385.4"
"20250610","DRV","KR4101W90007","코스피200 F 202509","0933","202509","2","385.45"
"20250610","DRV","KR4101W90007","코스피200 F 202509","0934","202509","2","385.35"
"20250610","DRV","KR4101W90007","코스피200 F 202509","0935","202509","2","385.35"
"20250610","DRV","KR4101W90007","코스피200 F 202509","0936","202509","2","385.25"
"20250610","DRV","KR4101W90007","코스피200 F 202509","0937","202509","2","385.35"
"20250610","DRV","KR4101W90007","코스피200 F 202509","0938","202509","2","385.4"
"20250610","DRV","KR4101W90007","코스피200 F 202509","0939","202509","2","385.55"
"20250610","DRV","KR4101W90007","코스피200 F 202509","0940","202509","2","385.65"
"20250610","DRV","KR4101W90007","코스피200 F 202509","0941","202509","2","385.7"
"20250610","DRV","KR4101W90007","코스피200 F 202509","0942","202509","2","385.6"
"20250610","DRV","KR4101W90007","코스피200 F 202509","0943","202509","2","385.95"
"20250610","DRV","KR4101W90007","코스피200 F 202509","0944","202509","2","386.1"
"20250610","DRV","KR4101W90007","코스피200 F 202509","0945","202509","2","385.85"
"20250610","DRV","KR4101W90007","코스피200 F 202509","0946","202509","2","385.6"
"20250610","DRV","KR4101W90007","코스피200 F 202509","0947","202509","2","385.5"
"20250610","DRV","KR4101W90007","코스피200 F 202509","0948","202509","2","385.4"
"20250610","DRV","KR4101W90007","코스피200 F 202509","0949","202509","2","385.55"
"20250610","DRV","KR4101W90007","코스피200 F 202509","0950","202509","2","385.75"
"20250610","DRV","KR4101W90007","코스피200 F 202509","0951","202509","2","385.7"
"20250610","DRV","KR4101W90007","코스피200 F 202509","0952","202509","2","385.6"
"20250610","DRV","KR4101W90007","코스피200 F 202509","0953","202509","2","385.5"
"20250610","DRV","KR4101W90007","코스피200 F 202509","0954","202509","2","385.25"
"20250610","DRV","KR4101W90007","코스피200 F 202509","0955","202509","2","384.85"
"20250610","DRV","KR4101W90007","코스피200 F 202509","0956","202509","2","384.95"
"20250610","DRV","KR4101W90007","코스피200 F 202509","0957","202509","2","385"
"20250610","DRV","KR4101W90007","코스피200 F 202509","0958","202509","2","385.3"
"20250610","DRV","KR4101W90007","코스피200 F 202509","0959","202509","2","384.95"
"20250610","DRV","KR4101W90007","코스피200 F 202509","1000","202509","2","384.95"
"20250610","DRV","KR4101W90007","코스피200 F 202509","1001","202509","2","385"
"20250610","DRV","KR4101W90007","코스피200 F 202509","1002","202509","2","385.1"
"20250610","DRV","KR4101W90007","코스피200 F 202509","1003","202509","2","385.3"
"20250610","DRV","KR4101W90007","코스피200 F 202509","1004","202509","2","385.1"
"20250610","DRV","KR4101W90007","코스피200 F 202509","1005","202509","2","385.5"
"20250610","DRV","KR4101W90007","코스피200 F 202509","1006","202509","2","385.5"
"20250610","DRV","KR4101W90007","코스피200 F 202509","1007","202509","2","385.6"
"20250610","DRV","KR4101W90007","코스피200 F 202509","1008","202509","2","385.55"
"20250610","DRV","KR4101W90007","코스피200 F 202509","1009","202509","2","385.6"
"20250610","DRV","KR4101W90007","코스피200 F 202509","1010","202509","2","385.55"
"20250610","DRV","KR4101W90007","코스피200 F 202509","1011","202509","2","385.7"
"20250610","DRV","KR4101W90007","코스피200 F 202509","1012","202509","2","385.65"
"20250610","DRV","KR4101W90007","코스피200 F 202509","1013","202509","2","385.8"
"20250610","DRV","KR4101W90007","코스피200 F 202509","1014","202509","2","385.9"
"20250610","DRV","KR4101W90007","코스피200 F 202509","1015","202509","2","385.9"
"20250610","DRV","KR4101W90007","코스피200 F 202509","1016","202509","2","386"
"20250610","DRV","KR4101W90007","코스피200 F 202509","1017","202509","2","385.9"
"20250610","DRV","KR4101W90007","코스피200 F 202509","1018","202509","2","385.95"
"20250610","DRV","KR4101W90007","코스피200 F 202509","1019","202509","2","385.9"
"20250610","DRV","KR4101W90007","코스피200 F 202509","1020","202509","2","385.85"
"20250610","DRV","KR4101W90007","코스피200 F 202509","1021","202509","2","386.05"
"20250610","DRV","KR4101W90007","코스피200 F 202509","1022","202509","2","385.95"
"20250610","DRV","KR4101W90007","코스피200 F 202509","1023","202509","2","385.95"
"20250610","DRV","KR4101W90007","코스피200 F 202509","1024","202509","2","386.25"
"20250610","DRV","KR4101W90007","코스피200 F 202509","1025","202509","2","386.4"
"20250610","DRV","KR4101W90007","코스피200 F 202509","1026","202509","2","386.45"
"20250610","DRV","KR4101W90007","코스피200 F 202509","1027","202509","2","386.5"
"20250610","DRV","KR4101W90007","코스피200 F 202509","1028","202509","2","386.5"
"20250610","DRV","KR4101W90007","코스피200 F 202509","1029","202509","2","386.4"
"20250610","DRV","KR4101W90007","코스피200 F 202509","1030","202509","2","386.55"
"20250610","DRV","KR4101W90007","코스피200 F 202509","1031","202509","2","386.6"
"20250610","DRV","KR4101W90007","코스피200 F 202509","1032","202509","2","386.45"
"20250610","DRV","KR4101W90007","코스피200 F 202509","1033","202509","2","386.45"
"20250610","DRV","KR4101W90007","코스피200 F 202509","1034","202509","2","386.5"
"20250610","DRV","KR4101W90007","코스피200 F 202509","1035","202509","2","386.35"
"20250610","DRV","KR4101W90007","코스피200 F 202509","1036","202509","2","386.35"
"20250610","DRV","KR4101W90007","코스피200 F 202509","1037","202509","2","386.3"
"20250610","DRV","KR4101W90007","코스피200 F 202509","1038","202509","2","386.35"
"20250610","DRV","KR4101W90007","코스피200 F 202509","1039","202509","2","386.25"
"20250610","DRV","KR4101W90007","코스피200 F 202509","1040","202509","2","386.05"
"20250610","DRV","KR4101W90007","코스피200 F 202509","1041","202509","2","386.25"
"20250610","DRV","KR4101W90007","코스피200 F 202509","1042","202509","2","386.3"
"20250610","DRV","KR4101W90007","코스피200 F 202509","1043","202509","2","386.25"
"20250610","DRV","KR4101W90007","코스피200 F 202509","1044","202509","2","386.4"
"20250610","DRV","KR4101W90007","코스피200 F 202509","1045","202509","2","386.8"
"20250610","DRV","KR4101W90007","코스피200 F 202509","1046","202509","2","387.1"
"20250610","DRV","KR4101W90007","코스피200 F 202509","1047","202509","2","387"
"20250610","DRV","KR4101W90007","코스피200 F 202509","1048","202509","2","387.25"
"20250610","DRV","KR4101W90007","코스피200 F 202509","1049","202509","2","387.3"
"20250610","DRV","KR4101W90007","코스피200 F 202509","1050","202509","2","387.35"
"20250610","DRV","KR4101W90007","코스피200 F 202509","1051","202509","2","387.5"
"20250610","DRV","KR4101W90007","코스피200 F 202509","1052","202509","2","387.6"
"20250610","DRV","KR4101W90007","코스피200 F 202509","1053","202509","2","387.45"
"20250610","DRV","KR4101W90007","코스피200 F 202509","1054","202509","2","387.5"
"20250610","DRV","KR4101W90007","코스피200 F 202509","1055","202509","2","387.35"
"20250610","DRV","KR4101W90007","코스피200 F 202509","1056","202509","2","387.5"
"20250610","DRV","KR4101W90007","코스피200 F 202509","1057","202509","2","387.5"
"20250610","DRV","KR4101W90007","코스피200 F 202509","1058","202509","2","387.5"
"20250610","DRV","KR4101W90007","코스피200 F 202509","1059","202509","2","387.6"
"20250610","DRV","KR4101W90007","코스피200 F 202509","1100","202509","2","387.45"
"20250610","DRV","KR4101W90007","코스피200 F 202509","1101","202509","2","387.05"
"20250610","DRV","KR4101W90007","코스피200 F 202509","1102","202509","2","387.2"
"20250610","DRV","KR4101W90007","코스피200 F 202509","1103","202509","2","387.25"
"20250610","DRV","KR4101W90007","코스피200 F 202509","1104","202509","2","387.25"
"20250610","DRV","KR4101W90007","코스피200 F 202509","1105","202509","2","387.4"
"20250610","DRV","KR4101W90007","코스피200 F 202509","1106","202509","2","387.35"
"20250610","DRV","KR4101W90007","코스피200 F 202509","1107","202509","2","387.25"
"20250610","DRV","KR4101W90007","코스피200 F 202509","1108","202509","2","387.15"
"20250610","DRV","KR4101W90007","코스피200 F 202509","1109","202509","2","387.1"
"20250610","DRV","KR4101W90007","코스피200 F 202509","1110","202509","2","387.25"
"20250610","DRV","KR4101W90007","코스피200 F 202509","1111","202509","2","387.25"
"20250610","DRV","KR4101W90007","코스피200 F 202509","1112","202509","2","387.3"
"20250610","DRV","KR4101W90007","코스피200 F 202509","1113","202509","2","387.75"
"20250610","DRV","KR4101W90007","코스피200 F 202509","1114","202509","2","387.55"
"20250610","DRV","KR4101W90007","코스피200 F 202509","1115","202509","2","387.65"
"20250610","DRV","KR4101W90007","코스피200 F 202509","1116","202509","2","387.85"
"20250610","DRV","KR4101W90007","코스피200 F 202509","1117","202509","2","387.75"
"20250610","DRV","KR4101W90007","코스피200 F 202509","1118","202509","2","387.6"
"20250610","DRV","KR4101W90007","코스피200 F 202509","1119","202509","2","387.65"
"20250610","DRV","KR4101W90007","코스피200 F 202509","1120","202509","2","387.7"
"20250610","DRV","KR4101W90007","코스피200 F 202509","1121","202509","2","387.6"
"20250610","DRV","KR4101W90007","코스피200 F 202509","1122","202509","2","387.65"
"20250610","DRV","KR4101W90007","코스피200 F 202509","1123","202509","2","387.5"
"20250610","DRV","KR4101W90007","코스피200 F 202509","1124","202509","2","387.7"
"20250610","DRV","KR4101W90007","코스피200 F 202509","1125","202509","2","387.6"
"20250610","DRV","KR4101W90007","코스피200 F 202509","1126","202509","2","387.5"
"20250610","DRV","KR4101W90007","코스피200 F 202509","1127","202509","2","387.4"
"20250610","DRV","KR4101W90007","코스피200 F 202509","1128","202509","2","387.4"
"20250610","DRV","KR4101W90007","코스피200 F 202509","1129","202509","2","387.45"
"20250610","DRV","KR4101W90007","코스피200 F 202509","1130","202509","2","387.5"
"20250610","DRV","KR4101W90007","코스피200 F 202509","1131","202509","2","387.45"
"20250610","DRV","KR4101W90007","코스피200 F 202509","1132","202509","2","387.3"
"20250610","DRV","KR4101W90007","코스피200 F 202509","1133","202509","2","387.35"
"20250610","DRV","KR4101W90007","코스피200 F 202509","1134","202509","2","387.45"
"20250610","DRV","KR4101W90007","코스피200 F 202509","1135","202509","2","387.6"
"20250610","DRV","KR4101W90007","코스피200 F 202509","1136","202509","2","387.65"
"20250610","DRV","KR4101W90007","코스피200 F 202509","1137","202509","2","387.55"
"20250610","DRV","KR4101W90007","코스피200 F 202509","1138","202509","2","387.4"
"20250610","DRV","KR4101W90007","코스피200 F 202509","1139","202509","2","387.5"
"20250610","DRV","KR4101W90007","코스피200 F 202509","1140","202509","2","387.55"
"20250610","DRV","KR4101W90007","코스피200 F 202509","1141","202509","2","387.5"
"20250610","DRV","KR4101W90007","코스피200 F 202509","1142","202509","2","387.5"
"20250610","DRV","KR4101W90007","코스피200 F 202509","1143","202509","2","387.4"
"20250610","DRV","KR4101W90007","코스피200 F 202509","1144","202509","2","387.4"
"20250610","DRV","KR4101W90007","코스피200 F 202509","1145","202509","2","387.35"
"20250610","DRV","KR4101W90007","코스피200 F 202509","1146","202509","2","387.15"
"20250610","DRV","KR4101W90007","코스피200 F 202509","1147","202509","2","386.9"
"20250610","DRV","KR4101W90007","코스피200 F 202509","1148","202509","2","387.15"
"20250610","DRV","KR4101W90007","코스피200 F 202509","1149","202509","2","387.05"
"20250610","DRV","KR4101W90007","코스피200 F 202509","1150","202509","2","386.85"
"20250610","DRV","KR4101W90007","코스피200 F 202509","1151","202509","2","386.8"
"20250610","DRV","KR4101W90007","코스피200 F 202509","1152","202509","2","386.45"
"20250610","DRV","KR4101W90007","코스피200 F 202509","1153","202509","2","386.45"
"20250610","DRV","KR4101W90007","코스피200 F 202509","1154","202509","2","386.6"
"20250610","DRV","KR4101W90007","코스피200 F 202509","1155","202509","2","386.6"
"20250610","DRV","KR4101W90007","코스피200 F 202509","1156","202509","2","386.55"
"20250610","DRV","KR4101W90007","코스피200 F 202509","1157","202509","2","386.75"
"20250610","DRV","KR4101W90007","코스피200 F 202509","1158","202509","2","386.45"
"20250610","DRV","KR4101W90007","코스피200 F 202509","1159","202509","2","386.55"
"20250610","DRV","KR4101W90007","코스피200 F 202509","1200","202509","2","386.65"
"20250610","DRV","KR4101W90007","코스피200 F 202509","1201","202509","2","386.6"
"20250610","DRV","KR4101W90007","코스피200 F 202509","1202","202509","2","386.65"
"20250610","DRV","KR4101W90007","코스피200 F 202509","1203","202509","2","386.5"
"20250610","DRV","KR4101W90007","코스피200 F 202509","1204","202509","2","386.3"
"20250610","DRV","KR4101W90007","코스피200 F 202509","1205","202509","2","386.25"
"20250610","DRV","KR4101W90007","코스피200 F 202509","1206","202509","2","386.45"
"20250610","DRV","KR4101W90007","코스피200 F 202509","1207","202509","2","386.45"
"20250610","DRV","KR4101W90007","코스피200 F 202509","1208","202509","2","386.3"
"20250610","DRV","KR4101W90007","코스피200 F 202509","1209","202509","2","386.3"
"20250610","DRV","KR4101W90007","코스피200 F 202509","1210","202509","2","386.05"
"20250610","DRV","KR4101W90007","코스피200 F 202509","1211","202509","2","386.15"
"20250610","DRV","KR4101W90007","코스피200 F 202509","1212","202509","2","386.1"
"20250610","DRV","KR4101W90007","코스피200 F 202509","1213","202509","2","386.2"
"20250610","DRV","KR4101W90007","코스피200 F 202509","1214","202509","2","386.3"
"20250610","DRV","KR4101W90007","코스피200 F 202509","1215","202509","2","386.2"
"20250610","DRV","KR4101W90007","코스피200 F 202509","1216","202509","2","386.2"
"20250610","DRV","KR4101W90007","코스피200 F 202509","1217","202509","2","386.15"
"20250610","DRV","KR4101W90007","코스피200 F 202509","1218","202509","2","386.15"
"20250610","DRV","KR4101W90007","코스피200 F 202509","1219","202509","2","386.4"
"20250610","DRV","KR4101W90007","코스피200 F 202509","1220","202509","2","386.5"
"20250610","DRV","KR4101W90007","코스피200 F 202509","1221","202509","2","386.35"
"20250610","DRV","KR4101W90007","코스피200 F 202509","1222","202509","2","386.45"
"20250610","DRV","KR4101W90007","코스피200 F 202509","1223","202509","2","386.3"
"20250610","DRV","KR4101W90007","코스피200 F 202509","1224","202509","2","386.4"
"20250610","DRV","KR4101W90007","코스피200 F 202509","1225","202509","2","386.6"
"20250610","DRV","KR4101W90007","코스피200 F 202509","1226","202509","2","386.8"
"20250610","DRV","KR4101W90007","코스피200 F 202509","1227","202509","2","386.75"
"20250610","DRV","KR4101W90007","코스피200 F 202509","1228","202509","2","386.6"
"20250610","DRV","KR4101W90007","코스피200 F 202509","1229","202509","2","386.65"
"20250610","DRV","KR4101W90007","코스피200 F 202509","1230","202509","2","386.7"
"20250610","DRV","KR4101W90007","코스피200 F 202509","1231","202509","2","386.65"
"20250610","DRV","KR4101W90007","코스피200 F 202509","1232","202509","2","386.75"
"20250610","DRV","KR4101W90007","코스피200 F 202509","1233","202509","2","386.6"
"20250610","DRV","KR4101W90007","코스피200 F 202509","1234","202509","2","386.5"
"20250610","DRV","KR4101W90007","코스피200 F 202509","1235","202509","2","386.85"
"20250610","DRV","KR4101W90007","코스피200 F 202509","1236","202509","2","386.9"
"20250610","DRV","KR4101W90007","코스피200 F 202509","1237","202509","2","387.1"
"20250610","DRV","KR4101W90007","코스피200 F 202509","1238","202509","2","387.1"
"20250610","DRV","KR4101W90007","코스피200 F 202509","1239","202509","2","387.2"
"20250610","DRV","KR4101W90007","코스피200 F 202509","1240","202509","2","387.15"
"20250610","DRV","KR4101W90007","코스피200 F 202509","1241","202509","2","387.25"
"20250610","DRV","KR4101W90007","코스피200 F 202509","1242","202509","2","387.4"
"20250610","DRV","KR4101W90007","코스피200 F 202509","1243","202509","2","387.4"
"20250610","DRV","KR4101W90007","코스피200 F 202509","1244","202509","2","387.4"
"20250610","DRV","KR4101W90007","코스피200 F 202509","1245","202509","2","387.3"
"20250610","DRV","KR4101W90007","코스피200 F 202509","1246","202509","2","387.35"
"20250610","DRV","KR4101W90007","코스피200 F 202509","1247","202509","2","387.3"
"20250610","DRV","KR4101W90007","코스피200 F 202509","1248","202509","2","387.45"
"20250610","DRV","KR4101W90007","코스피200 F 202509","1249","202509","2","387.4"
"20250610","DRV","KR4101W90007","코스피200 F 202509","1250","202509","2","387.4"
"20250610","DRV","KR4101W90007","코스피200 F 202509","1251","202509","2","387.45"
"20250610","DRV","KR4101W90007","코스피200 F 202509","1252","202509","2","387.5"
"20250610","DRV","KR4101W90007","코스피200 F 202509","1253","202509","2","387.45"
"20250610","DRV","KR4101W90007","코스피200 F 202509","1254","202509","2","387.3"
"20250610","DRV","KR4101W90007","코스피200 F 202509","1255","202509","2","387.25"
"20250610","DRV","KR4101W90007","코스피200 F 202509","1256","202509","2","387.15"
"20250610","DRV","KR4101W90007","코스피200 F 202509","1257","202509","2","387.15"
"20250610","DRV","KR4101W90007","코스피200 F 202509","1258","202509","2","387.15"
"20250610","DRV","KR4101W90007","코스피200 F 202509","1259","202509","2","387.05"
"20250610","DRV","KR4101W90007","코스피200 F 202509","1300","202509","2","387.05"
"20250610","DRV","KR4101W90007","코스피200 F 202509","1301","202509","2","387.15"
"20250610","DRV","KR4101W90007","코스피200 F 202509","1302","202509","2","387"
"20250610","DRV","KR4101W90007","코스피200 F 202509","1303","202509","2","387.1"
"20250610","DRV","KR4101W90007","코스피200 F 202509","1304","202509","2","386.9"
"20250610","DRV","KR4101W90007","코스피200 F 202509","1305","202509","2","386.85"
"20250610","DRV","KR4101W90007","코스피200 F 202509","1306","202509","2","386.8"
"20250610","DRV","KR4101W90007","코스피200 F 202509","1307","202509","2","386.65"
"20250610","DRV","KR4101W90007","코스피200 F 202509","1308","202509","2","386.5"
"20250610","DRV","KR4101W90007","코스피200 F 202509","1309","202509","2","386.4"
"20250610","DRV","KR4101W90007","코스피200 F 202509","1310","202509","2","386.45"
"20250610","DRV","KR4101W90007","코스피200 F 202509","1311","202509","2","386.3"
"20250610","DRV","KR4101W90007","코스피200 F 202509","1312","202509","2","386.25"
"20250610","DRV","KR4101W90007","코스피200 F 202509","1313","202509","2","386.3"
"20250610","DRV","KR4101W90007","코스피200 F 202509","1314","202509","2","386.1"
"20250610","DRV","KR4101W90007","코스피200 F 202509","1315","202509","2","386.15"
"20250610","DRV","KR4101W90007","코스피200 F 202509","1316","202509","2","386"
"20250610","DRV","KR4101W90007","코스피200 F 202509","1317","202509","2","386"
"20250610","DRV","KR4101W90007","코스피200 F 202509","1318","202509","2","385.95"
"20250610","DRV","KR4101W90007","코스피200 F 202509","1319","202509","2","385.85"
"20250610","DRV","KR4101W90007","코스피200 F 202509","1320","202509","2","385.6"
"20250610","DRV","KR4101W90007","코스피200 F 202509","1321","202509","2","385.75"
"20250610","DRV","KR4101W90007","코스피200 F 202509","1322","202509","2","385.35"
"20250610","DRV","KR4101W90007","코스피200 F 202509","1323","202509","2","385.25"
"20250610","DRV","KR4101W90007","코스피200 F 202509","1324","202509","2","385.15"
"20250610","DRV","KR4101W90007","코스피200 F 202509","1325","202509","2","384.9"
"20250610","DRV","KR4101W90007","코스피200 F 202509","1326","202509","2","384.9"
"20250610","DRV","KR4101W90007","코스피200 F 202509","1327","202509","2","384.9"
"20250610","DRV","KR4101W90007","코스피200 F 202509","1328","202509","2","384.7"
"20250610","DRV","KR4101W90007","코스피200 F 202509","1329","202509","2","384.45"
"20250610","DRV","KR4101W90007","코스피200 F 202509","1330","202509","2","384.55"
"20250610","DRV","KR4101W90007","코스피200 F 202509","1331","202509","2","384.55"
"20250610","DRV","KR4101W90007","코스피200 F 202509","1332","202509","2","384.35"
"20250610","DRV","KR4101W90007","코스피200 F 202509","1333","202509","2","384.3"
"20250610","DRV","KR4101W90007","코스피200 F 202509","1334","202509","2","384.45"
"20250610","DRV","KR4101W90007","코스피200 F 202509","1335","202509","2","384.5"
"20250610","DRV","KR4101W90007","코스피200 F 202509","1336","202509","2","384.6"
"20250610","DRV","KR4101W90007","코스피200 F 202509","1337","202509","2","384.75"
"20250610","DRV","KR4101W90007","코스피200 F 202509","1338","202509","2","384.55"
"20250610","DRV","KR4101W90007","코스피200 F 202509","1339","202509","2","384.35"
"20250610","DRV","KR4101W90007","코스피200 F 202509","1340","202509","2","384.55"
"20250610","DRV","KR4101W90007","코스피200 F 202509","1341","202509","2","384.55"
"20250610","DRV","KR4101W90007","코스피200 F 202509","1342","202509","2","384.65"
"20250610","DRV","KR4101W90007","코스피200 F 202509","1343","202509","2","384.8"
"20250610","DRV","KR4101W90007","코스피200 F 202509","1344","202509","2","384.75"
"20250610","DRV","KR4101W90007","코스피200 F 202509","1345","202509","2","384.7"
"20250610","DRV","KR4101W90007","코스피200 F 202509","1346","202509","2","384.75"
"20250610","DRV","KR4101W90007","코스피200 F 202509","1347","202509","2","384.85"
"20250610","DRV","KR4101W90007","코스피200 F 202509","1348","202509","2","385"
"20250610","DRV","KR4101W90007","코스피200 F 202509","1349","202509","2","385.2"
"20250610","DRV","KR4101W90007","코스피200 F 202509","1350","202509","2","385.2"
"20250610","DRV","KR4101W90007","코스피200 F 202509","1351","202509","2","385"
"20250610","DRV","KR4101W90007","코스피200 F 202509","1352","202509","2","384.95"
"20250610","DRV","KR4101W90007","코스피200 F 202509","1353","202509","2","384.9"
"20250610","DRV","KR4101W90007","코스피200 F 202509","1354","202509","2","384.9"
"20250610","DRV","KR4101W90007","코스피200 F 202509","1355","202509","2","384.65"
"20250610","DRV","KR4101W90007","코스피200 F 202509","1356","202509","2","384.75"
"20250610","DRV","KR4101W90007","코스피200 F 202509","1357","202509","2","384.7"
"20250610","DRV","KR4101W90007","코스피200 F 202509","1358","202509","2","384.8"
"20250610","DRV","KR4101W90007","코스피200 F 202509","1359","202509","2","384.75"
"20250610","DRV","KR4101W90007","코스피200 F 202509","1400","202509","2","384.9"
"20250610","DRV","KR4101W90007","코스피200 F 202509","1401","202509","2","384.85"
"20250610","DRV","KR4101W90007","코스피200 F 202509","1402","202509","2","385.15"
"20250610","DRV","KR4101W90007","코스피200 F 202509","1403","202509","2","385.3"
"20250610","DRV","KR4101W90007","코스피200 F 202509","1404","202509","2","385.5"
"20250610","DRV","KR4101W90007","코스피200 F 202509","1405","202509","2","385.25"
"20250610","DRV","KR4101W90007","코스피200 F 202509","1406","202509","2","385.5"
"20250610","DRV","KR4101W90007","코스피200 F 202509","1407","202509","2","385.35"
"20250610","DRV","KR4101W90007","코스피200 F 202509","1408","202509","2","385.35"
"20250610","DRV","KR4101W90007","코스피200 F 202509","1409","202509","2","385.25"
"20250610","DRV","KR4101W90007","코스피200 F 202509","1410","202509","2","385.3"
"20250610","DRV","KR4101W90007","코스피200 F 202509","1411","202509","2","385.35"
"20250610","DRV","KR4101W90007","코스피200 F 202509","1412","202509","2","385.2"
"20250610","DRV","KR4101W90007","코스피200 F 202509","1413","202509","2","385.25"
"20250610","DRV","KR4101W90007","코스피200 F 202509","1414","202509","2","385.2"
"20250610","DRV","KR4101W90007","코스피200 F 202509","1415","202509","2","385.1"
"20250610","DRV","KR4101W90007","코스피200 F 202509","1416","202509","2","384.85"
"20250610","DRV","KR4101W90007","코스피200 F 202509","1417","202509","2","384.65"
"20250610","DRV","KR4101W90007","코스피200 F 202509","1418","202509","2","384.7"
"20250610","DRV","KR4101W90007","코스피200 F 202509","1419","202509","2","384.6"
"20250610","DRV","KR4101W90007","코스피200 F 202509","1420","202509","2","384.4"
"20250610","DRV","KR4101W90007","코스피200 F 202509","1421","202509","2","384.3"
"20250610","DRV","KR4101W90007","코스피200 F 202509","1422","202509","2","383.9"
"20250610","DRV","KR4101W90007","코스피200 F 202509","1423","202509","2","383.85"
"20250610","DRV","KR4101W90007","코스피200 F 202509","1424","202509","2","383.85"
"20250610","DRV","KR4101W90007","코스피200 F 202509","1425","202509","2","383.85"
"20250610","DRV","KR4101W90007","코스피200 F 202509","1426","202509","2","383.65"
"20250610","DRV","KR4101W90007","코스피200 F 202509","1427","202509","2","383.85"
"20250610","DRV","KR4101W90007","코스피200 F 202509","1428","202509","2","383.6"
"20250610","DRV","KR4101W90007","코스피200 F 202509","1429","202509","2","383.6"
"20250610","DRV","KR4101W90007","코스피200 F 202509","1430","202509","2","383.65"
"20250610","DRV","KR4101W90007","코스피200 F 202509","1431","202509","2","383.65"
"20250610","DRV","KR4101W90007","코스피200 F 202509","1432","202509","2","383.3"
"20250610","DRV","KR4101W90007","코스피200 F 202509","1433","202509","2","383.25"
"20250610","DRV","KR4101W90007","코스피200 F 202509","1434","202509","2","383.5"
"20250610","DRV","KR4101W90007","코스피200 F 202509","1435","202509","2","383.8"
"20250610","DRV","KR4101W90007","코스피200 F 202509","1436","202509","2","383.9"
"20250610","DRV","KR4101W90007","코스피200 F 202509","1437","202509","2","384.2"
"20250610","DRV","KR4101W90007","코스피200 F 202509","1438","202509","2","384.4"
"20250610","DRV","KR4101W90007","코스피200 F 202509","1439","202509","2","384.65"
"20250610","DRV","KR4101W90007","코스피200 F 202509","1440","202509","2","384.45"
"20250610","DRV","KR4101W90007","코스피200 F 202509","1441","202509","2","384.45"
"20250610","DRV","KR4101W90007","코스피200 F 202509","1442","202509","2","384.35"
"20250610","DRV","KR4101W90007","코스피200 F 202509","1443","202509","2","384.3"
"20250610","DRV","KR4101W90007","코스피200 F 202509","1444","202509","2","384.4"
"20250610","DRV","KR4101W90007","코스피200 F 202509","1445","202509","2","384.3"
"20250610","DRV","KR4101W90007","코스피200 F 202509","1446","202509","2","384.1"
"20250610","DRV","KR4101W90007","코스피200 F 202509","1447","202509","2","383.85"
"20250610","DRV","KR4101W90007","코스피200 F 202509","1448","202509","2","384.05"
"20250610","DRV","KR4101W90007","코스피200 F 202509","1449","202509","2","383.8"
"20250610","DRV","KR4101W90007","코스피200 F 202509","1450","202509","2","383.85"
"20250610","DRV","KR4101W90007","코스피200 F 202509","1451","202509","2","383.85"
"20250610","DRV","KR4101W90007","코스피200 F 202509","1452","202509","2","383.9"
"20250610","DRV","KR4101W90007","코스피200 F 202509","1453","202509","2","384.1"
"20250610","DRV","KR4101W90007","코스피200 F 202509","1454","202509","2","384.1"
"20250610","DRV","KR4101W90007","코스피200 F 202509","1455","202509","2","384.25"
"20250610","DRV","KR4101W90007","코스피200 F 202509","1456","202509","2","384.2"
"20250610","DRV","KR4101W90007","코스피200 F 202509","1457","202509","2","384.2"
"20250610","DRV","KR4101W90007","코스피200 F 202509","1458","202509","2","384.25"
"20250610","DRV","KR4101W90007","코스피200 F 202509","1459","202509","2","384.2"
"20250610","DRV","KR4101W90007","코스피200 F 202509","1500","202509","2","384.35"
"20250610","DRV","KR4101W90007","코스피200 F 202509","1501","202509","2","384.3"
"20250610","DRV","KR4101W90007","코스피200 F 202509","1502","202509","2","384.15"
"20250610","DRV","KR4101W90007","코스피200 F 202509","1503","202509","2","384.35"
"20250610","DRV","KR4101W90007","코스피200 F 202509","1504","202509","2","384.3"
"20250610","DRV","KR4101W90007","코스피200 F 202509","1505","202509","2","384.4"
"20250610","DRV","KR4101W90007","코스피200 F 202509","1506","202509","2","384.4"
"20250610","DRV","KR4101W90007","코스피200 F 202509","1507","202509","2","384.3"
"20250610","DRV","KR4101W90007","코스피200 F 202509","1508","202509","2","384.65"
"20250610","DRV","KR4101W90007","코스피200 F 202509","1509","202509","2","384.65"
"20250610","DRV","KR4101W90007","코스피200 F 202509","1510","202509","2","384.7"
"20250610","DRV","KR4101W90007","코스피200 F 202509","1511","202509","2","384.85"
"20250610","DRV","KR4101W90007","코스피200 F 202509","1512","202509","2","384.85"
"20250610","DRV","KR4101W90007","코스피200 F 202509","1513","202509","2","384.75"
"20250610","DRV","KR4101W90007","코스피200 F 202509","1514","202509","2","384.85"
"20250610","DRV","KR4101W90007","코스피200 F 202509","1515","202509","2","385"
"20250610","DRV","KR4101W90007","코스피200 F 202509","1516","202509","2","384.85"
"20250610","DRV","KR4101W90007","코스피200 F 202509","1517","202509","2","384.85"
"20250610","DRV","KR4101W90007","코스피200 F 202509","1518","202509","2","385"
"20250610","DRV","KR4101W90007","코스피200 F 202509","1519","202509","2","385.2"
"20250610","DRV","KR4101W90007","코스피200 F 202509","1520","202509","2","385.1"
"20250610","DRV","KR4101W90007","코스피200 F 202509","1521","202509","2","385.2"
"20250610","DRV","KR4101W90007","코스피200 F 202509","1522","202509","2","385.1"
"20250610","DRV","KR4101W90007","코스피200 F 202509","1523","202509","2","385.15"
"20250610","DRV","KR4101W90007","코스피200 F 202509","1524","202509","2","385.2"
"20250610","DRV","KR4101W90007","코스피200 F 202509","1525","202509","2","385.5"
"20250610","DRV","KR4101W90007","코스피200 F 202509","1526","202509","2","385.35"
"20250610","DRV","KR4101W90007","코스피200 F 202509","1527","202509","2","385.35"
"20250610","DRV","KR4101W90007","코스피200 F 202509","1528","202509","2","385.2"
"20250610","DRV","KR4101W90007","코스피200 F 202509","1529","202509","2","385.4"
"20250610","DRV","KR4101W90007","코스피200 F 202509","1530","202509","2","385.4"
"20250610","DRV","KR4101W90007","코스피200 F 202509","1531","202509","2","385.2"
"20250610","DRV","KR4101W90007","코스피200 F 202509","1532","202509","2","385.3"
"20250610","DRV","KR4101W90007","코스피200 F 202509","1533","202509","2","385.25"
"20250610","DRV","KR4101W90007","코스피200 F 202509","1534","202509","2","385.2"
"20250610","DRV","KR4101W90007","코스피200 F 202509","1535","202509","2",
"20250610","DRV","KR4101W90007","코스피200 F 202509","1536","202509","2",
"20250610","DRV","KR4101W90007","코스피200 F 202509","1545","202509","2","385.25"
"20250610","DRV","KR4101WC0003","코스피200 F 202512","0903","202512","3","385.05"
"20250610","DRV","KR4101WC0003","코스피200 F 202512","0913","202512","3","382.9"
"20250610","DRV","KR4101WC0003","코스피200 F 202512","0919","202512","3","385.05"
"20250610","DRV","KR4101WC0003","코스피200 F 202512","0929","202512","3","386.1"
"20250610","DRV","KR4101WC0003","코스피200 F 202512","0931","202512","3","385.05"
"20250610","DRV","KR4101WC0003","코스피200 F 202512","0932","202512","3","386.8"
"20250610","DRV","KR4101WC0003","코스피200 F 202512","1010","202512","3","386.8"
"20250610","DRV","KR4101WC0003","코스피200 F 202512","1011","202512","3","387"
"20250610","DRV","KR4101WC0003","코스피200 F 202512","1033","202512","3","387.05"
"20250610","DRV","KR4101WC0003","코스피200 F 202512","1200","202512","3","387.5"
"20250610","DRV","KR4101WC0003","코스피200 F 202512","1328","202512","3","385"
"20250610","DRV","KR4101WC0003","코스피200 F 202512","1336","202512","3","385.35"
"20250610","DRV","KR4101WC0003","코스피200 F 202512","1337","202512","3","385.5"
"20250610","DRV","KR4101WC0003","코스피200 F 202512","1343","202512","3","385.5"
"20250610","DRV","KR4101WC0003","코스피200 F 202512","1349","202512","3","385.85"
"20250610","DRV","KR4101WC0003","코스피200 F 202512","1400","202512","3","385.75"
"20250610","DRV","KR4101WC0003","코스피200 F 202512","1402","202512","3","385.9"
"20250610","DRV","KR4101WC0003","코스피200 F 202512","1404","202512","3","386.15"
"20250610","DRV","KR4101WC0003","코스피200 F 202512","1432","202512","3","384.2"
"20250610","DRV","KR4401W6W9S8","코스피200 SP 2506-2509","0845","202506","1","0.85"
"20250610","DRV","KR4401W6W9S8","코스피200 SP 2506-2509","0846","202506","1","0.9"
"20250610","DRV","KR4401W6W9S8","코스피200 SP 2506-2509","0847","202506","1","0.85"
"20250610","DRV","KR4401W6W9S8","코스피200 SP 2506-2509","0848","202506","1","0.9"
"20250610","DRV","KR4401W6W9S8","코스피200 SP 2506-2509","0849","202506","1","0.95"
"20250610","DRV","KR4401W6W9S8","코스피200 SP 2506-2509","0850","202506","1","0.9"
"20250610","DRV","KR4401W6W9S8","코스피200 SP 2506-2509","0851","202506","1","0.95"
"20250610","DRV","KR4401W6W9S8","코스피200 SP 2506-2509","0852","202506","1","0.95"
"20250610","DRV","KR4401W6W9S8","코스피200 SP 2506-2509","0853","202506","1","0.95"
"20250610","DRV","KR4401W6W9S8","코스피200 SP 2506-2509","0854","202506","1","0.95"
"20250610","DRV","KR4401W6W9S8","코스피200 SP 2506-2509","0855","202506","1","0.95"
"20250610","DRV","KR4401W6W9S8","코스피200 SP 2506-2509","0856","202506","1","0.95"
"20250610","DRV","KR4401W6W9S8","코스피200 SP 2506-2509","0857","202506","1","0.9"
"20250610","DRV","KR4401W6W9S8","코스피200 SP 2506-2509","0858","202506","1","0.95"
"20250610","DRV","KR4401W6W9S8","코스피200 SP 2506-2509","0859","202506","1","0.95"
"20250610","DRV","KR4401W6W9S8","코스피200 SP 2506-2509","0900","202506","1","0.95"
"20250610","DRV","KR4401W6W9S8","코스피200 SP 2506-2509","0901","202506","1","0.95"
"20250610","DRV","KR4401W6W9S8","코스피200 SP 2506-2509","0902","202506","1","0.95"
"20250610","DRV","KR4401W6W9S8","코스피200 SP 2506-2509","0903","202506","1","0.95"
"20250610","DRV","KR4401W6W9S8","코스피200 SP 2506-2509","0904","202506","1","0.85"
"20250610","DRV","KR4401W6W9S8","코스피200 SP 2506-2509","0905","202506","1","0.9"
"20250610","DRV","KR4401W6W9S8","코스피200 SP 2506-2509","0906","202506","1","0.9"
"20250610","DRV","KR4401W6W9S8","코스피200 SP 2506-2509","0907","202506","1","0.9"
"20250610","DRV","KR4401W6W9S8","코스피200 SP 2506-2509","0908","202506","1","0.9"
"20250610","DRV","KR4401W6W9S8","코스피200 SP 2506-2509","0909","202506","1","0.9"
"20250610","DRV","KR4401W6W9S8","코스피200 SP 2506-2509","0910","202506","1","0.9"
"20250610","DRV","KR4401W6W9S8","코스피200 SP 2506-2509","0911","202506","1","0.85"
"20250610","DRV","KR4401W6W9S8","코스피200 SP 2506-2509","0912","202506","1","0.85"
"20250610","DRV","KR4401W6W9S8","코스피200 SP 2506-2509","0913","202506","1","0.85"
"20250610","DRV","KR4401W6W9S8","코스피200 SP 2506-2509","0914","202506","1","0.85"
"20250610","DRV","KR4401W6W9S8","코스피200 SP 2506-2509","0915","202506","1","0.85"
"20250610","DRV","KR4401W6W9S8","코스피200 SP 2506-2509","0916","202506","1","0.8"
"20250610","DRV","KR4401W6W9S8","코스피200 SP 2506-2509","0917","202506","1","0.8"
"20250610","DRV","KR4401W6W9S8","코스피200 SP 2506-2509","0918","202506","1","0.85"
"20250610","DRV","KR4401W6W9S8","코스피200 SP 2506-2509","0919","202506","1","0.8"
"20250610","DRV","KR4401W6W9S8","코스피200 SP 2506-2509","0920","202506","1","0.8"
"20250610","DRV","KR4401W6W9S8","코스피200 SP 2506-2509","0921","202506","1","0.8"
"20250610","DRV","KR4401W6W9S8","코스피200 SP 2506-2509","0922","202506","1","0.8"
"20250610","DRV","KR4401W6W9S8","코스피200 SP 2506-2509","0923","202506","1","0.85"
"20250610","DRV","KR4401W6W9S8","코스피200 SP 2506-2509","0924","202506","1","0.8"
"20250610","DRV","KR4401W6W9S8","코스피200 SP 2506-2509","0925","202506","1","0.8"
"20250610","DRV","KR4401W6W9S8","코스피200 SP 2506-2509","0926","202506","1","0.85"
"20250610","DRV","KR4401W6W9S8","코스피200 SP 2506-2509","0927","202506","1","0.8"
"20250610","DRV","KR4401W6W9S8","코스피200 SP 2506-2509","0928","202506","1","0.8"
"20250610","DRV","KR4401W6W9S8","코스피200 SP 2506-2509","0929","202506","1","0.8"
"20250610","DRV","KR4401W6W9S8","코스피200 SP 2506-2509","0930","202506","1","0.8"
"20250610","DRV","KR4401W6W9S8","코스피200 SP 2506-2509","0931","202506","1","0.8"
"20250610","DRV","KR4401W6W9S8","코스피200 SP 2506-2509","0932","202506","1","0.8"
"20250610","DRV","KR4401W6W9S8","코스피200 SP 2506-2509","0933","202506","1","0.8"
"20250610","DRV","KR4401W6W9S8","코스피200 SP 2506-2509","0934","202506","1","0.8"
"20250610","DRV","KR4401W6W9S8","코스피200 SP 2506-2509","0935","202506","1","0.8"
"20250610","DRV","KR4401W6W9S8","코스피200 SP 2506-2509","0936","202506","1","0.85"
"20250610","DRV","KR4401W6W9S8","코스피200 SP 2506-2509","0937","202506","1","0.85"
"20250610","DRV","KR4401W6W9S8","코스피200 SP 2506-2509","0938","202506","1","0.85"
"20250610","DRV","KR4401W6W9S8","코스피200 SP 2506-2509","0939","202506","1","0.85"
"20250610","DRV","KR4401W6W9S8","코스피200 SP 2506-2509","0940","202506","1","0.85"
"20250610","DRV","KR4401W6W9S8","코스피200 SP 2506-2509","0941","202506","1","0.8"
"20250610","DRV","KR4401W6W9S8","코스피200 SP 2506-2509","0942","202506","1","0.9"
"20250610","DRV","KR4401W6W9S8","코스피200 SP 2506-2509","0943","202506","1","0.85"
"20250610","DRV","KR4401W6W9S8","코스피200 SP 2506-2509","0944","202506","1","0.85"
"20250610","DRV","KR4401W6W9S8","코스피200 SP 2506-2509","0945","202506","1","0.85"
"20250610","DRV","KR4401W6W9S8","코스피200 SP 2506-2509","0946","202506","1","0.9"
"20250610","DRV","KR4401W6W9S8","코스피200 SP 2506-2509","0947","202506","1","0.85"
"20250610","DRV","KR4401W6W9S8","코스피200 SP 2506-2509","0948","202506","1","0.85"
"20250610","DRV","KR4401W6W9S8","코스피200 SP 2506-2509","0949","202506","1","0.85"
"20250610","DRV","KR4401W6W9S8","코스피200 SP 2506-2509","0950","202506","1","0.9"
"20250610","DRV","KR4401W6W9S8","코스피200 SP 2506-2509","0951","202506","1","0.9"
"20250610","DRV","KR4401W6W9S8","코스피200 SP 2506-2509","0952","202506","1","0.85"
"20250610","DRV","KR4401W6W9S8","코스피200 SP 2506-2509","0953","202506","1","0.9"
"20250610","DRV","KR4401W6W9S8","코스피200 SP 2506-2509","0954","202506","1","0.85"
"20250610","DRV","KR4401W6W9S8","코스피200 SP 2506-2509","0955","202506","1","0.9"
"20250610","DRV","KR4401W6W9S8","코스피200 SP 2506-2509","0956","202506","1","0.85"
"20250610","DRV","KR4401W6W9S8","코스피200 SP 2506-2509","0957","202506","1","0.85"
"20250610","DRV","KR4401W6W9S8","코스피200 SP 2506-2509","0958","202506","1","0.9"
"20250610","DRV","KR4401W6W9S8","코스피200 SP 2506-2509","0959","202506","1","0.85"
"20250610","DRV","KR4401W6W9S8","코스피200 SP 2506-2509","1000","202506","1","0.85"
"20250610","DRV","KR4401W6W9S8","코스피200 SP 2506-2509","1001","202506","1","0.85"
"20250610","DRV","KR4401W6W9S8","코스피200 SP 2506-2509","1002","202506","1","0.8"
"20250610","DRV","KR4401W6W9S8","코스피200 SP 2506-2509","1003","202506","1","0.85"
"20250610","DRV","KR4401W6W9S8","코스피200 SP 2506-2509","1004","202506","1","0.8"
"20250610","DRV","KR4401W6W9S8","코스피200 SP 2506-2509","1005","202506","1","0.8"
"20250610","DRV","KR4401W6W9S8","코스피200 SP 2506-2509","1006","202506","1","0.8"
"20250610","DRV","KR4401W6W9S8","코스피200 SP 2506-2509","1007","202506","1","0.8"
"20250610","DRV","KR4401W6W9S8","코스피200 SP 2506-2509","1008","202506","1","0.8"
"20250610","DRV","KR4401W6W9S8","코스피200 SP 2506-2509","1009","202506","1","0.85"
"20250610","DRV","KR4401W6W9S8","코스피200 SP 2506-2509","1010","202506","1","0.8"
"20250610","DRV","KR4401W6W9S8","코스피200 SP 2506-2509","1011","202506","1","0.85"
"20250610","DRV","KR4401W6W9S8","코스피200 SP 2506-2509","1012","202506","1","0.85"
"20250610","DRV","KR4401W6W9S8","코스피200 SP 2506-2509","1013","202506","1","0.8"
"20250610","DRV","KR4401W6W9S8","코스피200 SP 2506-2509","1014","202506","1","0.8"
"20250610","DRV","KR4401W6W9S8","코스피200 SP 2506-2509","1015","202506","1","0.85"
"20250610","DRV","KR4401W6W9S8","코스피200 SP 2506-2509","1016","202506","1","0.85"
"20250610","DRV","KR4401W6W9S8","코스피200 SP 2506-2509","1017","202506","1","0.8"
"20250610","DRV","KR4401W6W9S8","코스피200 SP 2506-2509","1018","202506","1","0.85"
"20250610","DRV","KR4401W6W9S8","코스피200 SP 2506-2509","1019","202506","1","0.8"
"20250610","DRV","KR4401W6W9S8","코스피200 SP 2506-2509","1020","202506","1","0.8"
"20250610","DRV","KR4401W6W9S8","코스피200 SP 2506-2509","1021","202506","1","0.8"
"20250610","DRV","KR4401W6W9S8","코스피200 SP 2506-2509","1022","202506","1","0.85"
"20250610","DRV","KR4401W6W9S8","코스피200 SP 2506-2509","1023","202506","1","0.8"
"20250610","DRV","KR4401W6W9S8","코스피200 SP 2506-2509","1024","202506","1","0.8"
"20250610","DRV","KR4401W6W9S8","코스피200 SP 2506-2509","1025","202506","1","0.85"
"20250610","DRV","KR4401W6W9S8","코스피200 SP 2506-2509","1026","202506","1","0.8"
"20250610","DRV","KR4401W6W9S8","코스피200 SP 2506-2509","1027","202506","1","0.8"
"20250610","DRV","KR4401W6W9S8","코스피200 SP 2506-2509","1028","202506","1","0.8"
"20250610","DRV","KR4401W6W9S8","코스피200 SP 2506-2509","1029","202506","1","0.8"
"20250610","DRV","KR4401W6W9S8","코스피200 SP 2506-2509","1030","202506","1","0.85"
"20250610","DRV","KR4401W6W9S8","코스피200 SP 2506-2509","1031","202506","1","0.85"
"20250610","DRV","KR4401W6W9S8","코스피200 SP 2506-2509","1032","202506","1","0.8"
"20250610","DRV","KR4401W6W9S8","코스피200 SP 2506-2509","1033","202506","1","0.8"
"20250610","DRV","KR4401W6W9S8","코스피200 SP 2506-2509","1034","202506","1","0.85"
"20250610","DRV","KR4401W6W9S8","코스피200 SP 2506-2509","1035","202506","1","0.8"
"20250610","DRV","KR4401W6W9S8","코스피200 SP 2506-2509","1036","202506","1","0.85"
"20250610","DRV","KR4401W6W9S8","코스피200 SP 2506-2509","1037","202506","1","0.8"
"20250610","DRV","KR4401W6W9S8","코스피200 SP 2506-2509","1038","202506","1","0.8"
"20250610","DRV","KR4401W6W9S8","코스피200 SP 2506-2509","1039","202506","1","0.8"
"20250610","DRV","KR4401W6W9S8","코스피200 SP 2506-2509","1040","202506","1","0.8"
"20250610","DRV","KR4401W6W9S8","코스피200 SP 2506-2509","1041","202506","1","0.85"
"20250610","DRV","KR4401W6W9S8","코스피200 SP 2506-2509","1042","202506","1","0.85"
"20250610","DRV","KR4401W6W9S8","코스피200 SP 2506-2509","1043","202506","1","0.85"
"20250610","DRV","KR4401W6W9S8","코스피200 SP 2506-2509","1044","202506","1","0.8"
"20250610","DRV","KR4401W6W9S8","코스피200 SP 2506-2509","1045","202506","1","0.85"
"20250610","DRV","KR4401W6W9S8","코스피200 SP 2506-2509","1046","202506","1","0.8"
"20250610","DRV","KR4401W6W9S8","코스피200 SP 2506-2509","1047","202506","1","0.85"
"20250610","DRV","KR4401W6W9S8","코스피200 SP 2506-2509","1048","202506","1","0.8"
"20250610","DRV","KR4401W6W9S8","코스피200 SP 2506-2509","1049","202506","1","0.85"
"20250610","DRV","KR4401W6W9S8","코스피200 SP 2506-2509","1050","202506","1","0.8"
"20250610","DRV","KR4401W6W9S8","코스피200 SP 2506-2509","1051","202506","1","0.85"
"20250610","DRV","KR4401W6W9S8","코스피200 SP 2506-2509","1052","202506","1","0.8"
"20250610","DRV","KR4401W6W9S8","코스피200 SP 2506-2509","1053","202506","1","0.8"
"20250610","DRV","KR4401W6W9S8","코스피200 SP 2506-2509","1054","202506","1","0.8"
"20250610","DRV","KR4401W6W9S8","코스피200 SP 2506-2509","1055","202506","1","0.85"
"20250610","DRV","KR4401W6W9S8","코스피200 SP 2506-2509","1056","202506","1","0.85"
"20250610","DRV","KR4401W6W9S8","코스피200 SP 2506-2509","1057","202506","1","0.9"
"20250610","DRV","KR4401W6W9S8","코스피200 SP 2506-2509","1058","202506","1","0.9"
"20250610","DRV","KR4401W6W9S8","코스피200 SP 2506-2509","1059","202506","1","0.85"
"20250610","DRV","KR4401W6W9S8","코스피200 SP 2506-2509","1100","202506","1","0.9"
"20250610","DRV","KR4401W6W9S8","코스피200 SP 2506-2509","1101","202506","1","0.85"
"20250610","DRV","KR4401W6W9S8","코스피200 SP 2506-2509","1102","202506","1","0.85"
"20250610","DRV","KR4401W6W9S8","코스피200 SP 2506-2509","1103","202506","1","0.9"
"20250610","DRV","KR4401W6W9S8","코스피200 SP 2506-2509","1104","202506","1","0.85"
"20250610","DRV","KR4401W6W9S8","코스피200 SP 2506-2509","1105","202506","1","0.85"
"20250610","DRV","KR4401W6W9S8","코스피200 SP 2506-2509","1106","202506","1","0.9"
"20250610","DRV","KR4401W6W9S8","코스피200 SP 2506-2509","1107","202506","1","0.85"
"20250610","DRV","KR4401W6W9S8","코스피200 SP 2506-2509","1108","202506","1","0.85"
"20250610","DRV","KR4401W6W9S8","코스피200 SP 2506-2509","1109","202506","1","0.85"
"20250610","DRV","KR4401W6W9S8","코스피200 SP 2506-2509","1110","202506","1","0.85"
"20250610","DRV","KR4401W6W9S8","코스피200 SP 2506-2509","1111","202506","1","0.9"
"20250610","DRV","KR4401W6W9S8","코스피200 SP 2506-2509","1112","202506","1","0.85"
"20250610","DRV","KR4401W6W9S8","코스피200 SP 2506-2509","1113","202506","1","0.9"
"20250610","DRV","KR4401W6W9S8","코스피200 SP 2506-2509","1114","202506","1","0.85"
"20250610","DRV","KR4401W6W9S8","코스피200 SP 2506-2509","1115","202506","1","0.9"
"20250610","DRV","KR4401W6W9S8","코스피200 SP 2506-2509","1116","202506","1","0.9"
"20250610","DRV","KR4401W6W9S8","코스피200 SP 2506-2509","1117","202506","1","0.85"
"20250610","DRV","KR4401W6W9S8","코스피200 SP 2506-2509","1118","202506","1","0.85"
"20250610","DRV","KR4401W6W9S8","코스피200 SP 2506-2509","1119","202506","1","0.9"
"20250610","DRV","KR4401W6W9S8","코스피200 SP 2506-2509","1120","202506","1","0.85"
"20250610","DRV","KR4401W6W9S8","코스피200 SP 2506-2509","1121","202506","1","0.9"
"20250610","DRV","KR4401W6W9S8","코스피200 SP 2506-2509","1122","202506","1","0.85"
"20250610","DRV","KR4401W6W9S8","코스피200 SP 2506-2509","1123","202506","1","0.85"
"20250610","DRV","KR4401W6W9S8","코스피200 SP 2506-2509","1124","202506","1","0.85"
"20250610","DRV","KR4401W6W9S8","코스피200 SP 2506-2509","1125","202506","1","0.9"
"20250610","DRV","KR4401W6W9S8","코스피200 SP 2506-2509","1126","202506","1","0.9"
"20250610","DRV","KR4401W6W9S8","코스피200 SP 2506-2509","1127","202506","1","0.9"
"20250610","DRV","KR4401W6W9S8","코스피200 SP 2506-2509","1128","202506","1","0.85"
"20250610","DRV","KR4401W6W9S8","코스피200 SP 2506-2509","1129","202506","1","0.9"
"20250610","DRV","KR4401W6W9S8","코스피200 SP 2506-2509","1130","202506","1","0.9"
"20250610","DRV","KR4401W6W9S8","코스피200 SP 2506-2509","1131","202506","1","0.85"
"20250610","DRV","KR4401W6W9S8","코스피200 SP 2506-2509","1132","202506","1","0.9"
"20250610","DRV","KR4401W6W9S8","코스피200 SP 2506-2509","1133","202506","1","0.85"
"20250610","DRV","KR4401W6W9S8","코스피200 SP 2506-2509","1134","202506","1","0.9"
"20250610","DRV","KR4401W6W9S8","코스피200 SP 2506-2509","1135","202506","1","0.85"
"20250610","DRV","KR4401W6W9S8","코스피200 SP 2506-2509","1136","202506","1","0.9"
"20250610","DRV","KR4401W6W9S8","코스피200 SP 2506-2509","1137","202506","1","0.9"
"20250610","DRV","KR4401W6W9S8","코스피200 SP 2506-2509","1138","202506","1","0.85"
"20250610","DRV","KR4401W6W9S8","코스피200 SP 2506-2509","1139","202506","1","0.85"
"20250610","DRV","KR4401W6W9S8","코스피200 SP 2506-2509","1140","202506","1","0.9"
"20250610","DRV","KR4401W6W9S8","코스피200 SP 2506-2509","1141","202506","1","0.85"
"20250610","DRV","KR4401W6W9S8","코스피200 SP 2506-2509","1142","202506","1","0.85"
"20250610","DRV","KR4401W6W9S8","코스피200 SP 2506-2509","1143","202506","1","0.85"
"20250610","DRV","KR4401W6W9S8","코스피200 SP 2506-2509","1144","202506","1","0.85"
"20250610","DRV","KR4401W6W9S8","코스피200 SP 2506-2509","1145","202506","1","0.9"
"20250610","DRV","KR4401W6W9S8","코스피200 SP 2506-2509","1146","202506","1","0.85"
"20250610","DRV","KR4401W6W9S8","코스피200 SP 2506-2509","1147","202506","1","0.9"
"20250610","DRV","KR4401W6W9S8","코스피200 SP 2506-2509","1148","202506","1","0.85"
"20250610","DRV","KR4401W6W9S8","코스피200 SP 2506-2509","1149","202506","1","0.85"
"20250610","DRV","KR4401W6W9S8","코스피200 SP 2506-2509","1150","202506","1","0.85"
"20250610","DRV","KR4401W6W9S8","코스피200 SP 2506-2509","1151","202506","1","0.9"
"20250610","DRV","KR4401W6W9S8","코스피200 SP 2506-2509","1152","202506","1","0.9"
"20250610","DRV","KR4401W6W9S8","코스피200 SP 2506-2509","1153","202506","1","0.85"
"20250610","DRV","KR4401W6W9S8","코스피200 SP 2506-2509","1154","202506","1","0.9"
"20250610","DRV","KR4401W6W9S8","코스피200 SP 2506-2509","1155","202506","1","0.85"
"20250610","DRV","KR4401W6W9S8","코스피200 SP 2506-2509","1156","202506","1","0.85"
"20250610","DRV","KR4401W6W9S8","코스피200 SP 2506-2509","1157","202506","1","0.85"
"20250610","DRV","KR4401W6W9S8","코스피200 SP 2506-2509","1158","202506","1","0.9"
"20250610","DRV","KR4401W6W9S8","코스피200 SP 2506-2509","1159","202506","1","0.8"
"20250610","DRV","KR4401W6W9S8","코스피200 SP 2506-2509","1200","202506","1","0.8"
"20250610","DRV","KR4401W6W9S8","코스피200 SP 2506-2509","1201","202506","1","0.85"
"20250610","DRV","KR4401W6W9S8","코스피200 SP 2506-2509","1202","202506","1","0.8"
"20250610","DRV","KR4401W6W9S8","코스피200 SP 2506-2509","1203","202506","1","0.85"
"20250610","DRV","KR4401W6W9S8","코스피200 SP 2506-2509","1204","202506","1","0.85"
"20250610","DRV","KR4401W6W9S8","코스피200 SP 2506-2509","1205","202506","1","0.85"
"20250610","DRV","KR4401W6W9S8","코스피200 SP 2506-2509","1206","202506","1","0.85"
"20250610","DRV","KR4401W6W9S8","코스피200 SP 2506-2509","1207","202506","1","0.85"
"20250610","DRV","KR4401W6W9S8","코스피200 SP 2506-2509","1208","202506","1","0.85"
"20250610","DRV","KR4401W6W9S8","코스피200 SP 2506-2509","1209","202506","1","0.85"
"20250610","DRV","KR4401W6W9S8","코스피200 SP 2506-2509","1210","202506","1","0.85"
"20250610","DRV","KR4401W6W9S8","코스피200 SP 2506-2509","1211","202506","1","0.9"
"20250610","DRV","KR4401W6W9S8","코스피200 SP 2506-2509","1212","202506","1","0.8"
"20250610","DRV","KR4401W6W9S8","코스피200 SP 2506-2509","1213","202506","1","0.8"
"20250610","DRV","KR4401W6W9S8","코스피200 SP 2506-2509","1214","202506","1","0.8"
"20250610","DRV","KR4401W6W9S8","코스피200 SP 2506-2509","1215","202506","1","0.85"
"20250610","DRV","KR4401W6W9S8","코스피200 SP 2506-2509","1216","202506","1","0.8"
"20250610","DRV","KR4401W6W9S8","코스피200 SP 2506-2509","1217","202506","1","0.85"
"20250610","DRV","KR4401W6W9S8","코스피200 SP 2506-2509","1218","202506","1","0.85"
"20250610","DRV","KR4401W6W9S8","코스피200 SP 2506-2509","1219","202506","1","0.8"
"20250610","DRV","KR4401W6W9S8","코스피200 SP 2506-2509","1220","202506","1","0.8"
"20250610","DRV","KR4401W6W9S8","코스피200 SP 2506-2509","1221","202506","1","0.8"
"20250610","DRV","KR4401W6W9S8","코스피200 SP 2506-2509","1222","202506","1","0.8"
"20250610","DRV","KR4401W6W9S8","코스피200 SP 2506-2509","1223","202506","1","0.8"
"20250610","DRV","KR4401W6W9S8","코스피200 SP 2506-2509","1224","202506","1","0.8"
"20250610","DRV","KR4401W6W9S8","코스피200 SP 2506-2509","1225","202506","1","0.8"
"20250610","DRV","KR4401W6W9S8","코스피200 SP 2506-2509","1226","202506","1","0.85"
"20250610","DRV","KR4401W6W9S8","코스피200 SP 2506-2509","1227","202506","1","0.8"
"20250610","DRV","KR4401W6W9S8","코스피200 SP 2506-2509","1228","202506","1","0.85"
"20250610","DRV","KR4401W6W9S8","코스피200 SP 2506-2509","1229","202506","1","0.8"
"20250610","DRV","KR4401W6W9S8","코스피200 SP 2506-2509","1230","202506","1","0.8"
"20250610","DRV","KR4401W6W9S8","코스피200 SP 2506-2509","1231","202506","1","0.8"
"20250610","DRV","KR4401W6W9S8","코스피200 SP 2506-2509","1232","202506","1","0.8"
"20250610","DRV","KR4401W6W9S8","코스피200 SP 2506-2509","1233","202506","1","0.8"
"20250610","DRV","KR4401W6W9S8","코스피200 SP 2506-2509","1234","202506","1","0.8"
"20250610","DRV","KR4401W6W9S8","코스피200 SP 2506-2509","1235","202506","1","0.85"
"20250610","DRV","KR4401W6W9S8","코스피200 SP 2506-2509","1236","202506","1","0.85"
"20250610","DRV","KR4401W6W9S8","코스피200 SP 2506-2509","1237","202506","1","0.8"
"20250610","DRV","KR4401W6W9S8","코스피200 SP 2506-2509","1238","202506","1","0.8"
"20250610","DRV","KR4401W6W9S8","코스피200 SP 2506-2509","1239","202506","1","0.85"
"20250610","DRV","KR4401W6W9S8","코스피200 SP 2506-2509","1240","202506","1","0.8"
"20250610","DRV","KR4401W6W9S8","코스피200 SP 2506-2509","1241","202506","1","0.85"
"20250610","DRV","KR4401W6W9S8","코스피200 SP 2506-2509","1242","202506","1","0.8"
"20250610","DRV","KR4401W6W9S8","코스피200 SP 2506-2509","1243","202506","1","0.8"
"20250610","DRV","KR4401W6W9S8","코스피200 SP 2506-2509","1244","202506","1","0.8"
"20250610","DRV","KR4401W6W9S8","코스피200 SP 2506-2509","1245","202506","1","0.8"
"20250610","DRV","KR4401W6W9S8","코스피200 SP 2506-2509","1246","202506","1","0.8"
"20250610","DRV","KR4401W6W9S8","코스피200 SP 2506-2509","1247","202506","1","0.85"
"20250610","DRV","KR4401W6W9S8","코스피200 SP 2506-2509","1248","202506","1","0.8"
"20250610","DRV","KR4401W6W9S8","코스피200 SP 2506-2509","1249","202506","1","0.8"
"20250610","DRV","KR4401W6W9S8","코스피200 SP 2506-2509","1250","202506","1","0.8"
"20250610","DRV","KR4401W6W9S8","코스피200 SP 2506-2509","1251","202506","1","0.8"
"20250610","DRV","KR4401W6W9S8","코스피200 SP 2506-2509","1252","202506","1","0.8"
"20250610","DRV","KR4401W6W9S8","코스피200 SP 2506-2509","1253","202506","1","0.85"
"20250610","DRV","KR4401W6W9S8","코스피200 SP 2506-2509","1254","202506","1","0.8"
"20250610","DRV","KR4401W6W9S8","코스피200 SP 2506-2509","1255","202506","1","0.85"
"20250610","DRV","KR4401W6W9S8","코스피200 SP 2506-2509","1256","202506","1","0.8"
"20250610","DRV","KR4401W6W9S8","코스피200 SP 2506-2509","1257","202506","1","0.8"
"20250610","DRV","KR4401W6W9S8","코스피200 SP 2506-2509","1258","202506","1","0.8"
"20250610","DRV","KR4401W6W9S8","코스피200 SP 2506-2509","1259","202506","1","0.8"
"20250610","DRV","KR4401W6W9S8","코스피200 SP 2506-2509","1300","202506","1","0.85"
"20250610","DRV","KR4401W6W9S8","코스피200 SP 2506-2509","1301","202506","1","0.8"
"20250610","DRV","KR4401W6W9S8","코스피200 SP 2506-2509","1302","202506","1","0.85"
"20250610","DRV","KR4401W6W9S8","코스피200 SP 2506-2509","1303","202506","1","0.8"
"20250610","DRV","KR4401W6W9S8","코스피200 SP 2506-2509","1304","202506","1","0.8"
"20250610","DRV","KR4401W6W9S8","코스피200 SP 2506-2509","1305","202506","1","0.75"
"20250610","DRV","KR4401W6W9S8","코스피200 SP 2506-2509","1306","202506","1","0.8"
"20250610","DRV","KR4401W6W9S8","코스피200 SP 2506-2509","1307","202506","1","0.75"
"20250610","DRV","KR4401W6W9S8","코스피200 SP 2506-2509","1308","202506","1","0.75"
"20250610","DRV","KR4401W6W9S8","코스피200 SP 2506-2509","1309","202506","1","0.75"
"20250610","DRV","KR4401W6W9S8","코스피200 SP 2506-2509","1310","202506","1","0.8"
"20250610","DRV","KR4401W6W9S8","코스피200 SP 2506-2509","1311","202506","1","0.8"
"20250610","DRV","KR4401W6W9S8","코스피200 SP 2506-2509","1312","202506","1","0.8"
"20250610","DRV","KR4401W6W9S8","코스피200 SP 2506-2509","1313","202506","1","0.8"
"20250610","DRV","KR4401W6W9S8","코스피200 SP 2506-2509","1314","202506","1","0.8"
"20250610","DRV","KR4401W6W9S8","코스피200 SP 2506-2509","1315","202506","1","0.75"
"20250610","DRV","KR4401W6W9S8","코스피200 SP 2506-2509","1316","202506","1","0.75"
"20250610","DRV","KR4401W6W9S8","코스피200 SP 2506-2509","1317","202506","1","0.75"
"20250610","DRV","KR4401W6W9S8","코스피200 SP 2506-2509","1318","202506","1","0.8"
"20250610","DRV","KR4401W6W9S8","코스피200 SP 2506-2509","1319","202506","1","0.8"
"20250610","DRV","KR4401W6W9S8","코스피200 SP 2506-2509","1320","202506","1","0.75"
"20250610","DRV","KR4401W6W9S8","코스피200 SP 2506-2509","1321","202506","1","0.75"
"20250610","DRV","KR4401W6W9S8","코스피200 SP 2506-2509","1322","202506","1","0.75"
"20250610","DRV","KR4401W6W9S8","코스피200 SP 2506-2509","1323","202506","1","0.8"
"20250610","DRV","KR4401W6W9S8","코스피200 SP 2506-2509","1324","202506","1","0.75"
"20250610","DRV","KR4401W6W9S8","코스피200 SP 2506-2509","1325","202506","1","0.75"
"20250610","DRV","KR4401W6W9S8","코스피200 SP 2506-2509","1326","202506","1","0.75"
"20250610","DRV","KR4401W6W9S8","코스피200 SP 2506-2509","1327","202506","1","0.75"
"20250610","DRV","KR4401W6W9S8","코스피200 SP 2506-2509","1328","202506","1","0.8"
"20250610","DRV","KR4401W6W9S8","코스피200 SP 2506-2509","1329","202506","1","0.75"
"20250610","DRV","KR4401W6W9S8","코스피200 SP 2506-2509","1330","202506","1","0.75"
"20250610","DRV","KR4401W6W9S8","코스피200 SP 2506-2509","1331","202506","1","0.75"
"20250610","DRV","KR4401W6W9S8","코스피200 SP 2506-2509","1332","202506","1","0.8"
"20250610","DRV","KR4401W6W9S8","코스피200 SP 2506-2509","1333","202506","1","0.75"
"20250610","DRV","KR4401W6W9S8","코스피200 SP 2506-2509","1334","202506","1","0.75"
"20250610","DRV","KR4401W6W9S8","코스피200 SP 2506-2509","1335","202506","1","0.75"
"20250610","DRV","KR4401W6W9S8","코스피200 SP 2506-2509","1336","202506","1","0.75"
"20250610","DRV","KR4401W6W9S8","코스피200 SP 2506-2509","1337","202506","1","0.75"
"20250610","DRV","KR4401W6W9S8","코스피200 SP 2506-2509","1338","202506","1","0.75"
"20250610","DRV","KR4401W6W9S8","코스피200 SP 2506-2509","1339","202506","1","0.75"
"20250610","DRV","KR4401W6W9S8","코스피200 SP 2506-2509","1340","202506","1","0.8"
"20250610","DRV","KR4401W6W9S8","코스피200 SP 2506-2509","1341","202506","1","0.75"
"20250610","DRV","KR4401W6W9S8","코스피200 SP 2506-2509","1342","202506","1","0.8"
"20250610","DRV","KR4401W6W9S8","코스피200 SP 2506-2509","1343","202506","1","0.8"
"20250610","DRV","KR4401W6W9S8","코스피200 SP 2506-2509","1344","202506","1","0.8"
"20250610","DRV","KR4401W6W9S8","코스피200 SP 2506-2509","1345","202506","1","0.8"
"20250610","DRV","KR4401W6W9S8","코스피200 SP 2506-2509","1346","202506","1","0.8"
"20250610","DRV","KR4401W6W9S8","코스피200 SP 2506-2509","1347","202506","1","0.75"
"20250610","DRV","KR4401W6W9S8","코스피200 SP 2506-2509","1348","202506","1","0.7"
"20250610","DRV","KR4401W6W9S8","코스피200 SP 2506-2509","1349","202506","1","0.7"
"20250610","DRV","KR4401W6W9S8","코스피200 SP 2506-2509","1350","202506","1","0.75"
"20250610","DRV","KR4401W6W9S8","코스피200 SP 2506-2509","1351","202506","1","0.7"
"20250610","DRV","KR4401W6W9S8","코스피200 SP 2506-2509","1352","202506","1","0.7"
"20250610","DRV","KR4401W6W9S8","코스피200 SP 2506-2509","1353","202506","1","0.75"
"20250610","DRV","KR4401W6W9S8","코스피200 SP 2506-2509","1354","202506","1","0.7"
"20250610","DRV","KR4401W6W9S8","코스피200 SP 2506-2509","1355","202506","1","0.7"
"20250610","DRV","KR4401W6W9S8","코스피200 SP 2506-2509","1356","202506","1","0.75"
"20250610","DRV","KR4401W6W9S8","코스피200 SP 2506-2509","1357","202506","1","0.7"
"20250610","DRV","KR4401W6W9S8","코스피200 SP 2506-2509","1358","202506","1","0.7"
"20250610","DRV","KR4401W6W9S8","코스피200 SP 2506-2509","1359","202506","1","0.7"
"20250610","DRV","KR4401W6W9S8","코스피200 SP 2506-2509","1400","202506","1","0.75"
"20250610","DRV","KR4401W6W9S8","코스피200 SP 2506-2509","1401","202506","1","0.7"
"20250610","DRV","KR4401W6W9S8","코스피200 SP 2506-2509","1402","202506","1","0.7"
"20250610","DRV","KR4401W6W9S8","코스피200 SP 2506-2509","1403","202506","1","0.75"
"20250610","DRV","KR4401W6W9S8","코스피200 SP 2506-2509","1404","202506","1","0.75"
"20250610","DRV","KR4401W6W9S8","코스피200 SP 2506-2509","1405","202506","1","0.75"
"20250610","DRV","KR4401W6W9S8","코스피200 SP 2506-2509","1406","202506","1","0.8"
"20250610","DRV","KR4401W6W9S8","코스피200 SP 2506-2509","1407","202506","1","0.75"
"20250610","DRV","KR4401W6W9S8","코스피200 SP 2506-2509","1408","202506","1","0.75"
"20250610","DRV","KR4401W6W9S8","코스피200 SP 2506-2509","1409","202506","1","0.7"
"20250610","DRV","KR4401W6W9S8","코스피200 SP 2506-2509","1410","202506","1","0.7"
"20250610","DRV","KR4401W6W9S8","코스피200 SP 2506-2509","1411","202506","1","0.7"
"20250610","DRV","KR4401W6W9S8","코스피200 SP 2506-2509","1412","202506","1","0.7"
"20250610","DRV","KR4401W6W9S8","코스피200 SP 2506-2509","1413","202506","1","0.7"
"20250610","DRV","KR4401W6W9S8","코스피200 SP 2506-2509","1414","202506","1","0.7"
"20250610","DRV","KR4401W6W9S8","코스피200 SP 2506-2509","1415","202506","1","0.7"
"20250610","DRV","KR4401W6W9S8","코스피200 SP 2506-2509","1416","202506","1","0.7"
"20250610","DRV","KR4401W6W9S8","코스피200 SP 2506-2509","1417","202506","1","0.7"
"20250610","DRV","KR4401W6W9S8","코스피200 SP 2506-2509","1418","202506","1","0.7"
"20250610","DRV","KR4401W6W9S8","코스피200 SP 2506-2509","1419","202506","1","0.7"
"20250610","DRV","KR4401W6W9S8","코스피200 SP 2506-2509","1420","202506","1","0.75"
"20250610","DRV","KR4401W6W9S8","코스피200 SP 2506-2509","1421","202506","1","0.75"
"20250610","DRV","KR4401W6W9S8","코스피200 SP 2506-2509","1422","202506","1","0.75"
"20250610","DRV","KR4401W6W9S8","코스피200 SP 2506-2509","1423","202506","1","0.7"
"20250610","DRV","KR4401W6W9S8","코스피200 SP 2506-2509","1424","202506","1","0.75"
"20250610","DRV","KR4401W6W9S8","코스피200 SP 2506-2509","1425","202506","1","0.7"
"20250610","DRV","KR4401W6W9S8","코스피200 SP 2506-2509","1426","202506","1","0.75"
"20250610","DRV","KR4401W6W9S8","코스피200 SP 2506-2509","1427","202506","1","0.7"
"20250610","DRV","KR4401W6W9S8","코스피200 SP 2506-2509","1428","202506","1","0.75"
"20250610","DRV","KR4401W6W9S8","코스피200 SP 2506-2509","1429","202506","1","0.7"
"20250610","DRV","KR4401W6W9S8","코스피200 SP 2506-2509","1430","202506","1","0.7"
"20250610","DRV","KR4401W6W9S8","코스피200 SP 2506-2509","1431","202506","1","0.7"
"20250610","DRV","KR4401W6W9S8","코스피200 SP 2506-2509","1432","202506","1","0.7"
"20250610","DRV","KR4401W6W9S8","코스피200 SP 2506-2509","1433","202506","1","0.7"
"20250610","DRV","KR4401W6W9S8","코스피200 SP 2506-2509","1434","202506","1","0.7"
"20250610","DRV","KR4401W6W9S8","코스피200 SP 2506-2509","1435","202506","1","0.7"
"20250610","DRV","KR4401W6W9S8","코스피200 SP 2506-2509","1436","202506","1","0.7"
"20250610","DRV","KR4401W6W9S8","코스피200 SP 2506-2509","1437","202506","1","0.7"
"20250610","DRV","KR4401W6W9S8","코스피200 SP 2506-2509","1438","202506","1","0.75"
"20250610","DRV","KR4401W6W9S8","코스피200 SP 2506-2509","1439","202506","1","0.7"
"20250610","DRV","KR4401W6W9S8","코스피200 SP 2506-2509","1440","202506","1","0.75"
"20250610","DRV","KR4401W6W9S8","코스피200 SP 2506-2509","1441","202506","1","0.75"
"20250610","DRV","KR4401W6W9S8","코스피200 SP 2506-2509","1442","202506","1","0.7"
"20250610","DRV","KR4401W6W9S8","코스피200 SP 2506-2509","1443","202506","1","0.75"
"20250610","DRV","KR4401W6W9S8","코스피200 SP 2506-2509","1444","202506","1","0.7"
"20250610","DRV","KR4401W6W9S8","코스피200 SP 2506-2509","1445","202506","1","0.7"
"20250610","DRV","KR4401W6W9S8","코스피200 SP 2506-2509","1446","202506","1","0.75"
"20250610","DRV","KR4401W6W9S8","코스피200 SP 2506-2509","1447","202506","1","0.7"
"20250610","DRV","KR4401W6W9S8","코스피200 SP 2506-2509","1448","202506","1","0.75"
"20250610","DRV","KR4401W6W9S8","코스피200 SP 2506-2509","1449","202506","1","0.75"
"20250610","DRV","KR4401W6W9S8","코스피200 SP 2506-2509","1450","202506","1","0.7"
"20250610","DRV","KR4401W6W9S8","코스피200 SP 2506-2509","1451","202506","1","0.75"
"20250610","DRV","KR4401W6W9S8","코스피200 SP 2506-2509","1452","202506","1","0.7"
"20250610","DRV","KR4401W6W9S8","코스피200 SP 2506-2509","1453","202506","1","0.75"
"20250610","DRV","KR4401W6W9S8","코스피200 SP 2506-2509","1454","202506","1","0.75"
"20250610","DRV","KR4401W6W9S8","코스피200 SP 2506-2509","1455","202506","1","0.7"
"20250610","DRV","KR4401W6W9S8","코스피200 SP 2506-2509","1456","202506","1","0.7"
"20250610","DRV","KR4401W6W9S8","코스피200 SP 2506-2509","1457","202506","1","0.7"
"20250610","DRV","KR4401W6W9S8","코스피200 SP 2506-2509","1458","202506","1","0.7"
"20250610","DRV","KR4401W6W9S8","코스피200 SP 2506-2509","1459","202506","1","0.75"
"20250610","DRV","KR4401W6W9S8","코스피200 SP 2506-2509","1500","202506","1","0.7"
"20250610","DRV","KR4401W6W9S8","코스피200 SP 2506-2509","1501","202506","1","0.75"
"20250610","DRV","KR4401W6W9S8","코스피200 SP 2506-2509","1502","202506","1","0.75"
"20250610","DRV","KR4401W6W9S8","코스피200 SP 2506-2509","1503","202506","1","0.75"
"20250610","DRV","KR4401W6W9S8","코스피200 SP 2506-2509","1504","202506","1","0.7"
"20250610","DRV","KR4401W6W9S8","코스피200 SP 2506-2509","1505","202506","1","0.7"
"20250610","DRV","KR4401W6W9S8","코스피200 SP 2506-2509","1506","202506","1","0.75"
"20250610","DRV","KR4401W6W9S8","코스피200 SP 2506-2509","1507","202506","1","0.7"
"20250610","DRV","KR4401W6W9S8","코스피200 SP 2506-2509","1508","202506","1","0.7"
"20250610","DRV","KR4401W6W9S8","코스피200 SP 2506-2509","1509","202506","1","0.75"
"20250610","DRV","KR4401W6W9S8","코스피200 SP 2506-2509","1510","202506","1","0.75"
"20250610","DRV","KR4401W6W9S8","코스피200 SP 2506-2509","1511","202506","1","0.8"
"20250610","DRV","KR4401W6W9S8","코스피200 SP 2506-2509","1512","202506","1","0.75"
"20250610","DRV","KR4401W6W9S8","코스피200 SP 2506-2509","1513","202506","1","0.75"
"20250610","DRV","KR4401W6W9S8","코스피200 SP 2506-2509","1514","202506","1","0.8"
"20250610","DRV","KR4401W6W9S8","코스피200 SP 2506-2509","1515","202506","1","0.75"
"20250610","DRV","KR4401W6W9S8","코스피200 SP 2506-2509","1516","202506","1","0.75"
"20250610","DRV","KR4401W6W9S8","코스피200 SP 2506-2509","1517","202506","1","0.75"
"20250610","DRV","KR4401W6W9S8","코스피200 SP 2506-2509","1518","202506","1","0.8"
"20250610","DRV","KR4401W6W9S8","코스피200 SP 2506-2509","1519","202506","1","0.8"
"20250610","DRV","KR4401W6W9S8","코스피200 SP 2506-2509","1520","202506","1","0.8"
"20250610","DRV","KR4401W6W9S8","코스피200 SP 2506-2509","1521","202506","1","0.75"
"20250610","DRV","KR4401W6W9S8","코스피200 SP 2506-2509","1522","202506","1","0.75"
"20250610","DRV","KR4401W6W9S8","코스피200 SP 2506-2509","1523","202506","1","0.8"
"20250610","DRV","KR4401W6W9S8","코스피200 SP 2506-2509","1524","202506","1","0.8"
"20250610","DRV","KR4401W6W9S8","코스피200 SP 2506-2509","1525","202506","1","0.75"
"20250610","DRV","KR4401W6W9S8","코스피200 SP 2506-2509","1526","202506","1","0.8"
"20250610","DRV","KR4401W6W9S8","코스피200 SP 2506-2509","1527","202506","1","0.75"
"20250610","DRV","KR4401W6W9S8","코스피200 SP 2506-2509","1528","202506","1","0.75"
"20250610","DRV","KR4401W6W9S8","코스피200 SP 2506-2509","1529","202506","1","0.8"
"20250610","DRV","KR4401W6W9S8","코스피200 SP 2506-2509","1530","202506","1","0.8"
"20250610","DRV","KR4401W6W9S8","코스피200 SP 2506-2509","1531","202506","1","0.8"
"20250610","DRV","KR4401W6W9S8","코스피200 SP 2506-2509","1532","202506","1","0.8"
"20250610","DRV","KR4401W6W9S8","코스피200 SP 2506-2509","1533","202506","1","0.8"
"20250610","DRV","KR4401W6W9S8","코스피200 SP 2506-2509","1534","202506","1","0.75"
"20250610","DRV","KR4401W6W9S8","코스피200 SP 2506-2509","1545","202506","1","0.75"
"20250610","DRV","KR4401W6WCS0","코스피200 SP 2506-2512","1134","202506","1","1.3"
"20250610","DRV","KR4401W6WCS0","코스피200 SP 2506-2512","1355","202506","1","1.45"
"20250610","DRV","KR4A01630008","코스피200 F 202603","1422","202603","4","383.6"
"20250610","DRV","KR4A01630008","코스피200 F 202603","1429","202603","4","382.9"
"20250610","DRV","KR4A01660005","코스피200 F 202606","1035","202606","5","384.9"
"20250610","DRV","KR4A01660005","코스피200 F 202606","1045","202606","5","385"
"20250610","DRV","KR4A01660005","코스피200 F 202606","1423","202606","5","382.4"
"20250610","DRV","KR4A01660005","코스피200 F 202606","1429","202606","5","382"
"20250610","DRV","KR4A01660005","코스피200 F 202606","1435","202606","5","382.15"