거래일자,시장ID,종목코드,종목명,시각,결제월,결제월번호,종가
"20251211","NDV","KR4101WC0003","코스피200 F 202512","1800","202512","1","585.5"
"20251211","NDV","KR4101WC0003","코스피200 F 202512","1801","202512","1","585.4"
"20251211","NDV","KR4101WC0003","코스피200 F 202512","1802","202512","1","585.4"
"20251211","NDV","KR4101WC0003","코스피200 F 202512","1803","202512","1","585.35"
"20251211","NDV","KR4101WC0003","코스피200 F 202512","1804","202512","1","585.5"
"20251211","NDV","KR4101WC0003","코스피200 F 202512","1805","202512","1","585.55"
"20251211","NDV","KR4101WC0003","코스피200 F 202512","1806","202512","1","585.5"
"20251211","NDV","KR4101WC0003","코스피200 F 202512","1807","202512","1","585.55"
"20251211","NDV","KR4101WC0003","코스피200 F 202512","1808","202512","1","585.55"
"20251211","NDV","KR4101WC0003","코스피200 F 202512","1809","202512","1","585.65"
"20251211","NDV","KR4101WC0003","코스피200 F 202512","1810","202512","1","585.55"
"20251211","NDV","KR4101WC0003","코스피200 F 202512","1811","202512","1","585.45"
"20251211","NDV","KR4101WC0003","코스피200 F 202512","1812","202512","1","585.4"
"20251211","NDV","KR4101WC0003","코스피200 F 202512","1813","202512","1","585.4"
"20251211","NDV","KR4101WC0003","코스피200 F 202512","1814","202512","1","585.3"
"20251211","NDV","KR4101WC0003","코스피200 F 202512","1815","202512","1","585.2"
"20251211","NDV","KR4101WC0003","코스피200 F 202512","1816","202512","1","585.25"
"20251211","NDV","KR4101WC0003","코스피200 F 202512","1817","202512","1","585.25"
"20251211","NDV","KR4101WC0003","코스피200 F 202512","1818","202512","1","585.3"
"20251211","NDV","KR4101WC0003","코스피200 F 202512","1819","202512","1","585.25"
"20251211","NDV","KR4101WC0003","코스피200 F 202512","1820","202512","1","585.25"
"20251211","NDV","KR4101WC0003","코스피200 F 202512","1821","202512","1","585.15"
"20251211","NDV","KR4101WC0003","코스피200 F 202512","1822","202512","1","585.3"
"20251211","NDV","KR4101WC0003","코스피200 F 202512","1823","202512","1","585.25"
"20251211","NDV","KR4101WC0003","코스피200 F 202512","1824","202512","1","585.1"
"20251211","NDV","KR4101WC0003","코스피200 F 202512","1825","202512","1","585.1"
"20251211","NDV","KR4101WC0003","코스피200 F 202512","1826","202512","1","585.1"
"20251211","NDV","KR4101WC0003","코스피200 F 202512","1827","202512","1","585.1"
"20251211","NDV","KR4101WC0003","코스피200 F 202512","1828","202512","1","585.1"
"20251211","NDV","KR4101WC0003","코스피200 F 202512","1829","202512","1","585.1"
"20251211","NDV","KR4101WC0003","코스피200 F 202512","1830","202512","1","585.15"
"20251211","NDV","KR4101WC0003","코스피200 F 202512","1831","202512","1","585.2"
"20251211","NDV","KR4101WC0003","코스피200 F 202512","1832","202512","1","585.15"
"20251211","NDV","KR4101WC0003","코스피200 F 202512","1833","202512","1","585.2"
"20251211","NDV","KR4101WC0003","코스피200 F 202512","1834","202512","1","585.2"
"20251211","NDV","KR4101WC0003","코스피200 F 202512","1835","202512","1","585.25"
"20251211","NDV","KR4101WC0003","코스피200 F 202512","1836","202512","1","585.3"
"20251211","NDV","KR4101WC0003","코스피200 F 202512","1837","202512","1","585.3"
"20251211","NDV","KR4101WC0003","코스피200 F 202512","1838","202512","1","585.25"
"20251211","NDV","KR4101WC0003","코스피200 F 202512","1839","202512","1","585.3"
"20251211","NDV","KR4101WC0003","코스피200 F 202512","1840","202512","1","585.4"
"20251211","NDV","KR4101WC0003","코스피200 F 202512","1841","202512","1","585.35"
"20251211","NDV","KR4101WC0003","코스피200 F 202512","1842","202512","1","585.35"
"20251211","NDV","KR4101WC0003","코스피200 F 202512","1843","202512","1","585.35"
"20251211","NDV","KR4101WC0003","코스피200 F 202512","1844","202512","1","585.25"
"20251211","NDV","KR4101WC0003","코스피200 F 202512","1845","202512","1","585.35"
"20251211","NDV","KR4101WC0003","코스피200 F 202512","1846","202512","1","585.3"
"20251211","NDV","KR4101WC0003","코스피200 F 202512","1847","202512","1","585.3"
"20251211","NDV","KR4101WC0003","코스피200 F 202512","1848","202512","1","585.45"
"20251211","NDV","KR4101WC0003","코스피200 F 202512","1849","202512","1","585.4"
"20251211","NDV","KR4101WC0003","코스피200 F 202512","1850","202512","1","585.45"
"20251211","NDV","KR4101WC0003","코스피200 F 202512","1851","202512","1","585.4"
"20251211","NDV","KR4101WC0003","코스피200 F 202512","1852","202512","1","585.35"
"20251211","NDV","KR4101WC0003","코스피200 F 202512","1853","202512","1","585.35"
"20251211","NDV","KR4101WC0003","코스피200 F 202512","1854","202512","1","585.4"
"20251211","NDV","KR4101WC0003","코스피200 F 202512","1855","202512","1","585.35"
"20251211","NDV","KR4101WC0003","코스피200 F 202512","1856","202512","1","585.45"
"20251211","NDV","KR4101WC0003","코스피200 F 202512","1857","202512","1","585.45"
"20251211","NDV","KR4101WC0003","코스피200 F 202512","1858","202512","1","585.4"
"20251211","NDV","KR4101WC0003","코스피200 F 202512","1859","202512","1","585.4"
"20251211","NDV","KR4101WC0003","코스피200 F 202512","1900","202512","1","585.35"
"20251211","NDV","KR4101WC0003","코스피200 F 202512","1901","202512","1","585.95"
"20251211","NDV","KR4101WC0003","코스피200 F 202512","1902","202512","1","585.85"
"20251211","NDV","KR4101WC0003","코스피200 F 202512","1903","202512","1","585.65"
"20251211","NDV","KR4101WC0003","코스피200 F 202512","1904","202512","1","585.6"
"20251211","NDV","KR4101WC0003","코스피200 F 202512","1905","202512","1","585.55"
"20251211","NDV","KR4101WC0003","코스피200 F 202512","1906","202512","1","585.6"
"20251211","NDV","KR4101WC0003","코스피200 F 202512","1907","202512","1","585.45"
"20251211","NDV","KR4101WC0003","코스피200 F 202512","1908","202512","1","585.7"
"20251211","NDV","KR4101WC0003","코스피200 F 202512","1909","202512","1","585.95"
"20251211","NDV","KR4101WC0003","코스피200 F 202512","1910","202512","1","586"
"20251211","NDV","KR4101WC0003","코스피200 F 202512","1911","202512","1","585.8"
"20251211","NDV","KR4101WC0003","코스피200 F 202512","1912","202512","1","585.7"
"20251211","NDV","KR4101WC0003","코스피200 F 202512","1913","202512","1","585.8"
"20251211","NDV","KR4101WC0003","코스피200 F 202512","1914","202512","1","585.85"
"20251211","NDV","KR4101WC0003","코스피200 F 202512","1915","202512","1","585.8"
"20251211","NDV","KR4101WC0003","코스피200 F 202512","1916","202512","1","585.85"
"20251211","NDV","KR4101WC0003","코스피200 F 202512","1917","202512","1","585.95"
"20251211","NDV","KR4101WC0003","코스피200 F 202512","1918","202512","1","585.8"
"20251211","NDV","KR4101WC0003","코스피200 F 202512","1919","202512","1","585.9"
"20251211","NDV","KR4101WC0003","코스피200 F 202512","1920","202512","1","585.8"
"20251211","NDV","KR4101WC0003","코스피200 F 202512","1921","202512","1","585.65"
"20251211","NDV","KR4101WC0003","코스피200 F 202512","1922","202512","1","585.6"
"20251211","NDV","KR4101WC0003","코스피200 F 202512","1923","202512","1","585.5"
"20251211","NDV","KR4101WC0003","코스피200 F 202512","1924","202512","1","585.45"
"20251211","NDV","KR4101WC0003","코스피200 F 202512","1925","202512","1","585.35"
"20251211","NDV","KR4101WC0003","코스피200 F 202512","1926","202512","1","585.45"
"20251211","NDV","KR4101WC0003","코스피200 F 202512","1927","202512","1","585.35"
"20251211","NDV","KR4101WC0003","코스피200 F 202512","1928","202512","1","585.4"
"20251211","NDV","KR4101WC0003","코스피200 F 202512","1929","202512","1","585.25"
"20251211","NDV","KR4101WC0003","코스피200 F 202512","1930","202512","1","585.25"
"20251211","NDV","KR4101WC0003","코스피200 F 202512","1931","202512","1","585.3"
"20251211","NDV","KR4101WC0003","코스피200 F 202512","1932","202512","1","585.35"
"20251211","NDV","KR4101WC0003","코스피200 F 202512","1933","202512","1","585.4"
"20251211","NDV","KR4101WC0003","코스피200 F 202512","1934","202512","1","585.55"
"20251211","NDV","KR4101WC0003","코스피200 F 202512","1935","202512","1","585.8"
"20251211","NDV","KR4101WC0003","코스피200 F 202512","1936","202512","1","585.95"
"20251211","NDV","KR4101WC0003","코스피200 F 202512","1937","202512","1","585.85"
"20251211","NDV","KR4101WC0003","코스피200 F 202512","1938","202512","1","585.8"
"20251211","NDV","KR4101WC0003","코스피200 F 202512","1940","202512","1","585.8"
"20251211","NDV","KR4101WC0003","코스피200 F 202512","1941","202512","1","585.75"
"20251211","NDV","KR4101WC0003","코스피200 F 202512","1942","202512","1","585.75"
"20251211","NDV","KR4101WC0003","코스피200 F 202512","1943","202512","1","585.8"
"20251211","NDV","KR4101WC0003","코스피200 F 202512","1944","202512","1","585.75"
"20251211","NDV","KR4101WC0003","코스피200 F 202512","1945","202512","1","585.7"
"20251211","NDV","KR4101WC0003","코스피200 F 202512","1946","202512","1","585.7"
"20251211","NDV","KR4101WC0003","코스피200 F 202512","1947","202512","1","585.7"
"20251211","NDV","KR4101WC0003","코스피200 F 202512","1948","202512","1","585.65"
"20251211","NDV","KR4101WC0003","코스피200 F 202512","1949","202512","1","585.75"
"20251211","NDV","KR4101WC0003","코스피200 F 202512","1950","202512","1","585.75"
"20251211","NDV","KR4101WC0003","코스피200 F 202512","1951","202512","1","585.75"
"20251211","NDV","KR4101WC0003","코스피200 F 202512","1953","202512","1","585.75"
"20251211","NDV","KR4101WC0003","코스피200 F 202512","1954","202512","1","585.8"
"20251211","NDV","KR4101WC0003","코스피200 F 202512","1955","202512","1","585.85"
"20251211","NDV","KR4101WC0003","코스피200 F 202512","1956","202512","1","586"
"20251211","NDV","KR4101WC0003","코스피200 F 202512","1957","202512","1","585.9"
"20251211","NDV","KR4101WC0003","코스피200 F 202512","1958","202512","1","585.95"
"20251211","NDV","KR4101WC0003","코스피200 F 202512","1959","202512","1","585.85"
"20251211","NDV","KR4101WC0003","코스피200 F 202512","2000","202512","1","585.9"
"20251211","NDV","KR4101WC0003","코스피200 F 202512","2001","202512","1","585.65"
"20251211","NDV","KR4101WC0003","코스피200 F 202512","2002","202512","1","585.6"
"20251211","NDV","KR4101WC0003","코스피200 F 202512","2003","202512","1","585.65"
"20251211","NDV","KR4101WC0003","코스피200 F 202512","2004","202512","1","585.65"
"20251211","NDV","KR4101WC0003","코스피200 F 202512","2005","202512","1","585.7"
"20251211","NDV","KR4101WC0003","코스피200 F 202512","2006","202512","1","585.7"
"20251211","NDV","KR4101WC0003","코스피200 F 202512","2007","202512","1","585.75"
"20251211","NDV","KR4101WC0003","코스피200 F 202512","2008","202512","1","585.7"
"20251211","NDV","KR4101WC0003","코스피200 F 202512","2009","202512","1","585.7"
"20251211","NDV","KR4101WC0003","코스피200 F 202512","2010","202512","1","585.7"
"20251211","NDV","KR4101WC0003","코스피200 F 202512","2011","202512","1","585.75"
"20251211","NDV","KR4101WC0003","코스피200 F 202512","2012","202512","1","585.75"
"20251211","NDV","KR4101WC0003","코스피200 F 202512","2013","202512","1","585.8"
"20251211","NDV","KR4101WC0003","코스피200 F 202512","2014","202512","1","585.85"
"20251211","NDV","KR4101WC0003","코스피200 F 202512","2015","202512","1","585.95"
"20251211","NDV","KR4101WC0003","코스피200 F 202512","2016","202512","1","585.95"
"20251211","NDV","KR4101WC0003","코스피200 F 202512","2017","202512","1","585.8"
"20251211","NDV","KR4101WC0003","코스피200 F 202512","2018","202512","1","585.85"
"20251211","NDV","KR4101WC0003","코스피200 F 202512","2019","202512","1","585.85"
"20251211","NDV","KR4101WC0003","코스피200 F 202512","2020","202512","1","585.85"
"20251211","NDV","KR4101WC0003","코스피200 F 202512","2021","202512","1","585.8"
"20251211","NDV","KR4101WC0003","코스피200 F 202512","2022","202512","1","585.8"
"20251211","NDV","KR4101WC0003","코스피200 F 202512","2023","202512","1","585.8"
"20251211","NDV","KR4101WC0003","코스피200 F 202512","2024","202512","1","585.8"
"20251211","NDV","KR4101WC0003","코스피200 F 202512","2025","202512","1","585.75"
"20251211","NDV","KR4101WC0003","코스피200 F 202512","2026","202512","1","585.8"
"20251211","NDV","KR4101WC0003","코스피200 F 202512","2027","202512","1","585.8"
"20251211","NDV","KR4101WC0003","코스피200 F 202512","2029","202512","1","585.65"
"20251211","NDV","KR4101WC0003","코스피200 F 202512","2030","202512","1","585.6"
"20251211","NDV","KR4101WC0003","코스피200 F 202512","2031","202512","1","585.75"
"20251211","NDV","KR4101WC0003","코스피200 F 202512","2032","202512","1","585.75"
"20251211","NDV","KR4101WC0003","코스피200 F 202512","2033","202512","1","585.8"
"20251211","NDV","KR4101WC0003","코스피200 F 202512","2034","202512","1","585.8"
"20251211","NDV","KR4101WC0003","코스피200 F 202512","2035","202512","1","585.85"
"20251211","NDV","KR4101WC0003","코스피200 F 202512","2036","202512","1","585.8"
"20251211","NDV","KR4101WC0003","코스피200 F 202512","2037","202512","1","585.75"
"20251211","NDV","KR4101WC0003","코스피200 F 202512","2038","202512","1","585.8"
"20251211","NDV","KR4101WC0003","코스피200 F 202512","2039","202512","1","585.85"
"20251211","NDV","KR4101WC0003","코스피200 F 202512","2040","202512","1","586"
"20251211","NDV","KR4101WC0003","코스피200 F 202512","2041","202512","1","585.95"
"20251211","NDV","KR4101WC0003","코스피200 F 202512","2042","202512","1","585.9"
"20251211","NDV","KR4101WC0003","코스피200 F 202512","2043","202512","1","585.9"
"20251211","NDV","KR4101WC0003","코스피200 F 202512","2044","202512","1","585.95"
"20251211","NDV","KR4101WC0003","코스피200 F 202512","2045","202512","1","585.9"
"20251211","NDV","KR4101WC0003","코스피200 F 202512","2046","202512","1","585.85"
"20251211","NDV","KR4101WC0003","코스피200 F 202512","2047","202512","1","585.8"
"20251211","NDV","KR4101WC0003","코스피200 F 202512","2048","202512","1","585.8"
"20251211","NDV","KR4101WC0003","코스피200 F 202512","2049","202512","1","585.8"
"20251211","NDV","KR4101WC0003","코스피200 F 202512","2050","202512","1","585.85"
"20251211","NDV","KR4101WC0003","코스피200 F 202512","2051","202512","1","585.95"
"20251211","NDV","KR4101WC0003","코스피200 F 202512","2052","202512","1","585.95"
"20251211","NDV","KR4101WC0003","코스피200 F 202512","2053","202512","1","585.95"
"20251211","NDV","KR4101WC0003","코스피200 F 202512","2054","202512","1","585.9"
"20251211","NDV","KR4101WC0003","코스피200 F 202512","2055","202512","1","585.95"
"20251211","NDV","KR4101WC0003","코스피200 F 202512","2056","202512","1","585.95"
"20251211","NDV","KR4101WC0003","코스피200 F 202512","2057","202512","1","585.95"
"20251211","NDV","KR4101WC0003","코스피200 F 202512","2058","202512","1","585.9"
"20251211","NDV","KR4101WC0003","코스피200 F 202512","2059","202512","1","585.85"
"20251211","NDV","KR4101WC0003","코스피200 F 202512","2100","202512","1","585.85"
"20251211","NDV","KR4101WC0003","코스피200 F 202512","2101","202512","1","585.9"
"20251211","NDV","KR4101WC0003","코스피200 F 202512","2102","202512","1","585.9"
"20251211","NDV","KR4101WC0003","코스피200 F 202512","2103","202512","1","585.8"
"20251211","NDV","KR4101WC0003","코스피200 F 202512","2104","202512","1","585.75"
"20251211","NDV","KR4101WC0003","코스피200 F 202512","2105","202512","1","585.6"
"20251211","NDV","KR4101WC0003","코스피200 F 202512","2106","202512","1","585.75"
"20251211","NDV","KR4101WC0003","코스피200 F 202512","2107","202512","1","585.7"
"20251211","NDV","KR4101WC0003","코스피200 F 202512","2108","202512","1","585.65"
"20251211","NDV","KR4101WC0003","코스피200 F 202512","2109","202512","1","585.65"
"20251211","NDV","KR4101WC0003","코스피200 F 202512","2110","202512","1","585.6"
"20251211","NDV","KR4101WC0003","코스피200 F 202512","2111","202512","1","585.55"
"20251211","NDV","KR4101WC0003","코스피200 F 202512","2112","202512","1","585.5"
"20251211","NDV","KR4101WC0003","코스피200 F 202512","2113","202512","1","585.55"
"20251211","NDV","KR4101WC0003","코스피200 F 202512","2114","202512","1","585.65"
"20251211","NDV","KR4101WC0003","코스피200 F 202512","2115","202512","1","585.65"
"20251211","NDV","KR4101WC0003","코스피200 F 202512","2116","202512","1","585.55"
"20251211","NDV","KR4101WC0003","코스피200 F 202512","2117","202512","1","585.55"
"20251211","NDV","KR4101WC0003","코스피200 F 202512","2118","202512","1","585.55"
"20251211","NDV","KR4101WC0003","코스피200 F 202512","2119","202512","1","585.45"
"20251211","NDV","KR4101WC0003","코스피200 F 202512","2120","202512","1","585.5"
"20251211","NDV","KR4101WC0003","코스피200 F 202512","2121","202512","1","585.5"
"20251211","NDV","KR4101WC0003","코스피200 F 202512","2122","202512","1","585.55"
"20251211","NDV","KR4101WC0003","코스피200 F 202512","2123","202512","1","585.5"
"20251211","NDV","KR4101WC0003","코스피200 F 202512","2124","202512","1","585.55"
"20251211","NDV","KR4101WC0003","코스피200 F 202512","2125","202512","1","585.55"
"20251211","NDV","KR4101WC0003","코스피200 F 202512","2126","202512","1","585.55"
"20251211","NDV","KR4101WC0003","코스피200 F 202512","2127","202512","1","585.5"
"20251211","NDV","KR4101WC0003","코스피200 F 202512","2129","202512","1","585.55"
"20251211","NDV","KR4101WC0003","코스피200 F 202512","2130","202512","1","585.55"
"20251211","NDV","KR4101WC0003","코스피200 F 202512","2131","202512","1","585.55"
"20251211","NDV","KR4101WC0003","코스피200 F 202512","2132","202512","1","585.6"
"20251211","NDV","KR4101WC0003","코스피200 F 202512","2133","202512","1","585.55"
"20251211","NDV","KR4101WC0003","코스피200 F 202512","2136","202512","1","585.55"
"20251211","NDV","KR4101WC0003","코스피200 F 202512","2137","202512","1","585.55"
"20251211","NDV","KR4101WC0003","코스피200 F 202512","2138","202512","1","585.5"
"20251211","NDV","KR4101WC0003","코스피200 F 202512","2139","202512","1","585.45"
"20251211","NDV","KR4101WC0003","코스피200 F 202512","2140","202512","1","585.5"
"20251211","NDV","KR4101WC0003","코스피200 F 202512","2141","202512","1","585.45"
"20251211","NDV","KR4101WC0003","코스피200 F 202512","2142","202512","1","585.45"
"20251211","NDV","KR4101WC0003","코스피200 F 202512","2143","202512","1","585.5"
"20251211","NDV","KR4101WC0003","코스피200 F 202512","2144","202512","1","585.45"
"20251211","NDV","KR4101WC0003","코스피200 F 202512","2145","202512","1","585.45"
"20251211","NDV","KR4101WC0003","코스피200 F 202512","2147","202512","1","585.5"
"20251211","NDV","KR4101WC0003","코스피200 F 202512","2148","202512","1","585.5"
"20251211","NDV","KR4101WC0003","코스피200 F 202512","2149","202512","1","585.5"
"20251211","NDV","KR4101WC0003","코스피200 F 202512","2150","202512","1","585.45"
"20251211","NDV","KR4101WC0003","코스피200 F 202512","2152","202512","1","585.5"
"20251211","NDV","KR4101WC0003","코스피200 F 202512","2153","202512","1","585.55"
"20251211","NDV","KR4101WC0003","코스피200 F 202512","2155","202512","1","585.6"
"20251211","NDV","KR4101WC0003","코스피200 F 202512","2156","202512","1","585.6"
"20251211","NDV","KR4101WC0003","코스피200 F 202512","2158","202512","1","585.7"
"20251211","NDV","KR4101WC0003","코스피200 F 202512","2159","202512","1","585.7"
"20251211","NDV","KR4101WC0003","코스피200 F 202512","2200","202512","1","585.65"
"20251211","NDV","KR4101WC0003","코스피200 F 202512","2201","202512","1","585.65"
"20251211","NDV","KR4101WC0003","코스피200 F 202512","2202","202512","1","585.6"
"20251211","NDV","KR4101WC0003","코스피200 F 202512","2203","202512","1","585.6"
"20251211","NDV","KR4101WC0003","코스피200 F 202512","2204","202512","1","585.55"
"20251211","NDV","KR4101WC0003","코스피200 F 202512","2205","202512","1","585.6"
"20251211","NDV","KR4101WC0003","코스피200 F 202512","2206","202512","1","585.55"
"20251211","NDV","KR4101WC0003","코스피200 F 202512","2207","202512","1","585.6"
"20251211","NDV","KR4101WC0003","코스피200 F 202512","2208","202512","1","585.55"
"20251211","NDV","KR4101WC0003","코스피200 F 202512","2210","202512","1","585.6"
"20251211","NDV","KR4101WC0003","코스피200 F 202512","2211","202512","1","585.55"
"20251211","NDV","KR4101WC0003","코스피200 F 202512","2212","202512","1","585.55"
"20251211","NDV","KR4101WC0003","코스피200 F 202512","2213","202512","1","585.6"
"20251211","NDV","KR4101WC0003","코스피200 F 202512","2214","202512","1","585.65"
"20251211","NDV","KR4101WC0003","코스피200 F 202512","2215","202512","1","585.65"
"20251211","NDV","KR4101WC0003","코스피200 F 202512","2216","202512","1","585.6"
"20251211","NDV","KR4101WC0003","코스피200 F 202512","2217","202512","1","585.65"
"20251211","NDV","KR4101WC0003","코스피200 F 202512","2218","202512","1","585.6"
"20251211","NDV","KR4101WC0003","코스피200 F 202512","2219","202512","1","585.6"
"20251211","NDV","KR4101WC0003","코스피200 F 202512","2220","202512","1","585.8"
"20251211","NDV","KR4101WC0003","코스피200 F 202512","2221","202512","1","585.9"
"20251211","NDV","KR4101WC0003","코스피200 F 202512","2222","202512","1","585.95"
"20251211","NDV","KR4101WC0003","코스피200 F 202512","2223","202512","1","585.9"
"20251211","NDV","KR4101WC0003","코스피200 F 202512","2224","202512","1","585.85"
"20251211","NDV","KR4101WC0003","코스피200 F 202512","2225","202512","1","585.95"
"20251211","NDV","KR4101WC0003","코스피200 F 202512","2226","202512","1","585.95"
"20251211","NDV","KR4101WC0003","코스피200 F 202512","2227","202512","1","585.9"
"20251211","NDV","KR4101WC0003","코스피200 F 202512","2228","202512","1","585.8"
"20251211","NDV","KR4101WC0003","코스피200 F 202512","2229","202512","1","585.75"
"20251211","NDV","KR4101WC0003","코스피200 F 202512","2230","202512","1","585.6"
"20251211","NDV","KR4101WC0003","코스피200 F 202512","2231","202512","1","585.65"
"20251211","NDV","KR4101WC0003","코스피200 F 202512","2232","202512","1","585.6"
"20251211","NDV","KR4101WC0003","코스피200 F 202512","2233","202512","1","585.55"
"20251211","NDV","KR4101WC0003","코스피200 F 202512","2234","202512","1","585.7"
"20251211","NDV","KR4101WC0003","코스피200 F 202512","2235","202512","1","585.55"
"20251211","NDV","KR4101WC0003","코스피200 F 202512","2236","202512","1","585.65"
"20251211","NDV","KR4101WC0003","코스피200 F 202512","2237","202512","1","585.65"
"20251211","NDV","KR4101WC0003","코스피200 F 202512","2238","202512","1","585.7"
"20251211","NDV","KR4101WC0003","코스피200 F 202512","2241","202512","1","585.7"
"20251211","NDV","KR4101WC0003","코스피200 F 202512","2242","202512","1","585.75"
"20251211","NDV","KR4101WC0003","코스피200 F 202512","2243","202512","1","585.8"
"20251211","NDV","KR4101WC0003","코스피200 F 202512","2244","202512","1","585.8"
"20251211","NDV","KR4101WC0003","코스피200 F 202512","2245","202512","1","585.75"
"20251211","NDV","KR4101WC0003","코스피200 F 202512","2246","202512","1","585.8"
"20251211","NDV","KR4101WC0003","코스피200 F 202512","2247","202512","1","585.8"
"20251211","NDV","KR4101WC0003","코스피200 F 202512","2248","202512","1","585.8"
"20251211","NDV","KR4101WC0003","코스피200 F 202512","2249","202512","1","585.75"
"20251211","NDV","KR4101WC0003","코스피200 F 202512","2250","202512","1","585.75"
"20251211","NDV","KR4101WC0003","코스피200 F 202512","2251","202512","1","585.8"
"20251211","NDV","KR4101WC0003","코스피200 F 202512","2252","202512","1","585.8"
"20251211","NDV","KR4101WC0003","코스피200 F 202512","2254","202512","1","585.85"
"20251211","NDV","KR4101WC0003","코스피200 F 202512","2255","202512","1","585.85"
"20251211","NDV","KR4101WC0003","코스피200 F 202512","2256","202512","1","585.85"
"20251211","NDV","KR4101WC0003","코스피200 F 202512","2257","202512","1","585.85"
"20251211","NDV","KR4101WC0003","코스피200 F 202512","2258","202512","1","585.85"
"20251211","NDV","KR4101WC0003","코스피200 F 202512","2259","202512","1","585.85"
"20251211","NDV","KR4101WC0003","코스피200 F 202512","2300","202512","1","585.45"
"20251211","NDV","KR4101WC0003","코스피200 F 202512","2301","202512","1","585.45"
"20251211","NDV","KR4101WC0003","코스피200 F 202512","2302","202512","1","585.45"
"20251211","NDV","KR4101WC0003","코스피200 F 202512","2303","202512","1","585.45"
"20251211","NDV","KR4101WC0003","코스피200 F 202512","2304","202512","1","585.4"
"20251211","NDV","KR4101WC0003","코스피200 F 202512","2305","202512","1","585.25"
"20251211","NDV","KR4101WC0003","코스피200 F 202512","2306","202512","1","585.45"
"20251211","NDV","KR4101WC0003","코스피200 F 202512","2307","202512","1","585.45"
"20251211","NDV","KR4101WC0003","코스피200 F 202512","2309","202512","1","585.45"
"20251211","NDV","KR4101WC0003","코스피200 F 202512","2310","202512","1","585.7"
"20251211","NDV","KR4101WC0003","코스피200 F 202512","2311","202512","1","585.75"
"20251211","NDV","KR4101WC0003","코스피200 F 202512","2312","202512","1","585.8"
"20251211","NDV","KR4101WC0003","코스피200 F 202512","2313","202512","1","585.75"
"20251211","NDV","KR4101WC0003","코스피200 F 202512","2314","202512","1","585.65"
"20251211","NDV","KR4101WC0003","코스피200 F 202512","2315","202512","1","585.65"
"20251211","NDV","KR4101WC0003","코스피200 F 202512","2316","202512","1","585.75"
"20251211","NDV","KR4101WC0003","코스피200 F 202512","2317","202512","1","585.8"
"20251211","NDV","KR4101WC0003","코스피200 F 202512","2318","202512","1","585.7"
"20251211","NDV","KR4101WC0003","코스피200 F 202512","2319","202512","1","585.65"
"20251211","NDV","KR4101WC0003","코스피200 F 202512","2320","202512","1","585.65"
"20251211","NDV","KR4101WC0003","코스피200 F 202512","2321","202512","1","585.65"
"20251211","NDV","KR4101WC0003","코스피200 F 202512","2322","202512","1","585.7"
"20251211","NDV","KR4101WC0003","코스피200 F 202512","2323","202512","1","585.8"
"20251211","NDV","KR4101WC0003","코스피200 F 202512","2324","202512","1","585.7"
"20251211","NDV","KR4101WC0003","코스피200 F 202512","2325","202512","1","585.85"
"20251211","NDV","KR4101WC0003","코스피200 F 202512","2326","202512","1","585.75"
"20251211","NDV","KR4101WC0003","코스피200 F 202512","2327","202512","1","585.75"
"20251211","NDV","KR4101WC0003","코스피200 F 202512","2328","202512","1","585.65"
"20251211","NDV","KR4101WC0003","코스피200 F 202512","2329","202512","1","585.65"
"20251211","NDV","KR4101WC0003","코스피200 F 202512","2330","202512","1","585.8"
"20251211","NDV","KR4101WC0003","코스피200 F 202512","2331","202512","1","585.7"
"20251211","NDV","KR4101WC0003","코스피200 F 202512","2332","202512","1","585.6"
"20251211","NDV","KR4101WC0003","코스피200 F 202512","2333","202512","1","585.65"
"20251211","NDV","KR4101WC0003","코스피200 F 202512","2334","202512","1","585.7"
"20251211","NDV","KR4101WC0003","코스피200 F 202512","2335","202512","1","585.25"
"20251211","NDV","KR4101WC0003","코스피200 F 202512","2336","202512","1","585.15"
"20251211","NDV","KR4101WC0003","코스피200 F 202512","2337","202512","1","585.7"
"20251211","NDV","KR4101WC0003","코스피200 F 202512","2338","202512","1","585.6"
"20251211","NDV","KR4101WC0003","코스피200 F 202512","2339","202512","1","585.55"
"20251211","NDV","KR4101WC0003","코스피200 F 202512","2340","202512","1","585.7"
"20251211","NDV","KR4101WC0003","코스피200 F 202512","2341","202512","1","585.7"
"20251211","NDV","KR4101WC0003","코스피200 F 202512","2342","202512","1","585.9"
"20251211","NDV","KR4101WC0003","코스피200 F 202512","2343","202512","1","586"
"20251211","NDV","KR4101WC0003","코스피200 F 202512","2344","202512","1","585.95"
"20251211","NDV","KR4101WC0003","코스피200 F 202512","2345","202512","1","586.1"
"20251211","NDV","KR4101WC0003","코스피200 F 202512","2346","202512","1","586"
"20251211","NDV","KR4101WC0003","코스피200 F 202512","2347","202512","1","586.25"
"20251211","NDV","KR4101WC0003","코스피200 F 202512","2348","202512","1","586.2"
"20251211","NDV","KR4101WC0003","코스피200 F 202512","2349","202512","1","586.05"
"20251211","NDV","KR4101WC0003","코스피200 F 202512","2350","202512","1","586.15"
"20251211","NDV","KR4101WC0003","코스피200 F 202512","2351","202512","1","585.85"
"20251211","NDV","KR4101WC0003","코스피200 F 202512","2352","202512","1","585.75"
"20251211","NDV","KR4101WC0003","코스피200 F 202512","2353","202512","1","585.8"
"20251211","NDV","KR4101WC0003","코스피200 F 202512","2354","202512","1","585.7"
"20251211","NDV","KR4101WC0003","코스피200 F 202512","2355","202512","1","585.55"
"20251211","NDV","KR4101WC0003","코스피200 F 202512","2356","202512","1","585.6"
"20251211","NDV","KR4101WC0003","코스피200 F 202512","2357","202512","1","585.7"
"20251211","NDV","KR4101WC0003","코스피200 F 202512","2358","202512","1","585.75"
"20251211","NDV","KR4101WC0003","코스피200 F 202512","2359","202512","1","585.9"
"20251211","NDV","KR4101WC0003","코스피200 F 202512","0000","202512","1","585.75"
"20251211","NDV","KR4101WC0003","코스피200 F 202512","0001","202512","1","585.8"
"20251211","NDV","KR4101WC0003","코스피200 F 202512","0002","202512","1","585.85"
"20251211","NDV","KR4101WC0003","코스피200 F 202512","0003","202512","1","585.95"
"20251211","NDV","KR4101WC0003","코스피200 F 202512","0004","202512","1","585.85"
"20251211","NDV","KR4101WC0003","코스피200 F 202512","0005","202512","1","586"
"20251211","NDV","KR4101WC0003","코스피200 F 202512","0006","202512","1","586.05"
"20251211","NDV","KR4101WC0003","코스피200 F 202512","0007","202512","1","586.1"
"20251211","NDV","KR4101WC0003","코스피200 F 202512","0008","202512","1","586.05"
"20251211","NDV","KR4101WC0003","코스피200 F 202512","0009","202512","1","585.95"
"20251211","NDV","KR4101WC0003","코스피200 F 202512","0010","202512","1","586"
"20251211","NDV","KR4101WC0003","코스피200 F 202512","0011","202512","1","586.15"
"20251211","NDV","KR4101WC0003","코스피200 F 202512","0012","202512","1","586.15"
"20251211","NDV","KR4101WC0003","코스피200 F 202512","0013","202512","1","586"
"20251211","NDV","KR4101WC0003","코스피200 F 202512","0014","202512","1","585.9"
"20251211","NDV","KR4101WC0003","코스피200 F 202512","0015","202512","1","586"
"20251211","NDV","KR4101WC0003","코스피200 F 202512","0016","202512","1","586"
"20251211","NDV","KR4101WC0003","코스피200 F 202512","0017","202512","1","586.1"
"20251211","NDV","KR4101WC0003","코스피200 F 202512","0018","202512","1","586.1"
"20251211","NDV","KR4101WC0003","코스피200 F 202512","0019","202512","1","586.15"
"20251211","NDV","KR4101WC0003","코스피200 F 202512","0020","202512","1","586"
"20251211","NDV","KR4101WC0003","코스피200 F 202512","0021","202512","1","586.25"
"20251211","NDV","KR4101WC0003","코스피200 F 202512","0022","202512","1","586.45"
"20251211","NDV","KR4101WC0003","코스피200 F 202512","0023","202512","1","586.4"
"20251211","NDV","KR4101WC0003","코스피200 F 202512","0024","202512","1","586.35"
"20251211","NDV","KR4101WC0003","코스피200 F 202512","0025","202512","1","586.25"
"20251211","NDV","KR4101WC0003","코스피200 F 202512","0026","202512","1","586.1"
"20251211","NDV","KR4101WC0003","코스피200 F 202512","0027","202512","1","586.05"
"20251211","NDV","KR4101WC0003","코스피200 F 202512","0028","202512","1","586.05"
"20251211","NDV","KR4101WC0003","코스피200 F 202512","0029","202512","1","586.15"
"20251211","NDV","KR4101WC0003","코스피200 F 202512","0030","202512","1","586.2"
"20251211","NDV","KR4101WC0003","코스피200 F 202512","0031","202512","1","586.15"
"20251211","NDV","KR4101WC0003","코스피200 F 202512","0032","202512","1","586.1"
"20251211","NDV","KR4101WC0003","코스피200 F 202512","0033","202512","1","586.05"
"20251211","NDV","KR4101WC0003","코스피200 F 202512","0034","202512","1","585.8"
"20251211","NDV","KR4101WC0003","코스피200 F 202512","0035","202512","1","585.75"
"20251211","NDV","KR4101WC0003","코스피200 F 202512","0036","202512","1","585.7"
"20251211","NDV","KR4101WC0003","코스피200 F 202512","0037","202512","1","585.85"
"20251211","NDV","KR4101WC0003","코스피200 F 202512","0038","202512","1","585.65"
"20251211","NDV","KR4101WC0003","코스피200 F 202512","0039","202512","1","585.8"
"20251211","NDV","KR4101WC0003","코스피200 F 202512","0040","202512","1","585.75"
"20251211","NDV","KR4101WC0003","코스피200 F 202512","0041","202512","1","585.9"
"20251211","NDV","KR4101WC0003","코스피200 F 202512","0042","202512","1","586"
"20251211","NDV","KR4101WC0003","코스피200 F 202512","0043","202512","1","585.9"
"20251211","NDV","KR4101WC0003","코스피200 F 202512","0044","202512","1","585.85"
"20251211","NDV","KR4101WC0003","코스피200 F 202512","0045","202512","1","585.85"
"20251211","NDV","KR4101WC0003","코스피200 F 202512","0046","202512","1","585.8"
"20251211","NDV","KR4101WC0003","코스피200 F 202512","0047","202512","1","585.9"
"20251211","NDV","KR4101WC0003","코스피200 F 202512","0048","202512","1","586.05"
"20251211","NDV","KR4101WC0003","코스피200 F 202512","0049","202512","1","586.3"
"20251211","NDV","KR4101WC0003","코스피200 F 202512","0050","202512","1","586.4"
"20251211","NDV","KR4101WC0003","코스피200 F 202512","0051","202512","1","586.05"
"20251211","NDV","KR4101WC0003","코스피200 F 202512","0052","202512","1","585.95"
"20251211","NDV","KR4101WC0003","코스피200 F 202512","0053","202512","1","586"
"20251211","NDV","KR4101WC0003","코스피200 F 202512","0054","202512","1","585.8"
"20251211","NDV","KR4101WC0003","코스피200 F 202512","0055","202512","1","585.65"
"20251211","NDV","KR4101WC0003","코스피200 F 202512","0056","202512","1","585.75"
"20251211","NDV","KR4101WC0003","코스피200 F 202512","0057","202512","1","585.9"
"20251211","NDV","KR4101WC0003","코스피200 F 202512","0058","202512","1","585.8"
"20251211","NDV","KR4101WC0003","코스피200 F 202512","0100","202512","1","585.7"
"20251211","NDV","KR4101WC0003","코스피200 F 202512","0101","202512","1","585.55"
"20251211","NDV","KR4101WC0003","코스피200 F 202512","0102","202512","1","585.25"
"20251211","NDV","KR4101WC0003","코스피200 F 202512","0103","202512","1","585.35"
"20251211","NDV","KR4101WC0003","코스피200 F 202512","0104","202512","1","585.35"
"20251211","NDV","KR4101WC0003","코스피200 F 202512","0105","202512","1","585.5"
"20251211","NDV","KR4101WC0003","코스피200 F 202512","0106","202512","1","585.45"
"20251211","NDV","KR4101WC0003","코스피200 F 202512","0107","202512","1","585.65"
"20251211","NDV","KR4101WC0003","코스피200 F 202512","0108","202512","1","585.55"
"20251211","NDV","KR4101WC0003","코스피200 F 202512","0109","202512","1","585.65"
"20251211","NDV","KR4101WC0003","코스피200 F 202512","0110","202512","1","585.7"
"20251211","NDV","KR4101WC0003","코스피200 F 202512","0111","202512","1","585.9"
"20251211","NDV","KR4101WC0003","코스피200 F 202512","0112","202512","1","586"
"20251211","NDV","KR4101WC0003","코스피200 F 202512","0113","202512","1","586.05"
"20251211","NDV","KR4101WC0003","코스피200 F 202512","0114","202512","1","586.2"
"20251211","NDV","KR4101WC0003","코스피200 F 202512","0115","202512","1","586.2"
"20251211","NDV","KR4101WC0003","코스피200 F 202512","0116","202512","1","586.2"
"20251211","NDV","KR4101WC0003","코스피200 F 202512","0117","202512","1","586.35"
"20251211","NDV","KR4101WC0003","코스피200 F 202512","0118","202512","1","586.7"
"20251211","NDV","KR4101WC0003","코스피200 F 202512","0119","202512","1","586.85"
"20251211","NDV","KR4101WC0003","코스피200 F 202512","0120","202512","1","586.55"
"20251211","NDV","KR4101WC0003","코스피200 F 202512","0121","202512","1","586.5"
"20251211","NDV","KR4101WC0003","코스피200 F 202512","0122","202512","1","586.65"
"20251211","NDV","KR4101WC0003","코스피200 F 202512","0123","202512","1","586.7"
"20251211","NDV","KR4101WC0003","코스피200 F 202512","0124","202512","1","586.7"
"20251211","NDV","KR4101WC0003","코스피200 F 202512","0125","202512","1","586.55"
"20251211","NDV","KR4101WC0003","코스피200 F 202512","0126","202512","1","586.9"
"20251211","NDV","KR4101WC0003","코스피200 F 202512","0127","202512","1","586.85"
"20251211","NDV","KR4101WC0003","코스피200 F 202512","0128","202512","1","586.7"
"20251211","NDV","KR4101WC0003","코스피200 F 202512","0129","202512","1","586.75"
"20251211","NDV","KR4101WC0003","코스피200 F 202512","0130","202512","1","586.75"
"20251211","NDV","KR4101WC0003","코스피200 F 202512","0131","202512","1","586.75"
"20251211","NDV","KR4101WC0003","코스피200 F 202512","0132","202512","1","586.9"
"20251211","NDV","KR4101WC0003","코스피200 F 202512","0133","202512","1","586.75"
"20251211","NDV","KR4101WC0003","코스피200 F 202512","0134","202512","1","586.85"
"20251211","NDV","KR4101WC0003","코스피200 F 202512","0135","202512","1","586.85"
"20251211","NDV","KR4101WC0003","코스피200 F 202512","0136","202512","1","586.8"
"20251211","NDV","KR4101WC0003","코스피200 F 202512","0137","202512","1","586.65"
"20251211","NDV","KR4101WC0003","코스피200 F 202512","0138","202512","1","586.6"
"20251211","NDV","KR4101WC0003","코스피200 F 202512","0139","202512","1","586.7"
"20251211","NDV","KR4101WC0003","코스피200 F 202512","0140","202512","1","586.55"
"20251211","NDV","KR4101WC0003","코스피200 F 202512","0141","202512","1","586.5"
"20251211","NDV","KR4101WC0003","코스피200 F 202512","0142","202512","1","586.55"
"20251211","NDV","KR4101WC0003","코스피200 F 202512","0143","202512","1","586.75"
"20251211","NDV","KR4101WC0003","코스피200 F 202512","0144","202512","1","586.7"
"20251211","NDV","KR4101WC0003","코스피200 F 202512","0145","202512","1","586.6"
"20251211","NDV","KR4101WC0003","코스피200 F 202512","0146","202512","1","586.7"
"20251211","NDV","KR4101WC0003","코스피200 F 202512","0147","202512","1","586.7"
"20251211","NDV","KR4101WC0003","코스피200 F 202512","0148","202512","1","586.8"
"20251211","NDV","KR4101WC0003","코스피200 F 202512","0149","202512","1","586.95"
"20251211","NDV","KR4101WC0003","코스피200 F 202512","0150","202512","1","587"
"20251211","NDV","KR4101WC0003","코스피200 F 202512","0151","202512","1","587.05"
"20251211","NDV","KR4101WC0003","코스피200 F 202512","0152","202512","1","587.1"
"20251211","NDV","KR4101WC0003","코스피200 F 202512","0153","202512","1","587.05"
"20251211","NDV","KR4101WC0003","코스피200 F 202512","0154","202512","1","587.05"
"20251211","NDV","KR4101WC0003","코스피200 F 202512","0155","202512","1","587"
"20251211","NDV","KR4101WC0003","코스피200 F 202512","0156","202512","1","587.1"
"20251211","NDV","KR4101WC0003","코스피200 F 202512","0157","202512","1","587.05"
"20251211","NDV","KR4101WC0003","코스피200 F 202512","0158","202512","1","587.05"
"20251211","NDV","KR4101WC0003","코스피200 F 202512","0159","202512","1","587.05"
"20251211","NDV","KR4101WC0003","코스피200 F 202512","0200","202512","1","586.9"
"20251211","NDV","KR4101WC0003","코스피200 F 202512","0201","202512","1","587"
"20251211","NDV","KR4101WC0003","코스피200 F 202512","0202","202512","1","587"
"20251211","NDV","KR4101WC0003","코스피200 F 202512","0203","202512","1","587.05"
"20251211","NDV","KR4101WC0003","코스피200 F 202512","0204","202512","1","586.95"
"20251211","NDV","KR4101WC0003","코스피200 F 202512","0205","202512","1","586.9"
"20251211","NDV","KR4101WC0003","코스피200 F 202512","0206","202512","1","586.9"
"20251211","NDV","KR4101WC0003","코스피200 F 202512","0207","202512","1","586.9"
"20251211","NDV","KR4101WC0003","코스피200 F 202512","0208","202512","1","586.9"
"20251211","NDV","KR4101WC0003","코스피200 F 202512","0209","202512","1","586.9"
"20251211","NDV","KR4101WC0003","코스피200 F 202512","0210","202512","1","586.9"
"20251211","NDV","KR4101WC0003","코스피200 F 202512","0211","202512","1","586.75"
"20251211","NDV","KR4101WC0003","코스피200 F 202512","0212","202512","1","587.05"
"20251211","NDV","KR4101WC0003","코스피200 F 202512","0213","202512","1","586.95"
"20251211","NDV","KR4101WC0003","코스피200 F 202512","0214","202512","1","586.9"
"20251211","NDV","KR4101WC0003","코스피200 F 202512","0215","202512","1","586.85"
"20251211","NDV","KR4101WC0003","코스피200 F 202512","0216","202512","1","586.8"
"20251211","NDV","KR4101WC0003","코스피200 F 202512","0217","202512","1","586.85"
"20251211","NDV","KR4101WC0003","코스피200 F 202512","0218","202512","1","586.85"
"20251211","NDV","KR4101WC0003","코스피200 F 202512","0219","202512","1","586.8"
"20251211","NDV","KR4101WC0003","코스피200 F 202512","0220","202512","1","586.75"
"20251211","NDV","KR4101WC0003","코스피200 F 202512","0221","202512","1","586.8"
"20251211","NDV","KR4101WC0003","코스피200 F 202512","0222","202512","1","586.75"
"20251211","NDV","KR4101WC0003","코스피200 F 202512","0223","202512","1","586.8"
"20251211","NDV","KR4101WC0003","코스피200 F 202512","0224","202512","1","586.85"
"20251211","NDV","KR4101WC0003","코스피200 F 202512","0225","202512","1","586.9"
"20251211","NDV","KR4101WC0003","코스피200 F 202512","0226","202512","1","586.8"
"20251211","NDV","KR4101WC0003","코스피200 F 202512","0227","202512","1","586.9"
"20251211","NDV","KR4101WC0003","코스피200 F 202512","0228","202512","1","586.9"
"20251211","NDV","KR4101WC0003","코스피200 F 202512","0229","202512","1","586.8"
"20251211","NDV","KR4101WC0003","코스피200 F 202512","0230","202512","1","586.75"
"20251211","NDV","KR4101WC0003","코스피200 F 202512","0231","202512","1","586.75"
"20251211","NDV","KR4101WC0003","코스피200 F 202512","0232","202512","1","586.7"
"20251211","NDV","KR4101WC0003","코스피200 F 202512","0233","202512","1","586.8"
"20251211","NDV","KR4101WC0003","코스피200 F 202512","0234","202512","1","586.8"
"20251211","NDV","KR4101WC0003","코스피200 F 202512","0235","202512","1","586.8"
"20251211","NDV","KR4101WC0003","코스피200 F 202512","0237","202512","1","586.95"
"20251211","NDV","KR4101WC0003","코스피200 F 202512","0238","202512","1","586.95"
"20251211","NDV","KR4101WC0003","코스피200 F 202512","0239","202512","1","586.85"
"20251211","NDV","KR4101WC0003","코스피200 F 202512","0240","202512","1","586.85"
"20251211","NDV","KR4101WC0003","코스피200 F 202512","0241","202512","1","586.9"
"20251211","NDV","KR4101WC0003","코스피200 F 202512","0242","202512","1","586.8"
"20251211","NDV","KR4101WC0003","코스피200 F 202512","0243","202512","1","586.75"
"20251211","NDV","KR4101WC0003","코스피200 F 202512","0244","202512","1","586.85"
"20251211","NDV","KR4101WC0003","코스피200 F 202512","0245","202512","1","586.85"
"20251211","NDV","KR4101WC0003","코스피200 F 202512","0246","202512","1","586.85"
"20251211","NDV","KR4101WC0003","코스피200 F 202512","0247","202512","1","586.9"
"20251211","NDV","KR4101WC0003","코스피200 F 202512","0248","202512","1","586.95"
"20251211","NDV","KR4101WC0003","코스피200 F 202512","0249","202512","1","586.95"
"20251211","NDV","KR4101WC0003","코스피200 F 202512","0250","202512","1","587.1"
"20251211","NDV","KR4101WC0003","코스피200 F 202512","0251","202512","1","587.2"
"20251211","NDV","KR4101WC0003","코스피200 F 202512","0252","202512","1","587.15"
"20251211","NDV","KR4101WC0003","코스피200 F 202512","0253","202512","1","587.25"
"20251211","NDV","KR4101WC0003","코스피200 F 202512","0254","202512","1","587.3"
"20251211","NDV","KR4101WC0003","코스피200 F 202512","0255","202512","1","587.4"
"20251211","NDV","KR4101WC0003","코스피200 F 202512","0256","202512","1","587.25"
"20251211","NDV","KR4101WC0003","코스피200 F 202512","0257","202512","1","587.25"
"20251211","NDV","KR4101WC0003","코스피200 F 202512","0258","202512","1","587.15"
"20251211","NDV","KR4101WC0003","코스피200 F 202512","0259","202512","1","587.2"
"20251211","NDV","KR4101WC0003","코스피200 F 202512","0300","202512","1","587.15"
"20251211","NDV","KR4101WC0003","코스피200 F 202512","0301","202512","1","587.2"
"20251211","NDV","KR4101WC0003","코스피200 F 202512","0302","202512","1","587.1"
"20251211","NDV","KR4101WC0003","코스피200 F 202512","0303","202512","1","587.05"
"20251211","NDV","KR4101WC0003","코스피200 F 202512","0304","202512","1","587.1"
"20251211","NDV","KR4101WC0003","코스피200 F 202512","0305","202512","1","587.1"
"20251211","NDV","KR4101WC0003","코스피200 F 202512","0306","202512","1","587.2"
"20251211","NDV","KR4101WC0003","코스피200 F 202512","0307","202512","1","587.2"
"20251211","NDV","KR4101WC0003","코스피200 F 202512","0308","202512","1","587.2"
"20251211","NDV","KR4101WC0003","코스피200 F 202512","0309","202512","1","587.25"
"20251211","NDV","KR4101WC0003","코스피200 F 202512","0310","202512","1","587.25"
"20251211","NDV","KR4101WC0003","코스피200 F 202512","0311","202512","1","587.25"
"20251211","NDV","KR4101WC0003","코스피200 F 202512","0312","202512","1","587.3"
"20251211","NDV","KR4101WC0003","코스피200 F 202512","0313","202512","1","587.25"
"20251211","NDV","KR4101WC0003","코스피200 F 202512","0314","202512","1","587.25"
"20251211","NDV","KR4101WC0003","코스피200 F 202512","0315","202512","1","587.25"
"20251211","NDV","KR4101WC0003","코스피200 F 202512","0316","202512","1","587.15"
"20251211","NDV","KR4101WC0003","코스피200 F 202512","0317","202512","1","587.25"
"20251211","NDV","KR4101WC0003","코스피200 F 202512","0318","202512","1","587.15"
"20251211","NDV","KR4101WC0003","코스피200 F 202512","0319","202512","1","587.15"
"20251211","NDV","KR4101WC0003","코스피200 F 202512","0320","202512","1","587.1"
"20251211","NDV","KR4101WC0003","코스피200 F 202512","0321","202512","1","587.05"
"20251211","NDV","KR4101WC0003","코스피200 F 202512","0322","202512","1","587.05"
"20251211","NDV","KR4101WC0003","코스피200 F 202512","0323","202512","1","587.05"
"20251211","NDV","KR4101WC0003","코스피200 F 202512","0324","202512","1","587.05"
"20251211","NDV","KR4101WC0003","코스피200 F 202512","0325","202512","1","586.9"
"20251211","NDV","KR4101WC0003","코스피200 F 202512","0326","202512","1","586.65"
"20251211","NDV","KR4101WC0003","코스피200 F 202512","0327","202512","1","586.75"
"20251211","NDV","KR4101WC0003","코스피200 F 202512","0328","202512","1","586.7"
"20251211","NDV","KR4101WC0003","코스피200 F 202512","0329","202512","1","586.8"
"20251211","NDV","KR4101WC0003","코스피200 F 202512","0330","202512","1","586.85"
"20251211","NDV","KR4101WC0003","코스피200 F 202512","0331","202512","1","586.85"
"20251211","NDV","KR4101WC0003","코스피200 F 202512","0332","202512","1","586.9"
"20251211","NDV","KR4101WC0003","코스피200 F 202512","0333","202512","1","586.85"
"20251211","NDV","KR4101WC0003","코스피200 F 202512","0334","202512","1","586.8"
"20251211","NDV","KR4101WC0003","코스피200 F 202512","0335","202512","1","586.85"
"20251211","NDV","KR4101WC0003","코스피200 F 202512","0336","202512","1","586.95"
"20251211","NDV","KR4101WC0003","코스피200 F 202512","0337","202512","1","586.95"
"20251211","NDV","KR4101WC0003","코스피200 F 202512","0338","202512","1","586.9"
"20251211","NDV","KR4101WC0003","코스피200 F 202512","0339","202512","1","586.9"
"20251211","NDV","KR4101WC0003","코스피200 F 202512","0340","202512","1","586.9"
"20251211","NDV","KR4101WC0003","코스피200 F 202512","0341","202512","1","586.8"
"20251211","NDV","KR4101WC0003","코스피200 F 202512","0342","202512","1","586.8"
"20251211","NDV","KR4101WC0003","코스피200 F 202512","0343","202512","1","586.85"
"20251211","NDV","KR4101WC0003","코스피200 F 202512","0344","202512","1","586.85"
"20251211","NDV","KR4101WC0003","코스피200 F 202512","0345","202512","1","586.85"
"20251211","NDV","KR4101WC0003","코스피200 F 202512","0346","202512","1","586.85"
"20251211","NDV","KR4101WC0003","코스피200 F 202512","0347","202512","1","586.9"
"20251211","NDV","KR4101WC0003","코스피200 F 202512","0348","202512","1","586.95"
"20251211","NDV","KR4101WC0003","코스피200 F 202512","0349","202512","1","587.05"
"20251211","NDV","KR4101WC0003","코스피200 F 202512","0350","202512","1","586.95"
"20251211","NDV","KR4101WC0003","코스피200 F 202512","0351","202512","1","586.95"
"20251211","NDV","KR4101WC0003","코스피200 F 202512","0352","202512","1","587"
"20251211","NDV","KR4101WC0003","코스피200 F 202512","0353","202512","1","586.85"
"20251211","NDV","KR4101WC0003","코스피200 F 202512","0354","202512","1","586.85"
"20251211","NDV","KR4101WC0003","코스피200 F 202512","0355","202512","1","586.8"
"20251211","NDV","KR4101WC0003","코스피200 F 202512","0356","202512","1","586.75"
"20251211","NDV","KR4101WC0003","코스피200 F 202512","0357","202512","1","586.75"
"20251211","NDV","KR4101WC0003","코스피200 F 202512","0358","202512","1","586.95"
"20251211","NDV","KR4101WC0003","코스피200 F 202512","0359","202512","1","586.9"
"20251211","NDV","KR4101WC0003","코스피200 F 202512","0400","202512","1","588"
"20251211","NDV","KR4101WC0003","코스피200 F 202512","0401","202512","1","587.7"
"20251211","NDV","KR4101WC0003","코스피200 F 202512","0402","202512","1","587.3"
"20251211","NDV","KR4101WC0003","코스피200 F 202512","0403","202512","1","587.3"
"20251211","NDV","KR4101WC0003","코스피200 F 202512","0404","202512","1","587.55"
"20251211","NDV","KR4101WC0003","코스피200 F 202512","0405","202512","1","587.9"
"20251211","NDV","KR4101WC0003","코스피200 F 202512","0406","202512","1","588.3"
"20251211","NDV","KR4101WC0003","코스피200 F 202512","0407","202512","1","588.75"
"20251211","NDV","KR4101WC0003","코스피200 F 202512","0408","202512","1","589.1"
"20251211","NDV","KR4101WC0003","코스피200 F 202512","0409","202512","1","589.1"
"20251211","NDV","KR4101WC0003","코스피200 F 202512","0410","202512","1","589.25"
"20251211","NDV","KR4101WC0003","코스피200 F 202512","0411","202512","1","588.7"
"20251211","NDV","KR4101WC0003","코스피200 F 202512","0412","202512","1","588.9"
"20251211","NDV","KR4101WC0003","코스피200 F 202512","0413","202512","1","588.6"
"20251211","NDV","KR4101WC0003","코스피200 F 202512","0414","202512","1","588.55"
"20251211","NDV","KR4101WC0003","코스피200 F 202512","0415","202512","1","588.7"
"20251211","NDV","KR4101WC0003","코스피200 F 202512","0416","202512","1","589.05"
"20251211","NDV","KR4101WC0003","코스피200 F 202512","0417","202512","1","588.85"
"20251211","NDV","KR4101WC0003","코스피200 F 202512","0418","202512","1","588.8"
"20251211","NDV","KR4101WC0003","코스피200 F 202512","0419","202512","1","588.9"
"20251211","NDV","KR4101WC0003","코스피200 F 202512","0420","202512","1","588.85"
"20251211","NDV","KR4101WC0003","코스피200 F 202512","0421","202512","1","588.8"
"20251211","NDV","KR4101WC0003","코스피200 F 202512","0422","202512","1","588.55"
"20251211","NDV","KR4101WC0003","코스피200 F 202512","0423","202512","1","588.5"
"20251211","NDV","KR4101WC0003","코스피200 F 202512","0424","202512","1","588.1"
"20251211","NDV","KR4101WC0003","코스피200 F 202512","0425","202512","1","588.25"
"20251211","NDV","KR4101WC0003","코스피200 F 202512","0426","202512","1","588.1"
"20251211","NDV","KR4101WC0003","코스피200 F 202512","0427","202512","1","588.25"
"20251211","NDV","KR4101WC0003","코스피200 F 202512","0428","202512","1","588.15"
"20251211","NDV","KR4101WC0003","코스피200 F 202512","0429","202512","1","588.45"
"20251211","NDV","KR4101WC0003","코스피200 F 202512","0430","202512","1","588.65"
"20251211","NDV","KR4101WC0003","코스피200 F 202512","0431","202512","1","588.45"
"20251211","NDV","KR4101WC0003","코스피200 F 202512","0432","202512","1","588.8"
"20251211","NDV","KR4101WC0003","코스피200 F 202512","0433","202512","1","589.15"
"20251211","NDV","KR4101WC0003","코스피200 F 202512","0434","202512","1","589.75"
"20251211","NDV","KR4101WC0003","코스피200 F 202512","0435","202512","1","589.75"
"20251211","NDV","KR4101WC0003","코스피200 F 202512","0436","202512","1","589.3"
"20251211","NDV","KR4101WC0003","코스피200 F 202512","0437","202512","1","589.05"
"20251211","NDV","KR4101WC0003","코스피200 F 202512","0438","202512","1","589.35"
"20251211","NDV","KR4101WC0003","코스피200 F 202512","0439","202512","1","589.6"
"20251211","NDV","KR4101WC0003","코스피200 F 202512","0440","202512","1","588.45"
"20251211","NDV","KR4101WC0003","코스피200 F 202512","0441","202512","1","588.2"
"20251211","NDV","KR4101WC0003","코스피200 F 202512","0442","202512","1","588.35"
"20251211","NDV","KR4101WC0003","코스피200 F 202512","0443","202512","1","588.25"
"20251211","NDV","KR4101WC0003","코스피200 F 202512","0444","202512","1","588.55"
"20251211","NDV","KR4101WC0003","코스피200 F 202512","0445","202512","1","588.75"
"20251211","NDV","KR4101WC0003","코스피200 F 202512","0446","202512","1","588.9"
"20251211","NDV","KR4101WC0003","코스피200 F 202512","0447","202512","1","589.1"
"20251211","NDV","KR4101WC0003","코스피200 F 202512","0448","202512","1","589.1"
"20251211","NDV","KR4101WC0003","코스피200 F 202512","0449","202512","1","588.85"
"20251211","NDV","KR4101WC0003","코스피200 F 202512","0450","202512","1","589.05"
"20251211","NDV","KR4101WC0003","코스피200 F 202512","0451","202512","1","589.25"
"20251211","NDV","KR4101WC0003","코스피200 F 202512","0452","202512","1","589.7"
"20251211","NDV","KR4101WC0003","코스피200 F 202512","0453","202512","1","589.85"
"20251211","NDV","KR4101WC0003","코스피200 F 202512","0454","202512","1","589.95"
"20251211","NDV","KR4101WC0003","코스피200 F 202512","0455","202512","1","590.2"
"20251211","NDV","KR4101WC0003","코스피200 F 202512","0456","202512","1","590.4"
"20251211","NDV","KR4101WC0003","코스피200 F 202512","0457","202512","1","590.35"
"20251211","NDV","KR4101WC0003","코스피200 F 202512","0458","202512","1","590.5"
"20251211","NDV","KR4101WC0003","코스피200 F 202512","0459","202512","1","590.65"
"20251211","NDV","KR4101WC0003","코스피200 F 202512","0500","202512","1","590.2"
"20251211","NDV","KR4101WC0003","코스피200 F 202512","0501","202512","1","590.4"
"20251211","NDV","KR4101WC0003","코스피200 F 202512","0502","202512","1","590.7"
"20251211","NDV","KR4101WC0003","코스피200 F 202512","0503","202512","1","590.75"
"20251211","NDV","KR4101WC0003","코스피200 F 202512","0504","202512","1","591.05"
"20251211","NDV","KR4101WC0003","코스피200 F 202512","0505","202512","1","591.1"
"20251211","NDV","KR4101WC0003","코스피200 F 202512","0506","202512","1","591.05"
"20251211","NDV","KR4101WC0003","코스피200 F 202512","0507","202512","1","591.3"
"20251211","NDV","KR4101WC0003","코스피200 F 202512","0508","202512","1","591.5"
"20251211","NDV","KR4101WC0003","코스피200 F 202512","0509","202512","1","591.7"
"20251211","NDV","KR4101WC0003","코스피200 F 202512","0510","202512","1","591.75"
"20251211","NDV","KR4101WC0003","코스피200 F 202512","0511","202512","1","591.6"
"20251211","NDV","KR4101WC0003","코스피200 F 202512","0512","202512","1","591.9"
"20251211","NDV","KR4101WC0003","코스피200 F 202512","0513","202512","1","592"
"20251211","NDV","KR4101WC0003","코스피200 F 202512","0514","202512","1","592.25"
"20251211","NDV","KR4101WC0003","코스피200 F 202512","0515","202512","1","592.15"
"20251211","NDV","KR4101WC0003","코스피200 F 202512","0516","202512","1","592.35"
"20251211","NDV","KR4101WC0003","코스피200 F 202512","0517","202512","1","592.4"
"20251211","NDV","KR4101WC0003","코스피200 F 202512","0518","202512","1","592.3"
"20251211","NDV","KR4101WC0003","코스피200 F 202512","0519","202512","1","592.4"
"20251211","NDV","KR4101WC0003","코스피200 F 202512","0520","202512","1","592.45"
"20251211","NDV","KR4101WC0003","코스피200 F 202512","0521","202512","1","592.75"
"20251211","NDV","KR4101WC0003","코스피200 F 202512","0522","202512","1","592.75"
"20251211","NDV","KR4101WC0003","코스피200 F 202512","0523","202512","1","592.55"
"20251211","NDV","KR4101WC0003","코스피200 F 202512","0524","202512","1","592.45"
"20251211","NDV","KR4101WC0003","코스피200 F 202512","0525","202512","1","592.65"
"20251211","NDV","KR4101WC0003","코스피200 F 202512","0526","202512","1","592.8"
"20251211","NDV","KR4101WC0003","코스피200 F 202512","0527","202512","1","592.9"
"20251211","NDV","KR4101WC0003","코스피200 F 202512","0528","202512","1","592.85"
"20251211","NDV","KR4101WC0003","코스피200 F 202512","0529","202512","1","592.85"
"20251211","NDV","KR4101WC0003","코스피200 F 202512","0530","202512","1","592.9"
"20251211","NDV","KR4101WC0003","코스피200 F 202512","0531","202512","1","592.9"
"20251211","NDV","KR4101WC0003","코스피200 F 202512","0532","202512","1","593"
"20251211","NDV","KR4101WC0003","코스피200 F 202512","0533","202512","1","593.1"
"20251211","NDV","KR4101WC0003","코스피200 F 202512","0534","202512","1","593.15"
"20251211","NDV","KR4101WC0003","코스피200 F 202512","0535","202512","1","593.1"
"20251211","NDV","KR4101WC0003","코스피200 F 202512","0536","202512","1","592.95"
"20251211","NDV","KR4101WC0003","코스피200 F 202512","0537","202512","1","593.05"
"20251211","NDV","KR4101WC0003","코스피200 F 202512","0538","202512","1","593.1"
"20251211","NDV","KR4101WC0003","코스피200 F 202512","0539","202512","1","593"
"20251211","NDV","KR4101WC0003","코스피200 F 202512","0540","202512","1","593"
"20251211","NDV","KR4101WC0003","코스피200 F 202512","0541","202512","1","593"
"20251211","NDV","KR4101WC0003","코스피200 F 202512","0542","202512","1","592.95"
"20251211","NDV","KR4101WC0003","코스피200 F 202512","0543","202512","1","593"
"20251211","NDV","KR4101WC0003","코스피200 F 202512","0544","202512","1","593"
"20251211","NDV","KR4101WC0003","코스피200 F 202512","0545","202512","1","593.05"
"20251211","NDV","KR4101WC0003","코스피200 F 202512","0546","202512","1","593.15"
"20251211","NDV","KR4101WC0003","코스피200 F 202512","0547","202512","1","593.15"
"20251211","NDV","KR4101WC0003","코스피200 F 202512","0548","202512","1","593.05"
"20251211","NDV","KR4101WC0003","코스피200 F 202512","0549","202512","1","593.15"
"20251211","NDV","KR4101WC0003","코스피200 F 202512","0600","202512","1","592.9"
"20251211","NDV","KR4401WC63S4","코스피200 SP 2512-2603","1800","202512","1","0.5"
"20251211","NDV","KR4401WC63S4","코스피200 SP 2512-2603","1804","202512","1","0.45"
"20251211","NDV","KR4401WC63S4","코스피200 SP 2512-2603","1816","202512","1","0.5"
"20251211","NDV","KR4401WC63S4","코스피200 SP 2512-2603","1825","202512","1","0.5"
"20251211","NDV","KR4401WC63S4","코스피200 SP 2512-2603","1827","202512","1","0.55"
"20251211","NDV","KR4401WC63S4","코스피200 SP 2512-2603","1836","202512","1","0.5"
"20251211","NDV","KR4401WC63S4","코스피200 SP 2512-2603","1841","202512","1","0.45"
"20251211","NDV","KR4401WC63S4","코스피200 SP 2512-2603","1859","202512","1","0.45"
"20251211","NDV","KR4401WC63S4","코스피200 SP 2512-2603","1901","202512","1","0.45"
"20251211","NDV","KR4401WC63S4","코스피200 SP 2512-2603","1907","202512","1","0.5"
"20251211","NDV","KR4401WC63S4","코스피200 SP 2512-2603","1908","202512","1","0.5"
"20251211","NDV","KR4401WC63S4","코스피200 SP 2512-2603","1909","202512","1","0.45"
"20251211","NDV","KR4401WC63S4","코스피200 SP 2512-2603","1910","202512","1","0.5"
"20251211","NDV","KR4401WC63S4","코스피200 SP 2512-2603","1911","202512","1","0.5"
"20251211","NDV","KR4401WC63S4","코스피200 SP 2512-2603","1913","202512","1","0.5"
"20251211","NDV","KR4401WC63S4","코스피200 SP 2512-2603","1914","202512","1","0.5"
"20251211","NDV","KR4401WC63S4","코스피200 SP 2512-2603","1915","202512","1","0.5"
"20251211","NDV","KR4401WC63S4","코스피200 SP 2512-2603","1916","202512","1","0.45"
"20251211","NDV","KR4401WC63S4","코스피200 SP 2512-2603","1917","202512","1","0.45"
"20251211","NDV","KR4401WC63S4","코스피200 SP 2512-2603","1918","202512","1","0.5"
"20251211","NDV","KR4401WC63S4","코스피200 SP 2512-2603","1919","202512","1","0.45"
"20251211","NDV","KR4401WC63S4","코스피200 SP 2512-2603","1932","202512","1","0.4"
"20251211","NDV","KR4401WC63S4","코스피200 SP 2512-2603","1935","202512","1","0.4"
"20251211","NDV","KR4401WC63S4","코스피200 SP 2512-2603","1937","202512","1","0.4"
"20251211","NDV","KR4401WC63S4","코스피200 SP 2512-2603","2002","202512","1","0.4"
"20251211","NDV","KR4401WC63S4","코스피200 SP 2512-2603","2030","202512","1","0.45"
"20251211","NDV","KR4401WC63S4","코스피200 SP 2512-2603","2036","202512","1","0.4"
"20251211","NDV","KR4401WC63S4","코스피200 SP 2512-2603","2040","202512","1","0.45"
"20251211","NDV","KR4401WC63S4","코스피200 SP 2512-2603","2139","202512","1","0.4"
"20251211","NDV","KR4401WC63S4","코스피200 SP 2512-2603","2157","202512","1","0.4"
"20251211","NDV","KR4401WC63S4","코스피200 SP 2512-2603","2229","202512","1","0.45"
"20251211","NDV","KR4401WC63S4","코스피200 SP 2512-2603","2300","202512","1","0.45"
"20251211","NDV","KR4401WC63S4","코스피200 SP 2512-2603","2349","202512","1","0.45"
"20251211","NDV","KR4401WC63S4","코스피200 SP 2512-2603","2350","202512","1","0.45"
"20251211","NDV","KR4401WC63S4","코스피200 SP 2512-2603","0009","202512","1","0.4"
"20251211","NDV","KR4401WC63S4","코스피200 SP 2512-2603","0136","202512","1","0.4"
"20251211","NDV","KR4401WC63S4","코스피200 SP 2512-2603","0209","202512","1","0.45"
"20251211","NDV","KR4401WC63S4","코스피200 SP 2512-2603","0210","202512","1","0.4"
"20251211","NDV","KR4401WC63S4","코스피200 SP 2512-2603","0212","202512","1","0.4"
"20251211","NDV","KR4401WC63S4","코스피200 SP 2512-2603","0230","202512","1","0.4"
"20251211","NDV","KR4401WC63S4","코스피200 SP 2512-2603","0244","202512","1","0.4"
"20251211","NDV","KR4401WC63S4","코스피200 SP 2512-2603","0252","202512","1","0.4"
"20251211","NDV","KR4401WC63S4","코스피200 SP 2512-2603","0400","202512","1","0.4"
"20251211","NDV","KR4401WC63S4","코스피200 SP 2512-2603","0401","202512","1","0.4"
"20251211","NDV","KR4401WC63S4","코스피200 SP 2512-2603","0408","202512","1","0.4"
"20251211","NDV","KR4401WC63S4","코스피200 SP 2512-2603","0415","202512","1","0.4"
"20251211","NDV","KR4401WC63S4","코스피200 SP 2512-2603","0416","202512","1","0.4"
"20251211","NDV","KR4401WC63S4","코스피200 SP 2512-2603","0417","202512","1","0.4"
"20251211","NDV","KR4401WC63S4","코스피200 SP 2512-2603","0434","202512","1","0.4"
"20251211","NDV","KR4401WC63S4","코스피200 SP 2512-2603","0435","202512","1","0.4"
"20251211","NDV","KR4401WC63S4","코스피200 SP 2512-2603","0441","202512","1","0.4"
"20251211","NDV","KR4401WC63S4","코스피200 SP 2512-2603","0444","202512","1","0.4"
"20251211","NDV","KR4401WC63S4","코스피200 SP 2512-2603","0452","202512","1","0.4"
"20251211","NDV","KR4401WC63S4","코스피200 SP 2512-2603","0500","202512","1","0.45"
"20251211","NDV","KR4401WC63S4","코스피200 SP 2512-2603","0503","202512","1","0.45"
"20251211","NDV","KR4401WC63S4","코스피200 SP 2512-2603","0508","202512","1","0.45"
"20251211","NDV","KR4401WC63S4","코스피200 SP 2512-2603","0510","202512","1","0.45"
"20251211","NDV","KR4401WC63S4","코스피200 SP 2512-2603","0511","202512","1","0.45"
"20251211","NDV","KR4401WC63S4","코스피200 SP 2512-2603","0517","202512","1","0.45"
"20251211","NDV","KR4401WC63S4","코스피200 SP 2512-2603","0520","202512","1","0.45"
"20251211","NDV","KR4401WC63S4","코스피200 SP 2512-2603","0522","202512","1","0.45"
"20251211","NDV","KR4401WC63S4","코스피200 SP 2512-2603","0523","202512","1","0.45"
"20251211","NDV","KR4401WC63S4","코스피200 SP 2512-2603","0525","202512","1","0.45"
"20251211","NDV","KR4401WC63S4","코스피200 SP 2512-2603","0526","202512","1","0.45"
"20251211","NDV","KR4401WC63S4","코스피200 SP 2512-2603","0528","202512","1","0.45"
"20251211","NDV","KR4401WC63S4","코스피200 SP 2512-2603","0530","202512","1","0.45"
"20251211","NDV","KR4401WC63S4","코스피200 SP 2512-2603","0531","202512","1","0.45"
"20251211","NDV","KR4401WC63S4","코스피200 SP 2512-2603","0541","202512","1","0.45"
"20251211","NDV","KR4401WC63S4","코스피200 SP 2512-2603","0542","202512","1","0.45"
"20251211","NDV","KR4401WC63S4","코스피200 SP 2512-2603","0546","202512","1","0.5"
"20251211","NDV","KR4401WC63S4","코스피200 SP 2512-2603","0549","202512","1","0.5"
"20251211","NDV","KR4A01630008","코스피200 F 202603","1800","202603","2","586"
"20251211","NDV","KR4A01630008","코스피200 F 202603","1801","202603","2","585.9"
"20251211","NDV","KR4A01630008","코스피200 F 202603","1802","202603","2","585.8"
"20251211","NDV","KR4A01630008","코스피200 F 202603","1804","202603","2","586"
"20251211","NDV","KR4A01630008","코스피200 F 202603","1805","202603","2","586.05"
"20251211","NDV","KR4A01630008","코스피200 F 202603","1807","202603","2","585.95"
"20251211","NDV","KR4A01630008","코스피200 F 202603","1808","202603","2","586.05"
"20251211","NDV","KR4A01630008","코스피200 F 202603","1809","202603","2","586.15"
"20251211","NDV","KR4A01630008","코스피200 F 202603","1810","202603","2","586"
"20251211","NDV","KR4A01630008","코스피200 F 202603","1811","202603","2","585.85"
"20251211","NDV","KR4A01630008","코스피200 F 202603","1812","202603","2","585.85"
"20251211","NDV","KR4A01630008","코스피200 F 202603","1813","202603","2","585.9"
"20251211","NDV","KR4A01630008","코스피200 F 202603","1814","202603","2","585.7"
"20251211","NDV","KR4A01630008","코스피200 F 202603","1815","202603","2","585.7"
"20251211","NDV","KR4A01630008","코스피200 F 202603","1816","202603","2","585.65"
"20251211","NDV","KR4A01630008","코스피200 F 202603","1817","202603","2","585.8"
"20251211","NDV","KR4A01630008","코스피200 F 202603","1818","202603","2","585.7"
"20251211","NDV","KR4A01630008","코스피200 F 202603","1819","202603","2","585.65"
"20251211","NDV","KR4A01630008","코스피200 F 202603","1820","202603","2","585.65"
"20251211","NDV","KR4A01630008","코스피200 F 202603","1822","202603","2","585.7"
"20251211","NDV","KR4A01630008","코스피200 F 202603","1825","202603","2","585.6"
"20251211","NDV","KR4A01630008","코스피200 F 202603","1826","202603","2","585.55"
"20251211","NDV","KR4A01630008","코스피200 F 202603","1829","202603","2","585.5"
"20251211","NDV","KR4A01630008","코스피200 F 202603","1831","202603","2","585.6"
"20251211","NDV","KR4A01630008","코스피200 F 202603","1838","202603","2","585.65"
"20251211","NDV","KR4A01630008","코스피200 F 202603","1841","202603","2","585.75"
"20251211","NDV","KR4A01630008","코스피200 F 202603","1842","202603","2","585.85"
"20251211","NDV","KR4A01630008","코스피200 F 202603","1845","202603","2","585.65"
"20251211","NDV","KR4A01630008","코스피200 F 202603","1848","202603","2","586"
"20251211","NDV","KR4A01630008","코스피200 F 202603","1851","202603","2","585.9"
"20251211","NDV","KR4A01630008","코스피200 F 202603","1853","202603","2","585.7"
"20251211","NDV","KR4A01630008","코스피200 F 202603","1856","202603","2","585.9"
"20251211","NDV","KR4A01630008","코스피200 F 202603","1901","202603","2","586.25"
"20251211","NDV","KR4A01630008","코스피200 F 202603","1903","202603","2","586.15"
"20251211","NDV","KR4A01630008","코스피200 F 202603","1904","202603","2","586.05"
"20251211","NDV","KR4A01630008","코스피200 F 202603","1905","202603","2","586"
"20251211","NDV","KR4A01630008","코스피200 F 202603","1906","202603","2","585.95"
"20251211","NDV","KR4A01630008","코스피200 F 202603","1907","202603","2","585.9"
"20251211","NDV","KR4A01630008","코스피200 F 202603","1908","202603","2","586.15"
"20251211","NDV","KR4A01630008","코스피200 F 202603","1909","202603","2","586.3"
"20251211","NDV","KR4A01630008","코스피200 F 202603","1910","202603","2","586.4"
"20251211","NDV","KR4A01630008","코스피200 F 202603","1911","202603","2","586.4"
"20251211","NDV","KR4A01630008","코스피200 F 202603","1913","202603","2","586.35"
"20251211","NDV","KR4A01630008","코스피200 F 202603","1914","202603","2","586.3"
"20251211","NDV","KR4A01630008","코스피200 F 202603","1916","202603","2","586.25"
"20251211","NDV","KR4A01630008","코스피200 F 202603","1917","202603","2","586.35"
"20251211","NDV","KR4A01630008","코스피200 F 202603","1920","202603","2","586.25"
"20251211","NDV","KR4A01630008","코스피200 F 202603","1921","202603","2","586.15"
"20251211","NDV","KR4A01630008","코스피200 F 202603","1926","202603","2","585.85"
"20251211","NDV","KR4A01630008","코스피200 F 202603","1928","202603","2","585.8"
"20251211","NDV","KR4A01630008","코스피200 F 202603","1929","202603","2","585.75"
"20251211","NDV","KR4A01630008","코스피200 F 202603","1930","202603","2","585.6"
"20251211","NDV","KR4A01630008","코스피200 F 202603","1931","202603","2","585.7"
"20251211","NDV","KR4A01630008","코스피200 F 202603","1932","202603","2","585.6"
"20251211","NDV","KR4A01630008","코스피200 F 202603","1933","202603","2","585.8"
"20251211","NDV","KR4A01630008","코스피200 F 202603","1934","202603","2","585.95"
"20251211","NDV","KR4A01630008","코스피200 F 202603","1935","202603","2","586.2"
"20251211","NDV","KR4A01630008","코스피200 F 202603","1936","202603","2","586.4"
"20251211","NDV","KR4A01630008","코스피200 F 202603","1937","202603","2","586.3"
"20251211","NDV","KR4A01630008","코스피200 F 202603","1941","202603","2","586.1"
"20251211","NDV","KR4A01630008","코스피200 F 202603","1943","202603","2","586.2"
"20251211","NDV","KR4A01630008","코스피200 F 202603","1945","202603","2","586.2"
"20251211","NDV","KR4A01630008","코스피200 F 202603","1949","202603","2","586.15"
"20251211","NDV","KR4A01630008","코스피200 F 202603","1951","202603","2","586.25"
"20251211","NDV","KR4A01630008","코스피200 F 202603","1954","202603","2","586.25"
"20251211","NDV","KR4A01630008","코스피200 F 202603","1956","202603","2","586.45"
"20251211","NDV","KR4A01630008","코스피200 F 202603","1957","202603","2","586.35"
"20251211","NDV","KR4A01630008","코스피200 F 202603","1959","202603","2","586.35"
"20251211","NDV","KR4A01630008","코스피200 F 202603","2000","202603","2","586.6"
"20251211","NDV","KR4A01630008","코스피200 F 202603","2001","202603","2","586.15"
"20251211","NDV","KR4A01630008","코스피200 F 202603","2002","202603","2","586"
"20251211","NDV","KR4A01630008","코스피200 F 202603","2003","202603","2","586.05"
"20251211","NDV","KR4A01630008","코스피200 F 202603","2004","202603","2","586"
"20251211","NDV","KR4A01630008","코스피200 F 202603","2005","202603","2","586.15"
"20251211","NDV","KR4A01630008","코스피200 F 202603","2007","202603","2","586.15"
"20251211","NDV","KR4A01630008","코스피200 F 202603","2010","202603","2","586.1"
"20251211","NDV","KR4A01630008","코스피200 F 202603","2011","202603","2","586.2"
"20251211","NDV","KR4A01630008","코스피200 F 202603","2012","202603","2","586.2"
"20251211","NDV","KR4A01630008","코스피200 F 202603","2013","202603","2","586.2"
"20251211","NDV","KR4A01630008","코스피200 F 202603","2014","202603","2","586.2"
"20251211","NDV","KR4A01630008","코스피200 F 202603","2015","202603","2","586.35"
"20251211","NDV","KR4A01630008","코스피200 F 202603","2025","202603","2","586.2"
"20251211","NDV","KR4A01630008","코스피200 F 202603","2028","202603","2","586.2"
"20251211","NDV","KR4A01630008","코스피200 F 202603","2029","202603","2","586.2"
"20251211","NDV","KR4A01630008","코스피200 F 202603","2030","202603","2","586.2"
"20251211","NDV","KR4A01630008","코스피200 F 202603","2040","202603","2","586.4"
"20251211","NDV","KR4A01630008","코스피200 F 202603","2045","202603","2","586.35"
"20251211","NDV","KR4A01630008","코스피200 F 202603","2046","202603","2","586.3"
"20251211","NDV","KR4A01630008","코스피200 F 202603","2054","202603","2","586.3"
"20251211","NDV","KR4A01630008","코스피200 F 202603","2100","202603","2","586.25"
"20251211","NDV","KR4A01630008","코스피200 F 202603","2101","202603","2","586.3"
"20251211","NDV","KR4A01630008","코스피200 F 202603","2102","202603","2","586.3"
"20251211","NDV","KR4A01630008","코스피200 F 202603","2103","202603","2","586.2"
"20251211","NDV","KR4A01630008","코스피200 F 202603","2104","202603","2","586.15"
"20251211","NDV","KR4A01630008","코스피200 F 202603","2105","202603","2","586"
"20251211","NDV","KR4A01630008","코스피200 F 202603","2106","202603","2","586.15"
"20251211","NDV","KR4A01630008","코스피200 F 202603","2108","202603","2","586.15"
"20251211","NDV","KR4A01630008","코스피200 F 202603","2109","202603","2","586.05"
"20251211","NDV","KR4A01630008","코스피200 F 202603","2110","202603","2","586"
"20251211","NDV","KR4A01630008","코스피200 F 202603","2111","202603","2","586"
"20251211","NDV","KR4A01630008","코스피200 F 202603","2112","202603","2","585.95"
"20251211","NDV","KR4A01630008","코스피200 F 202603","2113","202603","2","585.95"
"20251211","NDV","KR4A01630008","코스피200 F 202603","2114","202603","2","586.1"
"20251211","NDV","KR4A01630008","코스피200 F 202603","2115","202603","2","586.05"
"20251211","NDV","KR4A01630008","코스피200 F 202603","2119","202603","2","585.85"
"20251211","NDV","KR4A01630008","코스피200 F 202603","2120","202603","2","585.95"
"20251211","NDV","KR4A01630008","코스피200 F 202603","2123","202603","2","585.95"
"20251211","NDV","KR4A01630008","코스피200 F 202603","2124","202603","2","585.95"
"20251211","NDV","KR4A01630008","코스피200 F 202603","2125","202603","2","585.95"
"20251211","NDV","KR4A01630008","코스피200 F 202603","2126","202603","2","586"
"20251211","NDV","KR4A01630008","코스피200 F 202603","2129","202603","2","585.95"
"20251211","NDV","KR4A01630008","코스피200 F 202603","2132","202603","2","586"
"20251211","NDV","KR4A01630008","코스피200 F 202603","2136","202603","2","586"
"20251211","NDV","KR4A01630008","코스피200 F 202603","2138","202603","2","585.95"
"20251211","NDV","KR4A01630008","코스피200 F 202603","2139","202603","2","585.9"
"20251211","NDV","KR4A01630008","코스피200 F 202603","2144","202603","2","585.85"
"20251211","NDV","KR4A01630008","코스피200 F 202603","2145","202603","2","585.9"
"20251211","NDV","KR4A01630008","코스피200 F 202603","2147","202603","2","585.9"
"20251211","NDV","KR4A01630008","코스피200 F 202603","2148","202603","2","585.95"
"20251211","NDV","KR4A01630008","코스피200 F 202603","2151","202603","2","585.95"
"20251211","NDV","KR4A01630008","코스피200 F 202603","2152","202603","2","585.95"
"20251211","NDV","KR4A01630008","코스피200 F 202603","2154","202603","2","585.95"
"20251211","NDV","KR4A01630008","코스피200 F 202603","2155","202603","2","586.05"
"20251211","NDV","KR4A01630008","코스피200 F 202603","2156","202603","2","586.1"
"20251211","NDV","KR4A01630008","코스피200 F 202603","2157","202603","2","586.1"
"20251211","NDV","KR4A01630008","코스피200 F 202603","2158","202603","2","586.15"
"20251211","NDV","KR4A01630008","코스피200 F 202603","2200","202603","2","586.7"
"20251211","NDV","KR4A01630008","코스피200 F 202603","2203","202603","2","586"
"20251211","NDV","KR4A01630008","코스피200 F 202603","2205","202603","2","586"
"20251211","NDV","KR4A01630008","코스피200 F 202603","2206","202603","2","586.05"
"20251211","NDV","KR4A01630008","코스피200 F 202603","2208","202603","2","586"
"20251211","NDV","KR4A01630008","코스피200 F 202603","2213","202603","2","586.05"
"20251211","NDV","KR4A01630008","코스피200 F 202603","2216","202603","2","586.1"
"20251211","NDV","KR4A01630008","코스피200 F 202603","2217","202603","2","586.1"
"20251211","NDV","KR4A01630008","코스피200 F 202603","2218","202603","2","586.05"
"20251211","NDV","KR4A01630008","코스피200 F 202603","2220","202603","2","586.2"
"20251211","NDV","KR4A01630008","코스피200 F 202603","2221","202603","2","586.4"
"20251211","NDV","KR4A01630008","코스피200 F 202603","2223","202603","2","586.35"
"20251211","NDV","KR4A01630008","코스피200 F 202603","2225","202603","2","586.4"
"20251211","NDV","KR4A01630008","코스피200 F 202603","2228","202603","2","586.4"
"20251211","NDV","KR4A01630008","코스피200 F 202603","2229","202603","2","586.35"
"20251211","NDV","KR4A01630008","코스피200 F 202603","2230","202603","2","586.2"
"20251211","NDV","KR4A01630008","코스피200 F 202603","2231","202603","2","586"
"20251211","NDV","KR4A01630008","코스피200 F 202603","2233","202603","2","585.95"
"20251211","NDV","KR4A01630008","코스피200 F 202603","2239","202603","2","586.15"
"20251211","NDV","KR4A01630008","코스피200 F 202603","2241","202603","2","586.2"
"20251211","NDV","KR4A01630008","코스피200 F 202603","2242","202603","2","586.25"
"20251211","NDV","KR4A01630008","코스피200 F 202603","2243","202603","2","586.15"
"20251211","NDV","KR4A01630008","코스피200 F 202603","2244","202603","2","586.25"
"20251211","NDV","KR4A01630008","코스피200 F 202603","2245","202603","2","586.3"
"20251211","NDV","KR4A01630008","코스피200 F 202603","2246","202603","2","586.25"
"20251211","NDV","KR4A01630008","코스피200 F 202603","2248","202603","2","586.2"
"20251211","NDV","KR4A01630008","코스피200 F 202603","2253","202603","2","586.2"
"20251211","NDV","KR4A01630008","코스피200 F 202603","2256","202603","2","586.35"
"20251211","NDV","KR4A01630008","코스피200 F 202603","2258","202603","2","586.4"
"20251211","NDV","KR4A01630008","코스피200 F 202603","2259","202603","2","586.35"
"20251211","NDV","KR4A01630008","코스피200 F 202603","2300","202603","2","586"
"20251211","NDV","KR4A01630008","코스피200 F 202603","2301","202603","2","586.25"
"20251211","NDV","KR4A01630008","코스피200 F 202603","2302","202603","2","586"
"20251211","NDV","KR4A01630008","코스피200 F 202603","2305","202603","2","585.85"
"20251211","NDV","KR4A01630008","코스피200 F 202603","2306","202603","2","585.9"
"20251211","NDV","KR4A01630008","코스피200 F 202603","2309","202603","2","585.9"
"20251211","NDV","KR4A01630008","코스피200 F 202603","2310","202603","2","586.2"
"20251211","NDV","KR4A01630008","코스피200 F 202603","2312","202603","2","586.3"
"20251211","NDV","KR4A01630008","코스피200 F 202603","2313","202603","2","586.25"
"20251211","NDV","KR4A01630008","코스피200 F 202603","2318","202603","2","586.15"
"20251211","NDV","KR4A01630008","코스피200 F 202603","2319","202603","2","586.05"
"20251211","NDV","KR4A01630008","코스피200 F 202603","2320","202603","2","586.05"
"20251211","NDV","KR4A01630008","코스피200 F 202603","2321","202603","2","586.05"
"20251211","NDV","KR4A01630008","코스피200 F 202603","2323","202603","2","586.2"
"20251211","NDV","KR4A01630008","코스피200 F 202603","2325","202603","2","586.3"
"20251211","NDV","KR4A01630008","코스피200 F 202603","2326","202603","2","586.2"
"20251211","NDV","KR4A01630008","코스피200 F 202603","2329","202603","2","586.15"
"20251211","NDV","KR4A01630008","코스피200 F 202603","2330","202603","2","586.2"
"20251211","NDV","KR4A01630008","코스피200 F 202603","2331","202603","2","586.2"
"20251211","NDV","KR4A01630008","코스피200 F 202603","2332","202603","2","586.05"
"20251211","NDV","KR4A01630008","코스피200 F 202603","2334","202603","2","586.2"
"20251211","NDV","KR4A01630008","코스피200 F 202603","2335","202603","2","585.7"
"20251211","NDV","KR4A01630008","코스피200 F 202603","2336","202603","2","585.6"
"20251211","NDV","KR4A01630008","코스피200 F 202603","2337","202603","2","586.1"
"20251211","NDV","KR4A01630008","코스피200 F 202603","2338","202603","2","586"
"20251211","NDV","KR4A01630008","코스피200 F 202603","2339","202603","2","585.95"
"20251211","NDV","KR4A01630008","코스피200 F 202603","2340","202603","2","585.95"
"20251211","NDV","KR4A01630008","코스피200 F 202603","2341","202603","2","586.1"
"20251211","NDV","KR4A01630008","코스피200 F 202603","2342","202603","2","586.25"
"20251211","NDV","KR4A01630008","코스피200 F 202603","2343","202603","2","586.45"
"20251211","NDV","KR4A01630008","코스피200 F 202603","2346","202603","2","586.6"
"20251211","NDV","KR4A01630008","코스피200 F 202603","2347","202603","2","586.75"
"20251211","NDV","KR4A01630008","코스피200 F 202603","2348","202603","2","586.5"
"20251211","NDV","KR4A01630008","코스피200 F 202603","2349","202603","2","586.65"
"20251211","NDV","KR4A01630008","코스피200 F 202603","2351","202603","2","586.2"
"20251211","NDV","KR4A01630008","코스피200 F 202603","2354","202603","2","586.2"
"20251211","NDV","KR4A01630008","코스피200 F 202603","2355","202603","2","585.95"
"20251211","NDV","KR4A01630008","코스피200 F 202603","2356","202603","2","586.05"
"20251211","NDV","KR4A01630008","코스피200 F 202603","2357","202603","2","586.1"
"20251211","NDV","KR4A01630008","코스피200 F 202603","2358","202603","2","586.15"
"20251211","NDV","KR4A01630008","코스피200 F 202603","2359","202603","2","586.4"
"20251211","NDV","KR4A01630008","코스피200 F 202603","0000","202603","2","586.2"
"20251211","NDV","KR4A01630008","코스피200 F 202603","0001","202603","2","586.2"
"20251211","NDV","KR4A01630008","코스피200 F 202603","0002","202603","2","586.35"
"20251211","NDV","KR4A01630008","코스피200 F 202603","0003","202603","2","586.35"
"20251211","NDV","KR4A01630008","코스피200 F 202603","0004","202603","2","586.3"
"20251211","NDV","KR4A01630008","코스피200 F 202603","0005","202603","2","586.4"
"20251211","NDV","KR4A01630008","코스피200 F 202603","0006","202603","2","586.5"
"20251211","NDV","KR4A01630008","코스피200 F 202603","0007","202603","2","586.4"
"20251211","NDV","KR4A01630008","코스피200 F 202603","0010","202603","2","586.5"
"20251211","NDV","KR4A01630008","코스피200 F 202603","0011","202603","2","586.45"
"20251211","NDV","KR4A01630008","코스피200 F 202603","0013","202603","2","586.6"
"20251211","NDV","KR4A01630008","코스피200 F 202603","0014","202603","2","586.4"
"20251211","NDV","KR4A01630008","코스피200 F 202603","0017","202603","2","586.45"
"20251211","NDV","KR4A01630008","코스피200 F 202603","0018","202603","2","586.5"
"20251211","NDV","KR4A01630008","코스피200 F 202603","0019","202603","2","586.6"
"20251211","NDV","KR4A01630008","코스피200 F 202603","0020","202603","2","586.4"
"20251211","NDV","KR4A01630008","코스피200 F 202603","0021","202603","2","586.7"
"20251211","NDV","KR4A01630008","코스피200 F 202603","0022","202603","2","586.85"
"20251211","NDV","KR4A01630008","코스피200 F 202603","0023","202603","2","586.75"
"20251211","NDV","KR4A01630008","코스피200 F 202603","0024","202603","2","586.75"
"20251211","NDV","KR4A01630008","코스피200 F 202603","0025","202603","2","586.75"
"20251211","NDV","KR4A01630008","코스피200 F 202603","0027","202603","2","586.45"
"20251211","NDV","KR4A01630008","코스피200 F 202603","0028","202603","2","586.45"
"20251211","NDV","KR4A01630008","코스피200 F 202603","0029","202603","2","586.55"
"20251211","NDV","KR4A01630008","코스피200 F 202603","0030","202603","2","586.65"
"20251211","NDV","KR4A01630008","코스피200 F 202603","0034","202603","2","586.25"
"20251211","NDV","KR4A01630008","코스피200 F 202603","0035","202603","2","586.15"
"20251211","NDV","KR4A01630008","코스피200 F 202603","0036","202603","2","586.1"
"20251211","NDV","KR4A01630008","코스피200 F 202603","0041","202603","2","586.3"
"20251211","NDV","KR4A01630008","코스피200 F 202603","0042","202603","2","586.35"
"20251211","NDV","KR4A01630008","코스피200 F 202603","0043","202603","2","586.3"
"20251211","NDV","KR4A01630008","코스피200 F 202603","0044","202603","2","586.35"
"20251211","NDV","KR4A01630008","코스피200 F 202603","0045","202603","2","586.2"
"20251211","NDV","KR4A01630008","코스피200 F 202603","0047","202603","2","586.25"
"20251211","NDV","KR4A01630008","코스피200 F 202603","0048","202603","2","586.3"
"20251211","NDV","KR4A01630008","코스피200 F 202603","0049","202603","2","586.7"
"20251211","NDV","KR4A01630008","코스피200 F 202603","0050","202603","2","586.75"
"20251211","NDV","KR4A01630008","코스피200 F 202603","0051","202603","2","586.5"
"20251211","NDV","KR4A01630008","코스피200 F 202603","0052","202603","2","586.45"
"20251211","NDV","KR4A01630008","코스피200 F 202603","0053","202603","2","586.35"
"20251211","NDV","KR4A01630008","코스피200 F 202603","0054","202603","2","586.35"
"20251211","NDV","KR4A01630008","코스피200 F 202603","0055","202603","2","586"
"20251211","NDV","KR4A01630008","코스피200 F 202603","0056","202603","2","586.05"
"20251211","NDV","KR4A01630008","코스피200 F 202603","0057","202603","2","586.2"
"20251211","NDV","KR4A01630008","코스피200 F 202603","0101","202603","2","585.9"
"20251211","NDV","KR4A01630008","코스피200 F 202603","0102","202603","2","585.7"
"20251211","NDV","KR4A01630008","코스피200 F 202603","0103","202603","2","585.6"
"20251211","NDV","KR4A01630008","코스피200 F 202603","0104","202603","2","585.7"
"20251211","NDV","KR4A01630008","코스피200 F 202603","0105","202603","2","585.75"
"20251211","NDV","KR4A01630008","코스피200 F 202603","0107","202603","2","586"
"20251211","NDV","KR4A01630008","코스피200 F 202603","0108","202603","2","585.9"
"20251211","NDV","KR4A01630008","코스피200 F 202603","0109","202603","2","586"
"20251211","NDV","KR4A01630008","코스피200 F 202603","0111","202603","2","586.3"
"20251211","NDV","KR4A01630008","코스피200 F 202603","0113","202603","2","586.5"
"20251211","NDV","KR4A01630008","코스피200 F 202603","0114","202603","2","586.5"
"20251211","NDV","KR4A01630008","코스피200 F 202603","0116","202603","2","586.55"
"20251211","NDV","KR4A01630008","코스피200 F 202603","0117","202603","2","586.65"
"20251211","NDV","KR4A01630008","코스피200 F 202603","0118","202603","2","587.05"
"20251211","NDV","KR4A01630008","코스피200 F 202603","0119","202603","2","587.2"
"20251211","NDV","KR4A01630008","코스피200 F 202603","0120","202603","2","587"
"20251211","NDV","KR4A01630008","코스피200 F 202603","0124","202603","2","587.05"
"20251211","NDV","KR4A01630008","코스피200 F 202603","0127","202603","2","587.3"
"20251211","NDV","KR4A01630008","코스피200 F 202603","0128","202603","2","587.15"
"20251211","NDV","KR4A01630008","코스피200 F 202603","0131","202603","2","587.1"
"20251211","NDV","KR4A01630008","코스피200 F 202603","0135","202603","2","587.3"
"20251211","NDV","KR4A01630008","코스피200 F 202603","0136","202603","2","587.3"
"20251211","NDV","KR4A01630008","코스피200 F 202603","0137","202603","2","586.9"
"20251211","NDV","KR4A01630008","코스피200 F 202603","0139","202603","2","587.1"
"20251211","NDV","KR4A01630008","코스피200 F 202603","0140","202603","2","587"
"20251211","NDV","KR4A01630008","코스피200 F 202603","0141","202603","2","586.85"
"20251211","NDV","KR4A01630008","코스피200 F 202603","0144","202603","2","587.05"
"20251211","NDV","KR4A01630008","코스피200 F 202603","0146","202603","2","587.1"
"20251211","NDV","KR4A01630008","코스피200 F 202603","0148","202603","2","587.15"
"20251211","NDV","KR4A01630008","코스피200 F 202603","0149","202603","2","587.2"
"20251211","NDV","KR4A01630008","코스피200 F 202603","0151","202603","2","587.4"
"20251211","NDV","KR4A01630008","코스피200 F 202603","0153","202603","2","587.4"
"20251211","NDV","KR4A01630008","코스피200 F 202603","0154","202603","2","587.5"
"20251211","NDV","KR4A01630008","코스피200 F 202603","0155","202603","2","587.35"
"20251211","NDV","KR4A01630008","코스피200 F 202603","0156","202603","2","587.45"
"20251211","NDV","KR4A01630008","코스피200 F 202603","0157","202603","2","587.4"
"20251211","NDV","KR4A01630008","코스피200 F 202603","0159","202603","2","587.45"
"20251211","NDV","KR4A01630008","코스피200 F 202603","0206","202603","2","587.3"
"20251211","NDV","KR4A01630008","코스피200 F 202603","0207","202603","2","587.25"
"20251211","NDV","KR4A01630008","코스피200 F 202603","0210","202603","2","587.2"
"20251211","NDV","KR4A01630008","코스피200 F 202603","0211","202603","2","587.1"
"20251211","NDV","KR4A01630008","코스피200 F 202603","0212","202603","2","587.35"
"20251211","NDV","KR4A01630008","코스피200 F 202603","0213","202603","2","587.35"
"20251211","NDV","KR4A01630008","코스피200 F 202603","0216","202603","2","587.15"
"20251211","NDV","KR4A01630008","코스피200 F 202603","0220","202603","2","587.2"
"20251211","NDV","KR4A01630008","코스피200 F 202603","0221","202603","2","587.15"
"20251211","NDV","KR4A01630008","코스피200 F 202603","0222","202603","2","587.15"
"20251211","NDV","KR4A01630008","코스피200 F 202603","0223","202603","2","587.15"
"20251211","NDV","KR4A01630008","코스피200 F 202603","0224","202603","2","587.3"
"20251211","NDV","KR4A01630008","코스피200 F 202603","0228","202603","2","587.25"
"20251211","NDV","KR4A01630008","코스피200 F 202603","0229","202603","2","587.25"
"20251211","NDV","KR4A01630008","코스피200 F 202603","0230","202603","2","587.1"
"20251211","NDV","KR4A01630008","코스피200 F 202603","0231","202603","2","587.05"
"20251211","NDV","KR4A01630008","코스피200 F 202603","0235","202603","2","587.15"
"20251211","NDV","KR4A01630008","코스피200 F 202603","0236","202603","2","587.25"
"20251211","NDV","KR4A01630008","코스피200 F 202603","0239","202603","2","587.2"
"20251211","NDV","KR4A01630008","코스피200 F 202603","0244","202603","2","587.2"
"20251211","NDV","KR4A01630008","코스피200 F 202603","0248","202603","2","587.3"
"20251211","NDV","KR4A01630008","코스피200 F 202603","0250","202603","2","587.4"
"20251211","NDV","KR4A01630008","코스피200 F 202603","0252","202603","2","587.55"
"20251211","NDV","KR4A01630008","코스피200 F 202603","0253","202603","2","587.6"
"20251211","NDV","KR4A01630008","코스피200 F 202603","0254","202603","2","587.7"
"20251211","NDV","KR4A01630008","코스피200 F 202603","0255","202603","2","587.7"
"20251211","NDV","KR4A01630008","코스피200 F 202603","0300","202603","2","587.6"
"20251211","NDV","KR4A01630008","코스피200 F 202603","0303","202603","2","587.4"
"20251211","NDV","KR4A01630008","코스피200 F 202603","0306","202603","2","587.5"
"20251211","NDV","KR4A01630008","코스피200 F 202603","0312","202603","2","587.65"
"20251211","NDV","KR4A01630008","코스피200 F 202603","0313","202603","2","587.6"
"20251211","NDV","KR4A01630008","코스피200 F 202603","0319","202603","2","587.5"
"20251211","NDV","KR4A01630008","코스피200 F 202603","0324","202603","2","587.45"
"20251211","NDV","KR4A01630008","코스피200 F 202603","0325","202603","2","587.25"
"20251211","NDV","KR4A01630008","코스피200 F 202603","0326","202603","2","587.1"
"20251211","NDV","KR4A01630008","코스피200 F 202603","0330","202603","2","587.15"
"20251211","NDV","KR4A01630008","코스피200 F 202603","0331","202603","2","587.2"
"20251211","NDV","KR4A01630008","코스피200 F 202603","0333","202603","2","587.2"
"20251211","NDV","KR4A01630008","코스피200 F 202603","0335","202603","2","587.2"
"20251211","NDV","KR4A01630008","코스피200 F 202603","0338","202603","2","587.3"
"20251211","NDV","KR4A01630008","코스피200 F 202603","0340","202603","2","587.2"
"20251211","NDV","KR4A01630008","코스피200 F 202603","0342","202603","2","587.2"
"20251211","NDV","KR4A01630008","코스피200 F 202603","0347","202603","2","587.2"
"20251211","NDV","KR4A01630008","코스피200 F 202603","0352","202603","2","587.35"
"20251211","NDV","KR4A01630008","코스피200 F 202603","0354","202603","2","587.2"
"20251211","NDV","KR4A01630008","코스피200 F 202603","0355","202603","2","587.3"
"20251211","NDV","KR4A01630008","코스피200 F 202603","0357","202603","2","587.15"
"20251211","NDV","KR4A01630008","코스피200 F 202603","0358","202603","2","587.25"
"20251211","NDV","KR4A01630008","코스피200 F 202603","0400","202603","2","588.5"
"20251211","NDV","KR4A01630008","코스피200 F 202603","0402","202603","2","587.9"
"20251211","NDV","KR4A01630008","코스피200 F 202603","0404","202603","2","587.9"
"20251211","NDV","KR4A01630008","코스피200 F 202603","0405","202603","2","588.45"
"20251211","NDV","KR4A01630008","코스피200 F 202603","0406","202603","2","588.6"
"20251211","NDV","KR4A01630008","코스피200 F 202603","0407","202603","2","589.1"
"20251211","NDV","KR4A01630008","코스피200 F 202603","0408","202603","2","589.6"
"20251211","NDV","KR4A01630008","코스피200 F 202603","0409","202603","2","589.4"
"20251211","NDV","KR4A01630008","코스피200 F 202603","0410","202603","2","589.6"
"20251211","NDV","KR4A01630008","코스피200 F 202603","0411","202603","2","589.5"
"20251211","NDV","KR4A01630008","코스피200 F 202603","0414","202603","2","589.1"
"20251211","NDV","KR4A01630008","코스피200 F 202603","0415","202603","2","589"
"20251211","NDV","KR4A01630008","코스피200 F 202603","0416","202603","2","589.3"
"20251211","NDV","KR4A01630008","코스피200 F 202603","0417","202603","2","589.4"
"20251211","NDV","KR4A01630008","코스피200 F 202603","0419","202603","2","589.2"
"20251211","NDV","KR4A01630008","코스피200 F 202603","0422","202603","2","589"
"20251211","NDV","KR4A01630008","코스피200 F 202603","0424","202603","2","588.75"
"20251211","NDV","KR4A01630008","코스피200 F 202603","0425","202603","2","588.75"
"20251211","NDV","KR4A01630008","코스피200 F 202603","0427","202603","2","588.85"
"20251211","NDV","KR4A01630008","코스피200 F 202603","0428","202603","2","588.55"
"20251211","NDV","KR4A01630008","코스피200 F 202603","0429","202603","2","588.55"
"20251211","NDV","KR4A01630008","코스피200 F 202603","0430","202603","2","589"
"20251211","NDV","KR4A01630008","코스피200 F 202603","0431","202603","2","588.75"
"20251211","NDV","KR4A01630008","코스피200 F 202603","0432","202603","2","588.95"
"20251211","NDV","KR4A01630008","코스피200 F 202603","0434","202603","2","590.3"
"20251211","NDV","KR4A01630008","코스피200 F 202603","0435","202603","2","590.45"
"20251211","NDV","KR4A01630008","코스피200 F 202603","0436","202603","2","589.75"
"20251211","NDV","KR4A01630008","코스피200 F 202603","0437","202603","2","589.8"
"20251211","NDV","KR4A01630008","코스피200 F 202603","0439","202603","2","590.05"
"20251211","NDV","KR4A01630008","코스피200 F 202603","0440","202603","2","589"
"20251211","NDV","KR4A01630008","코스피200 F 202603","0441","202603","2","588.55"
"20251211","NDV","KR4A01630008","코스피200 F 202603","0442","202603","2","588.45"
"20251211","NDV","KR4A01630008","코스피200 F 202603","0443","202603","2","588.9"
"20251211","NDV","KR4A01630008","코스피200 F 202603","0444","202603","2","588.85"
"20251211","NDV","KR4A01630008","코스피200 F 202603","0445","202603","2","589.2"
"20251211","NDV","KR4A01630008","코스피200 F 202603","0446","202603","2","589.05"
"20251211","NDV","KR4A01630008","코스피200 F 202603","0447","202603","2","589.2"
"20251211","NDV","KR4A01630008","코스피200 F 202603","0448","202603","2","589.45"
"20251211","NDV","KR4A01630008","코스피200 F 202603","0450","202603","2","589.35"
"20251211","NDV","KR4A01630008","코스피200 F 202603","0451","202603","2","589.65"
"20251211","NDV","KR4A01630008","코스피200 F 202603","0452","202603","2","589.95"
"20251211","NDV","KR4A01630008","코스피200 F 202603","0455","202603","2","590.6"
"20251211","NDV","KR4A01630008","코스피200 F 202603","0456","202603","2","590.75"
"20251211","NDV","KR4A01630008","코스피200 F 202603","0457","202603","2","590.85"
"20251211","NDV","KR4A01630008","코스피200 F 202603","0458","202603","2","591"
"20251211","NDV","KR4A01630008","코스피200 F 202603","0459","202603","2","591.1"
"20251211","NDV","KR4A01630008","코스피200 F 202603","0500","202603","2","590.85"
"20251211","NDV","KR4A01630008","코스피200 F 202603","0501","202603","2","590.85"
"20251211","NDV","KR4A01630008","코스피200 F 202603","0502","202603","2","591.1"
"20251211","NDV","KR4A01630008","코스피200 F 202603","0503","202603","2","591.2"
"20251211","NDV","KR4A01630008","코스피200 F 202603","0504","202603","2","591.5"
"20251211","NDV","KR4A01630008","코스피200 F 202603","0505","202603","2","591.65"
"20251211","NDV","KR4A01630008","코스피200 F 202603","0506","202603","2","591.65"
"20251211","NDV","KR4A01630008","코스피200 F 202603","0507","202603","2","591.7"
"20251211","NDV","KR4A01630008","코스피200 F 202603","0508","202603","2","592"
"20251211","NDV","KR4A01630008","코스피200 F 202603","0509","202603","2","592.15"
"20251211","NDV","KR4A01630008","코스피200 F 202603","0510","202603","2","592.2"
"20251211","NDV","KR4A01630008","코스피200 F 202603","0511","202603","2","592.1"
"20251211","NDV","KR4A01630008","코스피200 F 202603","0512","202603","2","592.5"
"20251211","NDV","KR4A01630008","코스피200 F 202603","0513","202603","2","592.55"
"20251211","NDV","KR4A01630008","코스피200 F 202603","0514","202603","2","592.55"
"20251211","NDV","KR4A01630008","코스피200 F 202603","0515","202603","2","592.75"
"20251211","NDV","KR4A01630008","코스피200 F 202603","0516","202603","2","592.85"
"20251211","NDV","KR4A01630008","코스피200 F 202603","0517","202603","2","592.85"
"20251211","NDV","KR4A01630008","코스피200 F 202603","0518","202603","2","592.8"
"20251211","NDV","KR4A01630008","코스피200 F 202603","0519","202603","2","592.9"
"20251211","NDV","KR4A01630008","코스피200 F 202603","0520","202603","2","592.95"
"20251211","NDV","KR4A01630008","코스피200 F 202603","0521","202603","2","593"
"20251211","NDV","KR4A01630008","코스피200 F 202603","0522","202603","2","593.25"
"20251211","NDV","KR4A01630008","코스피200 F 202603","0523","202603","2","592.85"
"20251211","NDV","KR4A01630008","코스피200 F 202603","0524","202603","2","592.9"
"20251211","NDV","KR4A01630008","코스피200 F 202603","0525","202603","2","593"
"20251211","NDV","KR4A01630008","코스피200 F 202603","0526","202603","2","593.3"
"20251211","NDV","KR4A01630008","코스피200 F 202603","0527","202603","2","593.35"
"20251211","NDV","KR4A01630008","코스피200 F 202603","0528","202603","2","593.35"
"20251211","NDV","KR4A01630008","코스피200 F 202603","0529","202603","2","593.25"
"20251211","NDV","KR4A01630008","코스피200 F 202603","0530","202603","2","593.2"
"20251211","NDV","KR4A01630008","코스피200 F 202603","0531","202603","2","593.35"
"20251211","NDV","KR4A01630008","코스피200 F 202603","0532","202603","2","593.4"
"20251211","NDV","KR4A01630008","코스피200 F 202603","0533","202603","2","593.5"
"20251211","NDV","KR4A01630008","코스피200 F 202603","0534","202603","2","593.6"
"20251211","NDV","KR4A01630008","코스피200 F 202603","0535","202603","2","593.6"
"20251211","NDV","KR4A01630008","코스피200 F 202603","0536","202603","2","593.4"
"20251211","NDV","KR4A01630008","코스피200 F 202603","0537","202603","2","593.4"
"20251211","NDV","KR4A01630008","코스피200 F 202603","0538","202603","2","593.55"
"20251211","NDV","KR4A01630008","코스피200 F 202603","0539","202603","2","593.5"
"20251211","NDV","KR4A01630008","코스피200 F 202603","0540","202603","2","593.5"
"20251211","NDV","KR4A01630008","코스피200 F 202603","0541","202603","2","593.5"
"20251211","NDV","KR4A01630008","코스피200 F 202603","0542","202603","2","593.45"
"20251211","NDV","KR4A01630008","코스피200 F 202603","0543","202603","2","593.55"
"20251211","NDV","KR4A01630008","코스피200 F 202603","0544","202603","2","593.55"
"20251211","NDV","KR4A01630008","코스피200 F 202603","0545","202603","2","593.55"
"20251211","NDV","KR4A01630008","코스피200 F 202603","0546","202603","2","593.7"
"20251211","NDV","KR4A01630008","코스피200 F 202603","0547","202603","2","593.8"
"20251211","NDV","KR4A01630008","코스피200 F 202603","0548","202603","2","593.65"
"20251211","NDV","KR4A01630008","코스피200 F 202603","0549","202603","2","593.4"
"20251211","NDV","KR4A01630008","코스피200 F 202603","0600","202603","2","593.3"
"20251211","DRV","KR4101WC0003","코스피200 F 202512","0845","202512","1","590.4"
"20251211","DRV","KR4101WC0003","코스피200 F 202512","0846","202512","1","591.25"
"20251211","DRV","KR4101WC0003","코스피200 F 202512","0847","202512","1","591.6"
"20251211","DRV","KR4101WC0003","코스피200 F 202512","0848","202512","1","591.3"
"20251211","DRV","KR4101WC0003","코스피200 F 202512","0849","202512","1","591"
"20251211","DRV","KR4101WC0003","코스피200 F 202512","0850","202512","1","590.2"
"20251211","DRV","KR4101WC0003","코스피200 F 202512","0851","202512","1","590.15"
"20251211","DRV","KR4101WC0003","코스피200 F 202512","0852","202512","1","590.2"
"20251211","DRV","KR4101WC0003","코스피200 F 202512","0853","202512","1","589.9"
"20251211","DRV","KR4101WC0003","코스피200 F 202512","0854","202512","1","590.2"
"20251211","DRV","KR4101WC0003","코스피200 F 202512","0855","202512","1","590.4"
"20251211","DRV","KR4101WC0003","코스피200 F 202512","0856","202512","1","590.65"
"20251211","DRV","KR4101WC0003","코스피200 F 202512","0857","202512","1","590.7"
"20251211","DRV","KR4101WC0003","코스피200 F 202512","0858","202512","1","591.35"
"20251211","DRV","KR4101WC0003","코스피200 F 202512","0859","202512","1","590.2"
"20251211","DRV","KR4101WC0003","코스피200 F 202512","0900","202512","1","588.25"
"20251211","DRV","KR4101WC0003","코스피200 F 202512","0901","202512","1","588.05"
"20251211","DRV","KR4101WC0003","코스피200 F 202512","0902","202512","1","588.9"
"20251211","DRV","KR4101WC0003","코스피200 F 202512","0903","202512","1","589.85"
"20251211","DRV","KR4101WC0003","코스피200 F 202512","0904","202512","1","590.15"
"20251211","DRV","KR4101WC0003","코스피200 F 202512","0905","202512","1","589.4"
"20251211","DRV","KR4101WC0003","코스피200 F 202512","0906","202512","1","589.2"
"20251211","DRV","KR4101WC0003","코스피200 F 202512","0907","202512","1","588.8"
"20251211","DRV","KR4101WC0003","코스피200 F 202512","0908","202512","1","589.15"
"20251211","DRV","KR4101WC0003","코스피200 F 202512","0909","202512","1","589.3"
"20251211","DRV","KR4101WC0003","코스피200 F 202512","0910","202512","1","590.15"
"20251211","DRV","KR4101WC0003","코스피200 F 202512","0911","202512","1","589.95"
"20251211","DRV","KR4101WC0003","코스피200 F 202512","0912","202512","1","589.95"
"20251211","DRV","KR4101WC0003","코스피200 F 202512","0913","202512","1","590.85"
"20251211","DRV","KR4101WC0003","코스피200 F 202512","0914","202512","1","591.2"
"20251211","DRV","KR4101WC0003","코스피200 F 202512","0915","202512","1","590.8"
"20251211","DRV","KR4101WC0003","코스피200 F 202512","0916","202512","1","590.8"
"20251211","DRV","KR4101WC0003","코스피200 F 202512","0917","202512","1","590.65"
"20251211","DRV","KR4101WC0003","코스피200 F 202512","0918","202512","1","590.65"
"20251211","DRV","KR4101WC0003","코스피200 F 202512","0919","202512","1","590.65"
"20251211","DRV","KR4101WC0003","코스피200 F 202512","0920","202512","1","590.6"
"20251211","DRV","KR4101WC0003","코스피200 F 202512","0921","202512","1","591.1"
"20251211","DRV","KR4101WC0003","코스피200 F 202512","0922","202512","1","591.35"
"20251211","DRV","KR4101WC0003","코스피200 F 202512","0923","202512","1","591.25"
"20251211","DRV","KR4101WC0003","코스피200 F 202512","0924","202512","1","590.95"
"20251211","DRV","KR4101WC0003","코스피200 F 202512","0925","202512","1","591.3"
"20251211","DRV","KR4101WC0003","코스피200 F 202512","0926","202512","1","591.2"
"20251211","DRV","KR4101WC0003","코스피200 F 202512","0927","202512","1","590.9"
"20251211","DRV","KR4101WC0003","코스피200 F 202512","0928","202512","1","590.7"
"20251211","DRV","KR4101WC0003","코스피200 F 202512","0929","202512","1","590.25"
"20251211","DRV","KR4101WC0003","코스피200 F 202512","0930","202512","1","590.1"
"20251211","DRV","KR4101WC0003","코스피200 F 202512","0931","202512","1","589.75"
"20251211","DRV","KR4101WC0003","코스피200 F 202512","0932","202512","1","589.6"
"20251211","DRV","KR4101WC0003","코스피200 F 202512","0933","202512","1","590.15"
"20251211","DRV","KR4101WC0003","코스피200 F 202512","0934","202512","1","589.85"
"20251211","DRV","KR4101WC0003","코스피200 F 202512","0935","202512","1","589.7"
"20251211","DRV","KR4101WC0003","코스피200 F 202512","0936","202512","1","589.95"
"20251211","DRV","KR4101WC0003","코스피200 F 202512","0937","202512","1","589.85"
"20251211","DRV","KR4101WC0003","코스피200 F 202512","0938","202512","1","589.65"
"20251211","DRV","KR4101WC0003","코스피200 F 202512","0939","202512","1","589.5"
"20251211","DRV","KR4101WC0003","코스피200 F 202512","0940","202512","1","589.65"
"20251211","DRV","KR4101WC0003","코스피200 F 202512","0941","202512","1","589.8"
"20251211","DRV","KR4101WC0003","코스피200 F 202512","0942","202512","1","589.4"
"20251211","DRV","KR4101WC0003","코스피200 F 202512","0943","202512","1","589.75"
"20251211","DRV","KR4101WC0003","코스피200 F 202512","0944","202512","1","589.65"
"20251211","DRV","KR4101WC0003","코스피200 F 202512","0945","202512","1","589.45"
"20251211","DRV","KR4101WC0003","코스피200 F 202512","0946","202512","1","589.2"
"20251211","DRV","KR4101WC0003","코스피200 F 202512","0947","202512","1","589.15"
"20251211","DRV","KR4101WC0003","코스피200 F 202512","0948","202512","1","588.85"
"20251211","DRV","KR4101WC0003","코스피200 F 202512","0949","202512","1","588.7"
"20251211","DRV","KR4101WC0003","코스피200 F 202512","0950","202512","1","588.6"
"20251211","DRV","KR4101WC0003","코스피200 F 202512","0951","202512","1","588.75"
"20251211","DRV","KR4101WC0003","코스피200 F 202512","0952","202512","1","588.8"
"20251211","DRV","KR4101WC0003","코스피200 F 202512","0953","202512","1","589.1"
"20251211","DRV","KR4101WC0003","코스피200 F 202512","0954","202512","1","589.15"
"20251211","DRV","KR4101WC0003","코스피200 F 202512","0955","202512","1","589.55"
"20251211","DRV","KR4101WC0003","코스피200 F 202512","0956","202512","1","589.25"
"20251211","DRV","KR4101WC0003","코스피200 F 202512","0957","202512","1","589.4"
"20251211","DRV","KR4101WC0003","코스피200 F 202512","0958","202512","1","589.2"
"20251211","DRV","KR4101WC0003","코스피200 F 202512","0959","202512","1","589.05"
"20251211","DRV","KR4101WC0003","코스피200 F 202512","1000","202512","1","588.95"
"20251211","DRV","KR4101WC0003","코스피200 F 202512","1001","202512","1","588.65"
"20251211","DRV","KR4101WC0003","코스피200 F 202512","1002","202512","1","588.5"
"20251211","DRV","KR4101WC0003","코스피200 F 202512","1003","202512","1","588.95"
"20251211","DRV","KR4101WC0003","코스피200 F 202512","1004","202512","1","588.9"
"20251211","DRV","KR4101WC0003","코스피200 F 202512","1005","202512","1","588.55"
"20251211","DRV","KR4101WC0003","코스피200 F 202512","1006","202512","1","588.8"
"20251211","DRV","KR4101WC0003","코스피200 F 202512","1007","202512","1","589.4"
"20251211","DRV","KR4101WC0003","코스피200 F 202512","1008","202512","1","589.1"
"20251211","DRV","KR4101WC0003","코스피200 F 202512","1009","202512","1","589.3"
"20251211","DRV","KR4101WC0003","코스피200 F 202512","1010","202512","1","589.45"
"20251211","DRV","KR4101WC0003","코스피200 F 202512","1011","202512","1","589.8"
"20251211","DRV","KR4101WC0003","코스피200 F 202512","1012","202512","1","590"
"20251211","DRV","KR4101WC0003","코스피200 F 202512","1013","202512","1","590.1"
"20251211","DRV","KR4101WC0003","코스피200 F 202512","1014","202512","1","590.1"
"20251211","DRV","KR4101WC0003","코스피200 F 202512","1015","202512","1","590.3"
"20251211","DRV","KR4101WC0003","코스피200 F 202512","1016","202512","1","590.5"
"20251211","DRV","KR4101WC0003","코스피200 F 202512","1017","202512","1","590.1"
"20251211","DRV","KR4101WC0003","코스피200 F 202512","1018","202512","1","589.7"
"20251211","DRV","KR4101WC0003","코스피200 F 202512","1019","202512","1","589.6"
"20251211","DRV","KR4101WC0003","코스피200 F 202512","1020","202512","1","589.6"
"20251211","DRV","KR4101WC0003","코스피200 F 202512","1021","202512","1","589.25"
"20251211","DRV","KR4101WC0003","코스피200 F 202512","1022","202512","1","589.3"
"20251211","DRV","KR4101WC0003","코스피200 F 202512","1023","202512","1","589.35"
"20251211","DRV","KR4101WC0003","코스피200 F 202512","1024","202512","1","589.3"
"20251211","DRV","KR4101WC0003","코스피200 F 202512","1025","202512","1","589.05"
"20251211","DRV","KR4101WC0003","코스피200 F 202512","1026","202512","1","589.05"
"20251211","DRV","KR4101WC0003","코스피200 F 202512","1027","202512","1","589"
"20251211","DRV","KR4101WC0003","코스피200 F 202512","1028","202512","1","589.25"
"20251211","DRV","KR4101WC0003","코스피200 F 202512","1029","202512","1","589.1"
"20251211","DRV","KR4101WC0003","코스피200 F 202512","1030","202512","1","589.15"
"20251211","DRV","KR4101WC0003","코스피200 F 202512","1031","202512","1","589.25"
"20251211","DRV","KR4101WC0003","코스피200 F 202512","1032","202512","1","589.1"
"20251211","DRV","KR4101WC0003","코스피200 F 202512","1033","202512","1","589.15"
"20251211","DRV","KR4101WC0003","코스피200 F 202512","1034","202512","1","589.9"
"20251211","DRV","KR4101WC0003","코스피200 F 202512","1035","202512","1","590.15"
"20251211","DRV","KR4101WC0003","코스피200 F 202512","1036","202512","1","589.75"
"20251211","DRV","KR4101WC0003","코스피200 F 202512","1037","202512","1","590"
"20251211","DRV","KR4101WC0003","코스피200 F 202512","1038","202512","1","590.2"
"20251211","DRV","KR4101WC0003","코스피200 F 202512","1039","202512","1","590"
"20251211","DRV","KR4101WC0003","코스피200 F 202512","1040","202512","1","590"
"20251211","DRV","KR4101WC0003","코스피200 F 202512","1041","202512","1","589.9"
"20251211","DRV","KR4101WC0003","코스피200 F 202512","1042","202512","1","590"
"20251211","DRV","KR4101WC0003","코스피200 F 202512","1043","202512","1","590"
"20251211","DRV","KR4101WC0003","코스피200 F 202512","1044","202512","1","590"
"20251211","DRV","KR4101WC0003","코스피200 F 202512","1045","202512","1","590"
"20251211","DRV","KR4101WC0003","코스피200 F 202512","1046","202512","1","589.45"
"20251211","DRV","KR4101WC0003","코스피200 F 202512","1047","202512","1","589.25"
"20251211","DRV","KR4101WC0003","코스피200 F 202512","1048","202512","1","589.2"
"20251211","DRV","KR4101WC0003","코스피200 F 202512","1049","202512","1","589.15"
"20251211","DRV","KR4101WC0003","코스피200 F 202512","1050","202512","1","589.1"
"20251211","DRV","KR4101WC0003","코스피200 F 202512","1051","202512","1","589"
"20251211","DRV","KR4101WC0003","코스피200 F 202512","1052","202512","1","589.05"
"20251211","DRV","KR4101WC0003","코스피200 F 202512","1053","202512","1","589.1"
"20251211","DRV","KR4101WC0003","코스피200 F 202512","1054","202512","1","589.05"
"20251211","DRV","KR4101WC0003","코스피200 F 202512","1055","202512","1","589"
"20251211","DRV","KR4101WC0003","코스피200 F 202512","1056","202512","1","588.6"
"20251211","DRV","KR4101WC0003","코스피200 F 202512","1057","202512","1","588.45"
"20251211","DRV","KR4101WC0003","코스피200 F 202512","1058","202512","1","588.45"
"20251211","DRV","KR4101WC0003","코스피200 F 202512","1059","202512","1","588.15"
"20251211","DRV","KR4101WC0003","코스피200 F 202512","1100","202512","1","588.45"
"20251211","DRV","KR4101WC0003","코스피200 F 202512","1101","202512","1","588.15"
"20251211","DRV","KR4101WC0003","코스피200 F 202512","1102","202512","1","588.3"
"20251211","DRV","KR4101WC0003","코스피200 F 202512","1103","202512","1","588.05"
"20251211","DRV","KR4101WC0003","코스피200 F 202512","1104","202512","1","588"
"20251211","DRV","KR4101WC0003","코스피200 F 202512","1105","202512","1","587.5"
"20251211","DRV","KR4101WC0003","코스피200 F 202512","1106","202512","1","587.25"
"20251211","DRV","KR4101WC0003","코스피200 F 202512","1107","202512","1","587.1"
"20251211","DRV","KR4101WC0003","코스피200 F 202512","1108","202512","1","586.95"
"20251211","DRV","KR4101WC0003","코스피200 F 202512","1109","202512","1","587.1"
"20251211","DRV","KR4101WC0003","코스피200 F 202512","1110","202512","1","587.45"
"20251211","DRV","KR4101WC0003","코스피200 F 202512","1111","202512","1","587.15"
"20251211","DRV","KR4101WC0003","코스피200 F 202512","1112","202512","1","587"
"20251211","DRV","KR4101WC0003","코스피200 F 202512","1113","202512","1","587.1"
"20251211","DRV","KR4101WC0003","코스피200 F 202512","1114","202512","1","587.15"
"20251211","DRV","KR4101WC0003","코스피200 F 202512","1115","202512","1","587.4"
"20251211","DRV","KR4101WC0003","코스피200 F 202512","1116","202512","1","586.8"
"20251211","DRV","KR4101WC0003","코스피200 F 202512","1117","202512","1","586.75"
"20251211","DRV","KR4101WC0003","코스피200 F 202512","1118","202512","1","586.6"
"20251211","DRV","KR4101WC0003","코스피200 F 202512","1119","202512","1","586.85"
"20251211","DRV","KR4101WC0003","코스피200 F 202512","1120","202512","1","587.05"
"20251211","DRV","KR4101WC0003","코스피200 F 202512","1121","202512","1","587.25"
"20251211","DRV","KR4101WC0003","코스피200 F 202512","1122","202512","1","587"
"20251211","DRV","KR4101WC0003","코스피200 F 202512","1123","202512","1","586.95"
"20251211","DRV","KR4101WC0003","코스피200 F 202512","1124","202512","1","586.85"
"20251211","DRV","KR4101WC0003","코스피200 F 202512","1125","202512","1","587.3"
"20251211","DRV","KR4101WC0003","코스피200 F 202512","1126","202512","1","586.95"
"20251211","DRV","KR4101WC0003","코스피200 F 202512","1127","202512","1","586.9"
"20251211","DRV","KR4101WC0003","코스피200 F 202512","1128","202512","1","586.6"
"20251211","DRV","KR4101WC0003","코스피200 F 202512","1129","202512","1","586.5"
"20251211","DRV","KR4101WC0003","코스피200 F 202512","1130","202512","1","586.55"
"20251211","DRV","KR4101WC0003","코스피200 F 202512","1131","202512","1","586.35"
"20251211","DRV","KR4101WC0003","코스피200 F 202512","1132","202512","1","585.9"
"20251211","DRV","KR4101WC0003","코스피200 F 202512","1133","202512","1","585.85"
"20251211","DRV","KR4101WC0003","코스피200 F 202512","1134","202512","1","585.6"
"20251211","DRV","KR4101WC0003","코스피200 F 202512","1135","202512","1","585.85"
"20251211","DRV","KR4101WC0003","코스피200 F 202512","1136","202512","1","585.55"
"20251211","DRV","KR4101WC0003","코스피200 F 202512","1137","202512","1","585.4"
"20251211","DRV","KR4101WC0003","코스피200 F 202512","1138","202512","1","585.15"
"20251211","DRV","KR4101WC0003","코스피200 F 202512","1139","202512","1","585.25"
"20251211","DRV","KR4101WC0003","코스피200 F 202512","1140","202512","1","585.1"
"20251211","DRV","KR4101WC0003","코스피200 F 202512","1141","202512","1","585.25"
"20251211","DRV","KR4101WC0003","코스피200 F 202512","1142","202512","1","585.1"
"20251211","DRV","KR4101WC0003","코스피200 F 202512","1143","202512","1","584.95"
"20251211","DRV","KR4101WC0003","코스피200 F 202512","1144","202512","1","585.05"
"20251211","DRV","KR4101WC0003","코스피200 F 202512","1145","202512","1","584.85"
"20251211","DRV","KR4101WC0003","코스피200 F 202512","1146","202512","1","584.6"
"20251211","DRV","KR4101WC0003","코스피200 F 202512","1147","202512","1","584.15"
"20251211","DRV","KR4101WC0003","코스피200 F 202512","1148","202512","1","584"
"20251211","DRV","KR4101WC0003","코스피200 F 202512","1149","202512","1","583.85"
"20251211","DRV","KR4101WC0003","코스피200 F 202512","1150","202512","1","584"
"20251211","DRV","KR4101WC0003","코스피200 F 202512","1151","202512","1","583.85"
"20251211","DRV","KR4101WC0003","코스피200 F 202512","1152","202512","1","584.05"
"20251211","DRV","KR4101WC0003","코스피200 F 202512","1153","202512","1","583.8"
"20251211","DRV","KR4101WC0003","코스피200 F 202512","1154","202512","1","583.6"
"20251211","DRV","KR4101WC0003","코스피200 F 202512","1155","202512","1","583.35"
"20251211","DRV","KR4101WC0003","코스피200 F 202512","1156","202512","1","583.25"
"20251211","DRV","KR4101WC0003","코스피200 F 202512","1157","202512","1","582.7"
"20251211","DRV","KR4101WC0003","코스피200 F 202512","1158","202512","1","582.45"
"20251211","DRV","KR4101WC0003","코스피200 F 202512","1159","202512","1","582"
"20251211","DRV","KR4101WC0003","코스피200 F 202512","1200","202512","1","582.55"
"20251211","DRV","KR4101WC0003","코스피200 F 202512","1201","202512","1","582"
"20251211","DRV","KR4101WC0003","코스피200 F 202512","1202","202512","1","580.9"
"20251211","DRV","KR4101WC0003","코스피200 F 202512","1203","202512","1","581.1"
"20251211","DRV","KR4101WC0003","코스피200 F 202512","1204","202512","1","580.85"
"20251211","DRV","KR4101WC0003","코스피200 F 202512","1205","202512","1","581.25"
"20251211","DRV","KR4101WC0003","코스피200 F 202512","1206","202512","1","581.7"
"20251211","DRV","KR4101WC0003","코스피200 F 202512","1207","202512","1","581.6"
"20251211","DRV","KR4101WC0003","코스피200 F 202512","1208","202512","1","581.15"
"20251211","DRV","KR4101WC0003","코스피200 F 202512","1209","202512","1","580.65"
"20251211","DRV","KR4101WC0003","코스피200 F 202512","1210","202512","1","580.7"
"20251211","DRV","KR4101WC0003","코스피200 F 202512","1211","202512","1","580.6"
"20251211","DRV","KR4101WC0003","코스피200 F 202512","1212","202512","1","580.55"
"20251211","DRV","KR4101WC0003","코스피200 F 202512","1213","202512","1","580.75"
"20251211","DRV","KR4101WC0003","코스피200 F 202512","1214","202512","1","580.5"
"20251211","DRV","KR4101WC0003","코스피200 F 202512","1215","202512","1","580.95"
"20251211","DRV","KR4101WC0003","코스피200 F 202512","1216","202512","1","581.1"
"20251211","DRV","KR4101WC0003","코스피200 F 202512","1217","202512","1","581.2"
"20251211","DRV","KR4101WC0003","코스피200 F 202512","1218","202512","1","581.5"
"20251211","DRV","KR4101WC0003","코스피200 F 202512","1219","202512","1","581.75"
"20251211","DRV","KR4101WC0003","코스피200 F 202512","1220","202512","1","581.25"
"20251211","DRV","KR4101WC0003","코스피200 F 202512","1221","202512","1","581.05"
"20251211","DRV","KR4101WC0003","코스피200 F 202512","1222","202512","1","581.5"
"20251211","DRV","KR4101WC0003","코스피200 F 202512","1223","202512","1","581.7"
"20251211","DRV","KR4101WC0003","코스피200 F 202512","1224","202512","1","581.85"
"20251211","DRV","KR4101WC0003","코스피200 F 202512","1225","202512","1","582.3"
"20251211","DRV","KR4101WC0003","코스피200 F 202512","1226","202512","1","582.2"
"20251211","DRV","KR4101WC0003","코스피200 F 202512","1227","202512","1","581.8"
"20251211","DRV","KR4101WC0003","코스피200 F 202512","1228","202512","1","581.95"
"20251211","DRV","KR4101WC0003","코스피200 F 202512","1229","202512","1","581.85"
"20251211","DRV","KR4101WC0003","코스피200 F 202512","1230","202512","1","581.5"
"20251211","DRV","KR4101WC0003","코스피200 F 202512","1231","202512","1","581"
"20251211","DRV","KR4101WC0003","코스피200 F 202512","1232","202512","1","580.9"
"20251211","DRV","KR4101WC0003","코스피200 F 202512","1233","202512","1","580.6"
"20251211","DRV","KR4101WC0003","코스피200 F 202512","1234","202512","1","580.25"
"20251211","DRV","KR4101WC0003","코스피200 F 202512","1235","202512","1","580.1"
"20251211","DRV","KR4101WC0003","코스피200 F 202512","1236","202512","1","581.25"
"20251211","DRV","KR4101WC0003","코스피200 F 202512","1237","202512","1","580.9"
"20251211","DRV","KR4101WC0003","코스피200 F 202512","1238","202512","1","580.8"
"20251211","DRV","KR4101WC0003","코스피200 F 202512","1239","202512","1","581.05"
"20251211","DRV","KR4101WC0003","코스피200 F 202512","1240","202512","1","580.9"
"20251211","DRV","KR4101WC0003","코스피200 F 202512","1241","202512","1","581.45"
"20251211","DRV","KR4101WC0003","코스피200 F 202512","1242","202512","1","581.8"
"20251211","DRV","KR4101WC0003","코스피200 F 202512","1243","202512","1","582"
"20251211","DRV","KR4101WC0003","코스피200 F 202512","1244","202512","1","582"
"20251211","DRV","KR4101WC0003","코스피200 F 202512","1245","202512","1","581.95"
"20251211","DRV","KR4101WC0003","코스피200 F 202512","1246","202512","1","582.25"
"20251211","DRV","KR4101WC0003","코스피200 F 202512","1247","202512","1","582.4"
"20251211","DRV","KR4101WC0003","코스피200 F 202512","1248","202512","1","582.7"
"20251211","DRV","KR4101WC0003","코스피200 F 202512","1249","202512","1","582.75"
"20251211","DRV","KR4101WC0003","코스피200 F 202512","1250","202512","1","583"
"20251211","DRV","KR4101WC0003","코스피200 F 202512","1251","202512","1","583"
"20251211","DRV","KR4101WC0003","코스피200 F 202512","1252","202512","1","582.6"
"20251211","DRV","KR4101WC0003","코스피200 F 202512","1253","202512","1","582.65"
"20251211","DRV","KR4101WC0003","코스피200 F 202512","1254","202512","1","582.45"
"20251211","DRV","KR4101WC0003","코스피200 F 202512","1255","202512","1","582.7"
"20251211","DRV","KR4101WC0003","코스피200 F 202512","1256","202512","1","582.65"
"20251211","DRV","KR4101WC0003","코스피200 F 202512","1257","202512","1","582.85"
"20251211","DRV","KR4101WC0003","코스피200 F 202512","1258","202512","1","582.9"
"20251211","DRV","KR4101WC0003","코스피200 F 202512","1259","202512","1","583.05"
"20251211","DRV","KR4101WC0003","코스피200 F 202512","1300","202512","1","583"
"20251211","DRV","KR4101WC0003","코스피200 F 202512","1301","202512","1","582.7"
"20251211","DRV","KR4101WC0003","코스피200 F 202512","1302","202512","1","582.65"
"20251211","DRV","KR4101WC0003","코스피200 F 202512","1303","202512","1","582.35"
"20251211","DRV","KR4101WC0003","코스피200 F 202512","1304","202512","1","582.45"
"20251211","DRV","KR4101WC0003","코스피200 F 202512","1305","202512","1","582.65"
"20251211","DRV","KR4101WC0003","코스피200 F 202512","1306","202512","1","582.75"
"20251211","DRV","KR4101WC0003","코스피200 F 202512","1307","202512","1","582.75"
"20251211","DRV","KR4101WC0003","코스피200 F 202512","1308","202512","1","583.2"
"20251211","DRV","KR4101WC0003","코스피200 F 202512","1309","202512","1","583.35"
"20251211","DRV","KR4101WC0003","코스피200 F 202512","1310","202512","1","583.75"
"20251211","DRV","KR4101WC0003","코스피200 F 202512","1311","202512","1","583.75"
"20251211","DRV","KR4101WC0003","코스피200 F 202512","1312","202512","1","583.95"
"20251211","DRV","KR4101WC0003","코스피200 F 202512","1313","202512","1","584.15"
"20251211","DRV","KR4101WC0003","코스피200 F 202512","1314","202512","1","583.9"
"20251211","DRV","KR4101WC0003","코스피200 F 202512","1315","202512","1","583.55"
"20251211","DRV","KR4101WC0003","코스피200 F 202512","1316","202512","1","583.9"
"20251211","DRV","KR4101WC0003","코스피200 F 202512","1317","202512","1","584.25"
"20251211","DRV","KR4101WC0003","코스피200 F 202512","1318","202512","1","584.05"
"20251211","DRV","KR4101WC0003","코스피200 F 202512","1319","202512","1","584.25"
"20251211","DRV","KR4101WC0003","코스피200 F 202512","1320","202512","1","583.85"
"20251211","DRV","KR4101WC0003","코스피200 F 202512","1321","202512","1","584"
"20251211","DRV","KR4101WC0003","코스피200 F 202512","1322","202512","1","583.65"
"20251211","DRV","KR4101WC0003","코스피200 F 202512","1323","202512","1","583.65"
"20251211","DRV","KR4101WC0003","코스피200 F 202512","1324","202512","1","583.85"
"20251211","DRV","KR4101WC0003","코스피200 F 202512","1325","202512","1","583.95"
"20251211","DRV","KR4101WC0003","코스피200 F 202512","1326","202512","1","584.05"
"20251211","DRV","KR4101WC0003","코스피200 F 202512","1327","202512","1","584.1"
"20251211","DRV","KR4101WC0003","코스피200 F 202512","1328","202512","1","584"
"20251211","DRV","KR4101WC0003","코스피200 F 202512","1329","202512","1","584.3"
"20251211","DRV","KR4101WC0003","코스피200 F 202512","1330","202512","1","584.55"
"20251211","DRV","KR4101WC0003","코스피200 F 202512","1331","202512","1","584.75"
"20251211","DRV","KR4101WC0003","코스피200 F 202512","1332","202512","1","584.65"
"20251211","DRV","KR4101WC0003","코스피200 F 202512","1333","202512","1","584.45"
"20251211","DRV","KR4101WC0003","코스피200 F 202512","1334","202512","1","584.3"
"20251211","DRV","KR4101WC0003","코스피200 F 202512","1335","202512","1","584.1"
"20251211","DRV","KR4101WC0003","코스피200 F 202512","1336","202512","1","584.2"
"20251211","DRV","KR4101WC0003","코스피200 F 202512","1337","202512","1","584.25"
"20251211","DRV","KR4101WC0003","코스피200 F 202512","1338","202512","1","584.25"
"20251211","DRV","KR4101WC0003","코스피200 F 202512","1339","202512","1","584.5"
"20251211","DRV","KR4101WC0003","코스피200 F 202512","1340","202512","1","584.75"
"20251211","DRV","KR4101WC0003","코스피200 F 202512","1341","202512","1","584.75"
"20251211","DRV","KR4101WC0003","코스피200 F 202512","1342","202512","1","584.65"
"20251211","DRV","KR4101WC0003","코스피200 F 202512","1343","202512","1","584.5"
"20251211","DRV","KR4101WC0003","코스피200 F 202512","1344","202512","1","584.5"
"20251211","DRV","KR4101WC0003","코스피200 F 202512","1345","202512","1","584.6"
"20251211","DRV","KR4101WC0003","코스피200 F 202512","1346","202512","1","584.35"
"20251211","DRV","KR4101WC0003","코스피200 F 202512","1347","202512","1","584.6"
"20251211","DRV","KR4101WC0003","코스피200 F 202512","1348","202512","1","584.6"
"20251211","DRV","KR4101WC0003","코스피200 F 202512","1349","202512","1","584.45"
"20251211","DRV","KR4101WC0003","코스피200 F 202512","1350","202512","1","584.5"
"20251211","DRV","KR4101WC0003","코스피200 F 202512","1351","202512","1","584.45"
"20251211","DRV","KR4101WC0003","코스피200 F 202512","1352","202512","1","584.25"
"20251211","DRV","KR4101WC0003","코스피200 F 202512","1353","202512","1","583.65"
"20251211","DRV","KR4101WC0003","코스피200 F 202512","1354","202512","1","583.5"
"20251211","DRV","KR4101WC0003","코스피200 F 202512","1355","202512","1","583.15"
"20251211","DRV","KR4101WC0003","코스피200 F 202512","1356","202512","1","583"
"20251211","DRV","KR4101WC0003","코스피200 F 202512","1357","202512","1","583"
"20251211","DRV","KR4101WC0003","코스피200 F 202512","1358","202512","1","582.65"
"20251211","DRV","KR4101WC0003","코스피200 F 202512","1359","202512","1","582.65"
"20251211","DRV","KR4101WC0003","코스피200 F 202512","1400","202512","1","582.95"
"20251211","DRV","KR4101WC0003","코스피200 F 202512","1401","202512","1","583.3"
"20251211","DRV","KR4101WC0003","코스피200 F 202512","1402","202512","1","583.15"
"20251211","DRV","KR4101WC0003","코스피200 F 202512","1403","202512","1","583.05"
"20251211","DRV","KR4101WC0003","코스피200 F 202512","1404","202512","1","582.95"
"20251211","DRV","KR4101WC0003","코스피200 F 202512","1405","202512","1","582.65"
"20251211","DRV","KR4101WC0003","코스피200 F 202512","1406","202512","1","582.75"
"20251211","DRV","KR4101WC0003","코스피200 F 202512","1407","202512","1","582.6"
"20251211","DRV","KR4101WC0003","코스피200 F 202512","1408","202512","1","582.8"
"20251211","DRV","KR4101WC0003","코스피200 F 202512","1409","202512","1","583"
"20251211","DRV","KR4101WC0003","코스피200 F 202512","1410","202512","1","582.75"
"20251211","DRV","KR4101WC0003","코스피200 F 202512","1411","202512","1","582.95"
"20251211","DRV","KR4101WC0003","코스피200 F 202512","1412","202512","1","583"
"20251211","DRV","KR4101WC0003","코스피200 F 202512","1413","202512","1","582.75"
"20251211","DRV","KR4101WC0003","코스피200 F 202512","1414","202512","1","582.8"
"20251211","DRV","KR4101WC0003","코스피200 F 202512","1415","202512","1","583.35"
"20251211","DRV","KR4101WC0003","코스피200 F 202512","1416","202512","1","583.25"
"20251211","DRV","KR4101WC0003","코스피200 F 202512","1417","202512","1","583.35"
"20251211","DRV","KR4101WC0003","코스피200 F 202512","1418","202512","1","583.35"
"20251211","DRV","KR4101WC0003","코스피200 F 202512","1419","202512","1","583.15"
"20251211","DRV","KR4101WC0003","코스피200 F 202512","1420","202512","1","583.35"
"20251211","DRV","KR4101WC0003","코스피200 F 202512","1421","202512","1","583.3"
"20251211","DRV","KR4101WC0003","코스피200 F 202512","1422","202512","1","583.05"
"20251211","DRV","KR4101WC0003","코스피200 F 202512","1423","202512","1","583.05"
"20251211","DRV","KR4101WC0003","코스피200 F 202512","1424","202512","1","582.95"
"20251211","DRV","KR4101WC0003","코스피200 F 202512","1425","202512","1","583.15"
"20251211","DRV","KR4101WC0003","코스피200 F 202512","1426","202512","1","583.1"
"20251211","DRV","KR4101WC0003","코스피200 F 202512","1427","202512","1","582.55"
"20251211","DRV","KR4101WC0003","코스피200 F 202512","1428","202512","1","582.45"
"20251211","DRV","KR4101WC0003","코스피200 F 202512","1429","202512","1","582.45"
"20251211","DRV","KR4101WC0003","코스피200 F 202512","1430","202512","1","582.75"
"20251211","DRV","KR4101WC0003","코스피200 F 202512","1431","202512","1","582.55"
"20251211","DRV","KR4101WC0003","코스피200 F 202512","1432","202512","1","582.55"
"20251211","DRV","KR4101WC0003","코스피200 F 202512","1433","202512","1","582.55"
"20251211","DRV","KR4101WC0003","코스피200 F 202512","1434","202512","1","582.4"
"20251211","DRV","KR4101WC0003","코스피200 F 202512","1435","202512","1","582.6"
"20251211","DRV","KR4101WC0003","코스피200 F 202512","1436","202512","1","582.5"
"20251211","DRV","KR4101WC0003","코스피200 F 202512","1437","202512","1","583.15"
"20251211","DRV","KR4101WC0003","코스피200 F 202512","1438","202512","1","583.2"
"20251211","DRV","KR4101WC0003","코스피200 F 202512","1439","202512","1","583.5"
"20251211","DRV","KR4101WC0003","코스피200 F 202512","1440","202512","1","583.8"
"20251211","DRV","KR4101WC0003","코스피200 F 202512","1441","202512","1","583.45"
"20251211","DRV","KR4101WC0003","코스피200 F 202512","1442","202512","1","583.65"
"20251211","DRV","KR4101WC0003","코스피200 F 202512","1443","202512","1","583.55"
"20251211","DRV","KR4101WC0003","코스피200 F 202512","1444","202512","1","583.35"
"20251211","DRV","KR4101WC0003","코스피200 F 202512","1445","202512","1","583.4"
"20251211","DRV","KR4101WC0003","코스피200 F 202512","1446","202512","1","582.85"
"20251211","DRV","KR4101WC0003","코스피200 F 202512","1447","202512","1","582.95"
"20251211","DRV","KR4101WC0003","코스피200 F 202512","1448","202512","1","582.9"
"20251211","DRV","KR4101WC0003","코스피200 F 202512","1449","202512","1","582.95"
"20251211","DRV","KR4101WC0003","코스피200 F 202512","1450","202512","1","583.3"
"20251211","DRV","KR4101WC0003","코스피200 F 202512","1451","202512","1","583.05"
"20251211","DRV","KR4101WC0003","코스피200 F 202512","1452","202512","1","582.65"
"20251211","DRV","KR4101WC0003","코스피200 F 202512","1453","202512","1","582.2"
"20251211","DRV","KR4101WC0003","코스피200 F 202512","1454","202512","1","582"
"20251211","DRV","KR4101WC0003","코스피200 F 202512","1455","202512","1","581.9"
"20251211","DRV","KR4101WC0003","코스피200 F 202512","1456","202512","1","581.9"
"20251211","DRV","KR4101WC0003","코스피200 F 202512","1457","202512","1","581.95"
"20251211","DRV","KR4101WC0003","코스피200 F 202512","1458","202512","1","581.85"
"20251211","DRV","KR4101WC0003","코스피200 F 202512","1459","202512","1","581.8"
"20251211","DRV","KR4101WC0003","코스피200 F 202512","1500","202512","1","582"
"20251211","DRV","KR4101WC0003","코스피200 F 202512","1501","202512","1","582.15"
"20251211","DRV","KR4101WC0003","코스피200 F 202512","1502","202512","1","581.9"
"20251211","DRV","KR4101WC0003","코스피200 F 202512","1503","202512","1","581.5"
"20251211","DRV","KR4101WC0003","코스피200 F 202512","1504","202512","1","581.3"
"20251211","DRV","KR4101WC0003","코스피200 F 202512","1505","202512","1","581"
"20251211","DRV","KR4101WC0003","코스피200 F 202512","1506","202512","1","580.6"
"20251211","DRV","KR4101WC0003","코스피200 F 202512","1507","202512","1","580.5"
"20251211","DRV","KR4101WC0003","코스피200 F 202512","1508","202512","1","580.45"
"20251211","DRV","KR4101WC0003","코스피200 F 202512","1509","202512","1","580.5"
"20251211","DRV","KR4101WC0003","코스피200 F 202512","1510","202512","1","580.35"
"20251211","DRV","KR4101WC0003","코스피200 F 202512","1511","202512","1","580.4"
"20251211","DRV","KR4101WC0003","코스피200 F 202512","1512","202512","1","580.35"
"20251211","DRV","KR4101WC0003","코스피200 F 202512","1513","202512","1","580.45"
"20251211","DRV","KR4101WC0003","코스피200 F 202512","1514","202512","1","580.5"
"20251211","DRV","KR4101WC0003","코스피200 F 202512","1515","202512","1","580.65"
"20251211","DRV","KR4101WC0003","코스피200 F 202512","1516","202512","1","580.7"
"20251211","DRV","KR4101WC0003","코스피200 F 202512","1517","202512","1","580.65"
"20251211","DRV","KR4101WC0003","코스피200 F 202512","1518","202512","1","580.35"
"20251211","DRV","KR4101WC0003","코스피200 F 202512","1519","202512","1","580.25"
"20251211","DRV","KR4401WC63S4","코스피200 SP 2512-2603","0845","202512","1","0.45"
"20251211","DRV","KR4401WC63S4","코스피200 SP 2512-2603","0846","202512","1","0.5"
"20251211","DRV","KR4401WC63S4","코스피200 SP 2512-2603","0847","202512","1","0.45"
"20251211","DRV","KR4401WC63S4","코스피200 SP 2512-2603","0848","202512","1","0.45"
"20251211","DRV","KR4401WC63S4","코스피200 SP 2512-2603","0849","202512","1","0.45"
"20251211","DRV","KR4401WC63S4","코스피200 SP 2512-2603","0850","202512","1","0.45"
"20251211","DRV","KR4401WC63S4","코스피200 SP 2512-2603","0851","202512","1","0.5"
"20251211","DRV","KR4401WC63S4","코스피200 SP 2512-2603","0852","202512","1","0.45"
"20251211","DRV","KR4401WC63S4","코스피200 SP 2512-2603","0853","202512","1","0.5"
"20251211","DRV","KR4401WC63S4","코스피200 SP 2512-2603","0854","202512","1","0.5"
"20251211","DRV","KR4401WC63S4","코스피200 SP 2512-2603","0855","202512","1","0.5"
"20251211","DRV","KR4401WC63S4","코스피200 SP 2512-2603","0856","202512","1","0.5"
"20251211","DRV","KR4401WC63S4","코스피200 SP 2512-2603","0857","202512","1","0.5"
"20251211","DRV","KR4401WC63S4","코스피200 SP 2512-2603","0858","202512","1","0.45"
"20251211","DRV","KR4401WC63S4","코스피200 SP 2512-2603","0859","202512","1","0.5"
"20251211","DRV","KR4401WC63S4","코스피200 SP 2512-2603","0900","202512","1","0.45"
"20251211","DRV","KR4401WC63S4","코스피200 SP 2512-2603","0901","202512","1","0.45"
"20251211","DRV","KR4401WC63S4","코스피200 SP 2512-2603","0902","202512","1","0.45"
"20251211","DRV","KR4401WC63S4","코스피200 SP 2512-2603","0903","202512","1","0.5"
"20251211","DRV","KR4401WC63S4","코스피200 SP 2512-2603","0904","202512","1","0.5"
"20251211","DRV","KR4401WC63S4","코스피200 SP 2512-2603","0905","202512","1","0.45"
"20251211","DRV","KR4401WC63S4","코스피200 SP 2512-2603","0906","202512","1","0.5"
"20251211","DRV","KR4401WC63S4","코스피200 SP 2512-2603","0907","202512","1","0.5"
"20251211","DRV","KR4401WC63S4","코스피200 SP 2512-2603","0908","202512","1","0.45"
"20251211","DRV","KR4401WC63S4","코스피200 SP 2512-2603","0909","202512","1","0.45"
"20251211","DRV","KR4401WC63S4","코스피200 SP 2512-2603","0910","202512","1","0.5"
"20251211","DRV","KR4401WC63S4","코스피200 SP 2512-2603","0911","202512","1","0.45"
"20251211","DRV","KR4401WC63S4","코스피200 SP 2512-2603","0912","202512","1","0.5"
"20251211","DRV","KR4401WC63S4","코스피200 SP 2512-2603","0913","202512","1","0.45"
"20251211","DRV","KR4401WC63S4","코스피200 SP 2512-2603","0914","202512","1","0.5"
"20251211","DRV","KR4401WC63S4","코스피200 SP 2512-2603","0915","202512","1","0.45"
"20251211","DRV","KR4401WC63S4","코스피200 SP 2512-2603","0916","202512","1","0.5"
"20251211","DRV","KR4401WC63S4","코스피200 SP 2512-2603","0917","202512","1","0.45"
"20251211","DRV","KR4401WC63S4","코스피200 SP 2512-2603","0918","202512","1","0.45"
"20251211","DRV","KR4401WC63S4","코스피200 SP 2512-2603","0919","202512","1","0.5"
"20251211","DRV","KR4401WC63S4","코스피200 SP 2512-2603","0920","202512","1","0.45"
"20251211","DRV","KR4401WC63S4","코스피200 SP 2512-2603","0921","202512","1","0.5"
"20251211","DRV","KR4401WC63S4","코스피200 SP 2512-2603","0922","202512","1","0.5"
"20251211","DRV","KR4401WC63S4","코스피200 SP 2512-2603","0923","202512","1","0.45"
"20251211","DRV","KR4401WC63S4","코스피200 SP 2512-2603","0924","202512","1","0.45"
"20251211","DRV","KR4401WC63S4","코스피200 SP 2512-2603","0925","202512","1","0.5"
"20251211","DRV","KR4401WC63S4","코스피200 SP 2512-2603","0926","202512","1","0.5"
"20251211","DRV","KR4401WC63S4","코스피200 SP 2512-2603","0927","202512","1","0.55"
"20251211","DRV","KR4401WC63S4","코스피200 SP 2512-2603","0928","202512","1","0.55"
"20251211","DRV","KR4401WC63S4","코스피200 SP 2512-2603","0929","202512","1","0.55"
"20251211","DRV","KR4401WC63S4","코스피200 SP 2512-2603","0930","202512","1","0.6"
"20251211","DRV","KR4401WC63S4","코스피200 SP 2512-2603","0931","202512","1","0.55"
"20251211","DRV","KR4401WC63S4","코스피200 SP 2512-2603","0932","202512","1","0.55"
"20251211","DRV","KR4401WC63S4","코스피200 SP 2512-2603","0933","202512","1","0.55"
"20251211","DRV","KR4401WC63S4","코스피200 SP 2512-2603","0934","202512","1","0.55"
"20251211","DRV","KR4401WC63S4","코스피200 SP 2512-2603","0935","202512","1","0.55"
"20251211","DRV","KR4401WC63S4","코스피200 SP 2512-2603","0936","202512","1","0.5"
"20251211","DRV","KR4401WC63S4","코스피200 SP 2512-2603","0937","202512","1","0.5"
"20251211","DRV","KR4401WC63S4","코스피200 SP 2512-2603","0938","202512","1","0.6"
"20251211","DRV","KR4401WC63S4","코스피200 SP 2512-2603","0939","202512","1","0.6"
"20251211","DRV","KR4401WC63S4","코스피200 SP 2512-2603","0940","202512","1","0.6"
"20251211","DRV","KR4401WC63S4","코스피200 SP 2512-2603","0941","202512","1","0.6"
"20251211","DRV","KR4401WC63S4","코스피200 SP 2512-2603","0942","202512","1","0.55"
"20251211","DRV","KR4401WC63S4","코스피200 SP 2512-2603","0943","202512","1","0.6"
"20251211","DRV","KR4401WC63S4","코스피200 SP 2512-2603","0944","202512","1","0.6"
"20251211","DRV","KR4401WC63S4","코스피200 SP 2512-2603","0945","202512","1","0.6"
"20251211","DRV","KR4401WC63S4","코스피200 SP 2512-2603","0946","202512","1","0.55"
"20251211","DRV","KR4401WC63S4","코스피200 SP 2512-2603","0947","202512","1","0.55"
"20251211","DRV","KR4401WC63S4","코스피200 SP 2512-2603","0948","202512","1","0.55"
"20251211","DRV","KR4401WC63S4","코스피200 SP 2512-2603","0949","202512","1","0.6"
"20251211","DRV","KR4401WC63S4","코스피200 SP 2512-2603","0950","202512","1","0.55"
"20251211","DRV","KR4401WC63S4","코스피200 SP 2512-2603","0951","202512","1","0.6"
"20251211","DRV","KR4401WC63S4","코스피200 SP 2512-2603","0952","202512","1","0.55"
"20251211","DRV","KR4401WC63S4","코스피200 SP 2512-2603","0953","202512","1","0.55"
"20251211","DRV","KR4401WC63S4","코스피200 SP 2512-2603","0954","202512","1","0.55"
"20251211","DRV","KR4401WC63S4","코스피200 SP 2512-2603","0955","202512","1","0.55"
"20251211","DRV","KR4401WC63S4","코스피200 SP 2512-2603","0956","202512","1","0.55"
"20251211","DRV","KR4401WC63S4","코스피200 SP 2512-2603","0957","202512","1","0.6"
"20251211","DRV","KR4401WC63S4","코스피200 SP 2512-2603","0958","202512","1","0.6"
"20251211","DRV","KR4401WC63S4","코스피200 SP 2512-2603","0959","202512","1","0.6"
"20251211","DRV","KR4401WC63S4","코스피200 SP 2512-2603","1000","202512","1","0.6"
"20251211","DRV","KR4401WC63S4","코스피200 SP 2512-2603","1001","202512","1","0.6"
"20251211","DRV","KR4401WC63S4","코스피200 SP 2512-2603","1002","202512","1","0.6"
"20251211","DRV","KR4401WC63S4","코스피200 SP 2512-2603","1003","202512","1","0.55"
"20251211","DRV","KR4401WC63S4","코스피200 SP 2512-2603","1004","202512","1","0.55"
"20251211","DRV","KR4401WC63S4","코스피200 SP 2512-2603","1005","202512","1","0.55"
"20251211","DRV","KR4401WC63S4","코스피200 SP 2512-2603","1006","202512","1","0.6"
"20251211","DRV","KR4401WC63S4","코스피200 SP 2512-2603","1007","202512","1","0.6"
"20251211","DRV","KR4401WC63S4","코스피200 SP 2512-2603","1008","202512","1","0.55"
"20251211","DRV","KR4401WC63S4","코스피200 SP 2512-2603","1009","202512","1","0.55"
"20251211","DRV","KR4401WC63S4","코스피200 SP 2512-2603","1010","202512","1","0.55"
"20251211","DRV","KR4401WC63S4","코스피200 SP 2512-2603","1011","202512","1","0.55"
"20251211","DRV","KR4401WC63S4","코스피200 SP 2512-2603","1012","202512","1","0.6"
"20251211","DRV","KR4401WC63S4","코스피200 SP 2512-2603","1013","202512","1","0.6"
"20251211","DRV","KR4401WC63S4","코스피200 SP 2512-2603","1014","202512","1","0.6"
"20251211","DRV","KR4401WC63S4","코스피200 SP 2512-2603","1015","202512","1","0.6"
"20251211","DRV","KR4401WC63S4","코스피200 SP 2512-2603","1016","202512","1","0.6"
"20251211","DRV","KR4401WC63S4","코스피200 SP 2512-2603","1017","202512","1","0.55"
"20251211","DRV","KR4401WC63S4","코스피200 SP 2512-2603","1018","202512","1","0.65"
"20251211","DRV","KR4401WC63S4","코스피200 SP 2512-2603","1019","202512","1","0.65"
"20251211","DRV","KR4401WC63S4","코스피200 SP 2512-2603","1020","202512","1","0.65"
"20251211","DRV","KR4401WC63S4","코스피200 SP 2512-2603","1021","202512","1","0.6"
"20251211","DRV","KR4401WC63S4","코스피200 SP 2512-2603","1022","202512","1","0.65"
"20251211","DRV","KR4401WC63S4","코스피200 SP 2512-2603","1023","202512","1","0.6"
"20251211","DRV","KR4401WC63S4","코스피200 SP 2512-2603","1024","202512","1","0.65"
"20251211","DRV","KR4401WC63S4","코스피200 SP 2512-2603","1025","202512","1","0.6"
"20251211","DRV","KR4401WC63S4","코스피200 SP 2512-2603","1026","202512","1","0.6"
"20251211","DRV","KR4401WC63S4","코스피200 SP 2512-2603","1027","202512","1","0.65"
"20251211","DRV","KR4401WC63S4","코스피200 SP 2512-2603","1028","202512","1","0.65"
"20251211","DRV","KR4401WC63S4","코스피200 SP 2512-2603","1029","202512","1","0.6"
"20251211","DRV","KR4401WC63S4","코스피200 SP 2512-2603","1030","202512","1","0.6"
"20251211","DRV","KR4401WC63S4","코스피200 SP 2512-2603","1031","202512","1","0.6"
"20251211","DRV","KR4401WC63S4","코스피200 SP 2512-2603","1032","202512","1","0.6"
"20251211","DRV","KR4401WC63S4","코스피200 SP 2512-2603","1033","202512","1","0.65"
"20251211","DRV","KR4401WC63S4","코스피200 SP 2512-2603","1034","202512","1","0.6"
"20251211","DRV","KR4401WC63S4","코스피200 SP 2512-2603","1035","202512","1","0.65"
"20251211","DRV","KR4401WC63S4","코스피200 SP 2512-2603","1036","202512","1","0.6"
"20251211","DRV","KR4401WC63S4","코스피200 SP 2512-2603","1037","202512","1","0.6"
"20251211","DRV","KR4401WC63S4","코스피200 SP 2512-2603","1038","202512","1","0.6"
"20251211","DRV","KR4401WC63S4","코스피200 SP 2512-2603","1039","202512","1","0.6"
"20251211","DRV","KR4401WC63S4","코스피200 SP 2512-2603","1040","202512","1","0.65"
"20251211","DRV","KR4401WC63S4","코스피200 SP 2512-2603","1041","202512","1","0.6"
"20251211","DRV","KR4401WC63S4","코스피200 SP 2512-2603","1042","202512","1","0.65"
"20251211","DRV","KR4401WC63S4","코스피200 SP 2512-2603","1043","202512","1","0.6"
"20251211","DRV","KR4401WC63S4","코스피200 SP 2512-2603","1044","202512","1","0.6"
"20251211","DRV","KR4401WC63S4","코스피200 SP 2512-2603","1045","202512","1","0.6"
"20251211","DRV","KR4401WC63S4","코스피200 SP 2512-2603","1046","202512","1","0.6"
"20251211","DRV","KR4401WC63S4","코스피200 SP 2512-2603","1047","202512","1","0.6"
"20251211","DRV","KR4401WC63S4","코스피200 SP 2512-2603","1048","202512","1","0.65"
"20251211","DRV","KR4401WC63S4","코스피200 SP 2512-2603","1049","202512","1","0.65"
"20251211","DRV","KR4401WC63S4","코스피200 SP 2512-2603","1050","202512","1","0.65"
"20251211","DRV","KR4401WC63S4","코스피200 SP 2512-2603","1051","202512","1","0.65"
"20251211","DRV","KR4401WC63S4","코스피200 SP 2512-2603","1052","202512","1","0.65"
"20251211","DRV","KR4401WC63S4","코스피200 SP 2512-2603","1053","202512","1","0.6"
"20251211","DRV","KR4401WC63S4","코스피200 SP 2512-2603","1054","202512","1","0.65"
"20251211","DRV","KR4401WC63S4","코스피200 SP 2512-2603","1055","202512","1","0.6"
"20251211","DRV","KR4401WC63S4","코스피200 SP 2512-2603","1056","202512","1","0.65"
"20251211","DRV","KR4401WC63S4","코스피200 SP 2512-2603","1057","202512","1","0.6"
"20251211","DRV","KR4401WC63S4","코스피200 SP 2512-2603","1058","202512","1","0.6"
"20251211","DRV","KR4401WC63S4","코스피200 SP 2512-2603","1059","202512","1","0.6"
"20251211","DRV","KR4401WC63S4","코스피200 SP 2512-2603","1100","202512","1","0.65"
"20251211","DRV","KR4401WC63S4","코스피200 SP 2512-2603","1101","202512","1","0.65"
"20251211","DRV","KR4401WC63S4","코스피200 SP 2512-2603","1102","202512","1","0.65"
"20251211","DRV","KR4401WC63S4","코스피200 SP 2512-2603","1103","202512","1","0.65"
"20251211","DRV","KR4401WC63S4","코스피200 SP 2512-2603","1104","202512","1","0.65"
"20251211","DRV","KR4401WC63S4","코스피200 SP 2512-2603","1105","202512","1","0.6"
"20251211","DRV","KR4401WC63S4","코스피200 SP 2512-2603","1106","202512","1","0.65"
"20251211","DRV","KR4401WC63S4","코스피200 SP 2512-2603","1107","202512","1","0.6"
"20251211","DRV","KR4401WC63S4","코스피200 SP 2512-2603","1108","202512","1","0.65"
"20251211","DRV","KR4401WC63S4","코스피200 SP 2512-2603","1109","202512","1","0.6"
"20251211","DRV","KR4401WC63S4","코스피200 SP 2512-2603","1110","202512","1","0.6"
"20251211","DRV","KR4401WC63S4","코스피200 SP 2512-2603","1111","202512","1","0.65"
"20251211","DRV","KR4401WC63S4","코스피200 SP 2512-2603","1112","202512","1","0.6"
"20251211","DRV","KR4401WC63S4","코스피200 SP 2512-2603","1113","202512","1","0.55"
"20251211","DRV","KR4401WC63S4","코스피200 SP 2512-2603","1114","202512","1","0.55"
"20251211","DRV","KR4401WC63S4","코스피200 SP 2512-2603","1115","202512","1","0.55"
"20251211","DRV","KR4401WC63S4","코스피200 SP 2512-2603","1116","202512","1","0.6"
"20251211","DRV","KR4401WC63S4","코스피200 SP 2512-2603","1117","202512","1","0.6"
"20251211","DRV","KR4401WC63S4","코스피200 SP 2512-2603","1118","202512","1","0.65"
"20251211","DRV","KR4401WC63S4","코스피200 SP 2512-2603","1119","202512","1","0.6"
"20251211","DRV","KR4401WC63S4","코스피200 SP 2512-2603","1120","202512","1","0.6"
"20251211","DRV","KR4401WC63S4","코스피200 SP 2512-2603","1121","202512","1","0.6"
"20251211","DRV","KR4401WC63S4","코스피200 SP 2512-2603","1122","202512","1","0.65"
"20251211","DRV","KR4401WC63S4","코스피200 SP 2512-2603","1123","202512","1","0.6"
"20251211","DRV","KR4401WC63S4","코스피200 SP 2512-2603","1124","202512","1","0.6"
"20251211","DRV","KR4401WC63S4","코스피200 SP 2512-2603","1125","202512","1","0.6"
"20251211","DRV","KR4401WC63S4","코스피200 SP 2512-2603","1126","202512","1","0.65"
"20251211","DRV","KR4401WC63S4","코스피200 SP 2512-2603","1127","202512","1","0.6"
"20251211","DRV","KR4401WC63S4","코스피200 SP 2512-2603","1128","202512","1","0.6"
"20251211","DRV","KR4401WC63S4","코스피200 SP 2512-2603","1129","202512","1","0.65"
"20251211","DRV","KR4401WC63S4","코스피200 SP 2512-2603","1130","202512","1","0.65"
"20251211","DRV","KR4401WC63S4","코스피200 SP 2512-2603","1131","202512","1","0.65"
"20251211","DRV","KR4401WC63S4","코스피200 SP 2512-2603","1132","202512","1","0.6"
"20251211","DRV","KR4401WC63S4","코스피200 SP 2512-2603","1133","202512","1","0.6"
"20251211","DRV","KR4401WC63S4","코스피200 SP 2512-2603","1134","202512","1","0.6"
"20251211","DRV","KR4401WC63S4","코스피200 SP 2512-2603","1135","202512","1","0.65"
"20251211","DRV","KR4401WC63S4","코스피200 SP 2512-2603","1136","202512","1","0.6"
"20251211","DRV","KR4401WC63S4","코스피200 SP 2512-2603","1137","202512","1","0.6"
"20251211","DRV","KR4401WC63S4","코스피200 SP 2512-2603","1138","202512","1","0.6"
"20251211","DRV","KR4401WC63S4","코스피200 SP 2512-2603","1139","202512","1","0.6"
"20251211","DRV","KR4401WC63S4","코스피200 SP 2512-2603","1140","202512","1","0.6"
"20251211","DRV","KR4401WC63S4","코스피200 SP 2512-2603","1141","202512","1","0.6"
"20251211","DRV","KR4401WC63S4","코스피200 SP 2512-2603","1142","202512","1","0.6"
"20251211","DRV","KR4401WC63S4","코스피200 SP 2512-2603","1143","202512","1","0.65"
"20251211","DRV","KR4401WC63S4","코스피200 SP 2512-2603","1144","202512","1","0.6"
"20251211","DRV","KR4401WC63S4","코스피200 SP 2512-2603","1145","202512","1","0.65"
"20251211","DRV","KR4401WC63S4","코스피200 SP 2512-2603","1146","202512","1","0.6"
"20251211","DRV","KR4401WC63S4","코스피200 SP 2512-2603","1147","202512","1","0.65"
"20251211","DRV","KR4401WC63S4","코스피200 SP 2512-2603","1148","202512","1","0.65"
"20251211","DRV","KR4401WC63S4","코스피200 SP 2512-2603","1149","202512","1","0.65"
"20251211","DRV","KR4401WC63S4","코스피200 SP 2512-2603","1150","202512","1","0.6"
"20251211","DRV","KR4401WC63S4","코스피200 SP 2512-2603","1151","202512","1","0.6"
"20251211","DRV","KR4401WC63S4","코스피200 SP 2512-2603","1152","202512","1","0.6"
"20251211","DRV","KR4401WC63S4","코스피200 SP 2512-2603","1153","202512","1","0.6"
"20251211","DRV","KR4401WC63S4","코스피200 SP 2512-2603","1154","202512","1","0.6"
"20251211","DRV","KR4401WC63S4","코스피200 SP 2512-2603","1155","202512","1","0.6"
"20251211","DRV","KR4401WC63S4","코스피200 SP 2512-2603","1156","202512","1","0.6"
"20251211","DRV","KR4401WC63S4","코스피200 SP 2512-2603","1157","202512","1","0.55"
"20251211","DRV","KR4401WC63S4","코스피200 SP 2512-2603","1158","202512","1","0.6"
"20251211","DRV","KR4401WC63S4","코스피200 SP 2512-2603","1159","202512","1","0.6"
"20251211","DRV","KR4401WC63S4","코스피200 SP 2512-2603","1200","202512","1","0.6"
"20251211","DRV","KR4401WC63S4","코스피200 SP 2512-2603","1201","202512","1","0.6"
"20251211","DRV","KR4401WC63S4","코스피200 SP 2512-2603","1202","202512","1","0.6"
"20251211","DRV","KR4401WC63S4","코스피200 SP 2512-2603","1203","202512","1","0.6"
"20251211","DRV","KR4401WC63S4","코스피200 SP 2512-2603","1204","202512","1","0.55"
"20251211","DRV","KR4401WC63S4","코스피200 SP 2512-2603","1205","202512","1","0.55"
"20251211","DRV","KR4401WC63S4","코스피200 SP 2512-2603","1206","202512","1","0.55"
"20251211","DRV","KR4401WC63S4","코스피200 SP 2512-2603","1207","202512","1","0.55"
"20251211","DRV","KR4401WC63S4","코스피200 SP 2512-2603","1208","202512","1","0.6"
"20251211","DRV","KR4401WC63S4","코스피200 SP 2512-2603","1209","202512","1","0.55"
"20251211","DRV","KR4401WC63S4","코스피200 SP 2512-2603","1210","202512","1","0.55"
"20251211","DRV","KR4401WC63S4","코스피200 SP 2512-2603","1211","202512","1","0.55"
"20251211","DRV","KR4401WC63S4","코스피200 SP 2512-2603","1212","202512","1","0.55"
"20251211","DRV","KR4401WC63S4","코스피200 SP 2512-2603","1213","202512","1","0.6"
"20251211","DRV","KR4401WC63S4","코스피200 SP 2512-2603","1214","202512","1","0.55"
"20251211","DRV","KR4401WC63S4","코스피200 SP 2512-2603","1215","202512","1","0.6"
"20251211","DRV","KR4401WC63S4","코스피200 SP 2512-2603","1216","202512","1","0.55"
"20251211","DRV","KR4401WC63S4","코스피200 SP 2512-2603","1217","202512","1","0.6"
"20251211","DRV","KR4401WC63S4","코스피200 SP 2512-2603","1218","202512","1","0.55"
"20251211","DRV","KR4401WC63S4","코스피200 SP 2512-2603","1219","202512","1","0.55"
"20251211","DRV","KR4401WC63S4","코스피200 SP 2512-2603","1220","202512","1","0.6"
"20251211","DRV","KR4401WC63S4","코스피200 SP 2512-2603","1221","202512","1","0.6"
"20251211","DRV","KR4401WC63S4","코스피200 SP 2512-2603","1222","202512","1","0.6"
"20251211","DRV","KR4401WC63S4","코스피200 SP 2512-2603","1223","202512","1","0.55"
"20251211","DRV","KR4401WC63S4","코스피200 SP 2512-2603","1224","202512","1","0.6"
"20251211","DRV","KR4401WC63S4","코스피200 SP 2512-2603","1225","202512","1","0.6"
"20251211","DRV","KR4401WC63S4","코스피200 SP 2512-2603","1226","202512","1","0.55"
"20251211","DRV","KR4401WC63S4","코스피200 SP 2512-2603","1227","202512","1","0.55"
"20251211","DRV","KR4401WC63S4","코스피200 SP 2512-2603","1228","202512","1","0.55"
"20251211","DRV","KR4401WC63S4","코스피200 SP 2512-2603","1229","202512","1","0.55"
"20251211","DRV","KR4401WC63S4","코스피200 SP 2512-2603","1230","202512","1","0.6"
"20251211","DRV","KR4401WC63S4","코스피200 SP 2512-2603","1231","202512","1","0.55"
"20251211","DRV","KR4401WC63S4","코스피200 SP 2512-2603","1232","202512","1","0.55"
"20251211","DRV","KR4401WC63S4","코스피200 SP 2512-2603","1233","202512","1","0.6"
"20251211","DRV","KR4401WC63S4","코스피200 SP 2512-2603","1234","202512","1","0.6"
"20251211","DRV","KR4401WC63S4","코스피200 SP 2512-2603","1235","202512","1","0.6"
"20251211","DRV","KR4401WC63S4","코스피200 SP 2512-2603","1236","202512","1","0.6"
"20251211","DRV","KR4401WC63S4","코스피200 SP 2512-2603","1237","202512","1","0.6"
"20251211","DRV","KR4401WC63S4","코스피200 SP 2512-2603","1238","202512","1","0.6"
"20251211","DRV","KR4401WC63S4","코스피200 SP 2512-2603","1239","202512","1","0.6"
"20251211","DRV","KR4401WC63S4","코스피200 SP 2512-2603","1240","202512","1","0.55"
"20251211","DRV","KR4401WC63S4","코스피200 SP 2512-2603","1241","202512","1","0.55"
"20251211","DRV","KR4401WC63S4","코스피200 SP 2512-2603","1242","202512","1","0.6"
"20251211","DRV","KR4401WC63S4","코스피200 SP 2512-2603","1243","202512","1","0.6"
"20251211","DRV","KR4401WC63S4","코스피200 SP 2512-2603","1244","202512","1","0.6"
"20251211","DRV","KR4401WC63S4","코스피200 SP 2512-2603","1245","202512","1","0.55"
"20251211","DRV","KR4401WC63S4","코스피200 SP 2512-2603","1246","202512","1","0.55"
"20251211","DRV","KR4401WC63S4","코스피200 SP 2512-2603","1247","202512","1","0.55"
"20251211","DRV","KR4401WC63S4","코스피200 SP 2512-2603","1248","202512","1","0.6"
"20251211","DRV","KR4401WC63S4","코스피200 SP 2512-2603","1249","202512","1","0.55"
"20251211","DRV","KR4401WC63S4","코스피200 SP 2512-2603","1250","202512","1","0.6"
"20251211","DRV","KR4401WC63S4","코스피200 SP 2512-2603","1251","202512","1","0.6"
"20251211","DRV","KR4401WC63S4","코스피200 SP 2512-2603","1252","202512","1","0.6"
"20251211","DRV","KR4401WC63S4","코스피200 SP 2512-2603","1253","202512","1","0.6"
"20251211","DRV","KR4401WC63S4","코스피200 SP 2512-2603","1254","202512","1","0.55"
"20251211","DRV","KR4401WC63S4","코스피200 SP 2512-2603","1255","202512","1","0.6"
"20251211","DRV","KR4401WC63S4","코스피200 SP 2512-2603","1256","202512","1","0.6"
"20251211","DRV","KR4401WC63S4","코스피200 SP 2512-2603","1257","202512","1","0.6"
"20251211","DRV","KR4401WC63S4","코스피200 SP 2512-2603","1258","202512","1","0.55"
"20251211","DRV","KR4401WC63S4","코스피200 SP 2512-2603","1259","202512","1","0.55"
"20251211","DRV","KR4401WC63S4","코스피200 SP 2512-2603","1300","202512","1","0.6"
"20251211","DRV","KR4401WC63S4","코스피200 SP 2512-2603","1301","202512","1","0.55"
"20251211","DRV","KR4401WC63S4","코스피200 SP 2512-2603","1302","202512","1","0.55"
"20251211","DRV","KR4401WC63S4","코스피200 SP 2512-2603","1303","202512","1","0.55"
"20251211","DRV","KR4401WC63S4","코스피200 SP 2512-2603","1304","202512","1","0.6"
"20251211","DRV","KR4401WC63S4","코스피200 SP 2512-2603","1305","202512","1","0.6"
"20251211","DRV","KR4401WC63S4","코스피200 SP 2512-2603","1306","202512","1","0.55"
"20251211","DRV","KR4401WC63S4","코스피200 SP 2512-2603","1307","202512","1","0.6"
"20251211","DRV","KR4401WC63S4","코스피200 SP 2512-2603","1308","202512","1","0.6"
"20251211","DRV","KR4401WC63S4","코스피200 SP 2512-2603","1309","202512","1","0.55"
"20251211","DRV","KR4401WC63S4","코스피200 SP 2512-2603","1310","202512","1","0.6"
"20251211","DRV","KR4401WC63S4","코스피200 SP 2512-2603","1311","202512","1","0.6"
"20251211","DRV","KR4401WC63S4","코스피200 SP 2512-2603","1312","202512","1","0.65"
"20251211","DRV","KR4401WC63S4","코스피200 SP 2512-2603","1313","202512","1","0.6"
"20251211","DRV","KR4401WC63S4","코스피200 SP 2512-2603","1314","202512","1","0.65"
"20251211","DRV","KR4401WC63S4","코스피200 SP 2512-2603","1315","202512","1","0.65"
"20251211","DRV","KR4401WC63S4","코스피200 SP 2512-2603","1316","202512","1","0.6"
"20251211","DRV","KR4401WC63S4","코스피200 SP 2512-2603","1317","202512","1","0.65"
"20251211","DRV","KR4401WC63S4","코스피200 SP 2512-2603","1318","202512","1","0.65"
"20251211","DRV","KR4401WC63S4","코스피200 SP 2512-2603","1319","202512","1","0.65"
"20251211","DRV","KR4401WC63S4","코스피200 SP 2512-2603","1320","202512","1","0.65"
"20251211","DRV","KR4401WC63S4","코스피200 SP 2512-2603","1321","202512","1","0.65"
"20251211","DRV","KR4401WC63S4","코스피200 SP 2512-2603","1322","202512","1","0.6"
"20251211","DRV","KR4401WC63S4","코스피200 SP 2512-2603","1323","202512","1","0.65"
"20251211","DRV","KR4401WC63S4","코스피200 SP 2512-2603","1324","202512","1","0.65"
"20251211","DRV","KR4401WC63S4","코스피200 SP 2512-2603","1325","202512","1","0.6"
"20251211","DRV","KR4401WC63S4","코스피200 SP 2512-2603","1326","202512","1","0.6"
"20251211","DRV","KR4401WC63S4","코스피200 SP 2512-2603","1327","202512","1","0.6"
"20251211","DRV","KR4401WC63S4","코스피200 SP 2512-2603","1328","202512","1","0.65"
"20251211","DRV","KR4401WC63S4","코스피200 SP 2512-2603","1329","202512","1","0.6"
"20251211","DRV","KR4401WC63S4","코스피200 SP 2512-2603","1330","202512","1","0.65"
"20251211","DRV","KR4401WC63S4","코스피200 SP 2512-2603","1331","202512","1","0.65"
"20251211","DRV","KR4401WC63S4","코스피200 SP 2512-2603","1332","202512","1","0.6"
"20251211","DRV","KR4401WC63S4","코스피200 SP 2512-2603","1333","202512","1","0.65"
"20251211","DRV","KR4401WC63S4","코스피200 SP 2512-2603","1334","202512","1","0.6"
"20251211","DRV","KR4401WC63S4","코스피200 SP 2512-2603","1335","202512","1","0.65"
"20251211","DRV","KR4401WC63S4","코스피200 SP 2512-2603","1336","202512","1","0.65"
"20251211","DRV","KR4401WC63S4","코스피200 SP 2512-2603","1337","202512","1","0.6"
"20251211","DRV","KR4401WC63S4","코스피200 SP 2512-2603","1338","202512","1","0.6"
"20251211","DRV","KR4401WC63S4","코스피200 SP 2512-2603","1339","202512","1","0.65"
"20251211","DRV","KR4401WC63S4","코스피200 SP 2512-2603","1340","202512","1","0.65"
"20251211","DRV","KR4401WC63S4","코스피200 SP 2512-2603","1341","202512","1","0.65"
"20251211","DRV","KR4401WC63S4","코스피200 SP 2512-2603","1342","202512","1","0.6"
"20251211","DRV","KR4401WC63S4","코스피200 SP 2512-2603","1343","202512","1","0.6"
"20251211","DRV","KR4401WC63S4","코스피200 SP 2512-2603","1344","202512","1","0.65"
"20251211","DRV","KR4401WC63S4","코스피200 SP 2512-2603","1345","202512","1","0.65"
"20251211","DRV","KR4401WC63S4","코스피200 SP 2512-2603","1346","202512","1","0.65"
"20251211","DRV","KR4401WC63S4","코스피200 SP 2512-2603","1347","202512","1","0.65"
"20251211","DRV","KR4401WC63S4","코스피200 SP 2512-2603","1348","202512","1","0.65"
"20251211","DRV","KR4401WC63S4","코스피200 SP 2512-2603","1349","202512","1","0.65"
"20251211","DRV","KR4401WC63S4","코스피200 SP 2512-2603","1350","202512","1","0.6"
"20251211","DRV","KR4401WC63S4","코스피200 SP 2512-2603","1351","202512","1","0.65"
"20251211","DRV","KR4401WC63S4","코스피200 SP 2512-2603","1352","202512","1","0.6"
"20251211","DRV","KR4401WC63S4","코스피200 SP 2512-2603","1353","202512","1","0.65"
"20251211","DRV","KR4401WC63S4","코스피200 SP 2512-2603","1354","202512","1","0.6"
"20251211","DRV","KR4401WC63S4","코스피200 SP 2512-2603","1355","202512","1","0.6"
"20251211","DRV","KR4401WC63S4","코스피200 SP 2512-2603","1356","202512","1","0.65"
"20251211","DRV","KR4401WC63S4","코스피200 SP 2512-2603","1357","202512","1","0.6"
"20251211","DRV","KR4401WC63S4","코스피200 SP 2512-2603","1358","202512","1","0.65"
"20251211","DRV","KR4401WC63S4","코스피200 SP 2512-2603","1359","202512","1","0.65"
"20251211","DRV","KR4401WC63S4","코스피200 SP 2512-2603","1400","202512","1","0.6"
"20251211","DRV","KR4401WC63S4","코스피200 SP 2512-2603","1401","202512","1","0.6"
"20251211","DRV","KR4401WC63S4","코스피200 SP 2512-2603","1402","202512","1","0.6"
"20251211","DRV","KR4401WC63S4","코스피200 SP 2512-2603","1403","202512","1","0.6"
"20251211","DRV","KR4401WC63S4","코스피200 SP 2512-2603","1404","202512","1","0.6"
"20251211","DRV","KR4401WC63S4","코스피200 SP 2512-2603","1405","202512","1","0.6"
"20251211","DRV","KR4401WC63S4","코스피200 SP 2512-2603","1406","202512","1","0.6"
"20251211","DRV","KR4401WC63S4","코스피200 SP 2512-2603","1407","202512","1","0.65"
"20251211","DRV","KR4401WC63S4","코스피200 SP 2512-2603","1408","202512","1","0.6"
"20251211","DRV","KR4401WC63S4","코스피200 SP 2512-2603","1409","202512","1","0.6"
"20251211","DRV","KR4401WC63S4","코스피200 SP 2512-2603","1410","202512","1","0.6"
"20251211","DRV","KR4401WC63S4","코스피200 SP 2512-2603","1411","202512","1","0.6"
"20251211","DRV","KR4401WC63S4","코스피200 SP 2512-2603","1412","202512","1","0.6"
"20251211","DRV","KR4401WC63S4","코스피200 SP 2512-2603","1413","202512","1","0.65"
"20251211","DRV","KR4401WC63S4","코스피200 SP 2512-2603","1414","202512","1","0.65"
"20251211","DRV","KR4401WC63S4","코스피200 SP 2512-2603","1415","202512","1","0.6"
"20251211","DRV","KR4401WC63S4","코스피200 SP 2512-2603","1416","202512","1","0.6"
"20251211","DRV","KR4401WC63S4","코스피200 SP 2512-2603","1417","202512","1","0.65"
"20251211","DRV","KR4401WC63S4","코스피200 SP 2512-2603","1418","202512","1","0.65"
"20251211","DRV","KR4401WC63S4","코스피200 SP 2512-2603","1419","202512","1","0.6"
"20251211","DRV","KR4401WC63S4","코스피200 SP 2512-2603","1420","202512","1","0.6"
"20251211","DRV","KR4401WC63S4","코스피200 SP 2512-2603","1421","202512","1","0.6"
"20251211","DRV","KR4401WC63S4","코스피200 SP 2512-2603","1422","202512","1","0.6"
"20251211","DRV","KR4401WC63S4","코스피200 SP 2512-2603","1423","202512","1","0.6"
"20251211","DRV","KR4401WC63S4","코스피200 SP 2512-2603","1424","202512","1","0.65"
"20251211","DRV","KR4401WC63S4","코스피200 SP 2512-2603","1425","202512","1","0.65"
"20251211","DRV","KR4401WC63S4","코스피200 SP 2512-2603","1426","202512","1","0.6"
"20251211","DRV","KR4401WC63S4","코스피200 SP 2512-2603","1427","202512","1","0.65"
"20251211","DRV","KR4401WC63S4","코스피200 SP 2512-2603","1428","202512","1","0.65"
"20251211","DRV","KR4401WC63S4","코스피200 SP 2512-2603","1429","202512","1","0.6"
"20251211","DRV","KR4401WC63S4","코스피200 SP 2512-2603","1430","202512","1","0.65"
"20251211","DRV","KR4401WC63S4","코스피200 SP 2512-2603","1431","202512","1","0.6"
"20251211","DRV","KR4401WC63S4","코스피200 SP 2512-2603","1432","202512","1","0.6"
"20251211","DRV","KR4401WC63S4","코스피200 SP 2512-2603","1433","202512","1","0.6"
"20251211","DRV","KR4401WC63S4","코스피200 SP 2512-2603","1434","202512","1","0.6"
"20251211","DRV","KR4401WC63S4","코스피200 SP 2512-2603","1435","202512","1","0.65"
"20251211","DRV","KR4401WC63S4","코스피200 SP 2512-2603","1436","202512","1","0.65"
"20251211","DRV","KR4401WC63S4","코스피200 SP 2512-2603","1437","202512","1","0.6"
"20251211","DRV","KR4401WC63S4","코스피200 SP 2512-2603","1438","202512","1","0.6"
"20251211","DRV","KR4401WC63S4","코스피200 SP 2512-2603","1439","202512","1","0.6"
"20251211","DRV","KR4401WC63S4","코스피200 SP 2512-2603","1440","202512","1","0.6"
"20251211","DRV","KR4401WC63S4","코스피200 SP 2512-2603","1441","202512","1","0.6"
"20251211","DRV","KR4401WC63S4","코스피200 SP 2512-2603","1442","202512","1","0.65"
"20251211","DRV","KR4401WC63S4","코스피200 SP 2512-2603","1443","202512","1","0.6"
"20251211","DRV","KR4401WC63S4","코스피200 SP 2512-2603","1444","202512","1","0.65"
"20251211","DRV","KR4401WC63S4","코스피200 SP 2512-2603","1445","202512","1","0.6"
"20251211","DRV","KR4401WC63S4","코스피200 SP 2512-2603","1446","202512","1","0.65"
"20251211","DRV","KR4401WC63S4","코스피200 SP 2512-2603","1447","202512","1","0.6"
"20251211","DRV","KR4401WC63S4","코스피200 SP 2512-2603","1448","202512","1","0.65"
"20251211","DRV","KR4401WC63S4","코스피200 SP 2512-2603","1449","202512","1","0.7"
"20251211","DRV","KR4401WC63S4","코스피200 SP 2512-2603","1450","202512","1","0.65"
"20251211","DRV","KR4401WC63S4","코스피200 SP 2512-2603","1451","202512","1","0.7"
"20251211","DRV","KR4401WC63S4","코스피200 SP 2512-2603","1452","202512","1","0.65"
"20251211","DRV","KR4401WC63S4","코스피200 SP 2512-2603","1453","202512","1","0.65"
"20251211","DRV","KR4401WC63S4","코스피200 SP 2512-2603","1454","202512","1","0.7"
"20251211","DRV","KR4401WC63S4","코스피200 SP 2512-2603","1455","202512","1","0.7"
"20251211","DRV","KR4401WC63S4","코스피200 SP 2512-2603","1456","202512","1","0.7"
"20251211","DRV","KR4401WC63S4","코스피200 SP 2512-2603","1457","202512","1","0.7"
"20251211","DRV","KR4401WC63S4","코스피200 SP 2512-2603","1458","202512","1","0.7"
"20251211","DRV","KR4401WC63S4","코스피200 SP 2512-2603","1459","202512","1","0.75"
"20251211","DRV","KR4401WC63S4","코스피200 SP 2512-2603","1500","202512","1","0.75"
"20251211","DRV","KR4401WC63S4","코스피200 SP 2512-2603","1501","202512","1","0.7"
"20251211","DRV","KR4401WC63S4","코스피200 SP 2512-2603","1502","202512","1","0.7"
"20251211","DRV","KR4401WC63S4","코스피200 SP 2512-2603","1503","202512","1","0.7"
"20251211","DRV","KR4401WC63S4","코스피200 SP 2512-2603","1504","202512","1","0.75"
"20251211","DRV","KR4401WC63S4","코스피200 SP 2512-2603","1505","202512","1","0.75"
"20251211","DRV","KR4401WC63S4","코스피200 SP 2512-2603","1506","202512","1","0.85"
"20251211","DRV","KR4401WC63S4","코스피200 SP 2512-2603","1507","202512","1","0.8"
"20251211","DRV","KR4401WC63S4","코스피200 SP 2512-2603","1508","202512","1","0.8"
"20251211","DRV","KR4401WC63S4","코스피200 SP 2512-2603","1509","202512","1","0.8"
"20251211","DRV","KR4401WC63S4","코스피200 SP 2512-2603","1510","202512","1","0.8"
"20251211","DRV","KR4401WC63S4","코스피200 SP 2512-2603","1511","202512","1","0.8"
"20251211","DRV","KR4401WC63S4","코스피200 SP 2512-2603","1512","202512","1","0.8"
"20251211","DRV","KR4401WC63S4","코스피200 SP 2512-2603","1513","202512","1","0.8"
"20251211","DRV","KR4401WC63S4","코스피200 SP 2512-2603","1514","202512","1","0.75"
"20251211","DRV","KR4401WC63S4","코스피200 SP 2512-2603","1515","202512","1","0.8"
"20251211","DRV","KR4401WC63S4","코스피200 SP 2512-2603","1516","202512","1","0.8"
"20251211","DRV","KR4401WC63S4","코스피200 SP 2512-2603","1517","202512","1","0.8"
"20251211","DRV","KR4401WC63S4","코스피200 SP 2512-2603","1518","202512","1","0.8"
"20251211","DRV","KR4401WC63S4","코스피200 SP 2512-2603","1519","202512","1","0.75"
"20251211","DRV","KR4A01630008","코스피200 F 202603","0845","202603","2","590.9"
"20251211","DRV","KR4A01630008","코스피200 F 202603","0846","202603","2","591.75"
"20251211","DRV","KR4A01630008","코스피200 F 202603","0847","202603","2","592.1"
"20251211","DRV","KR4A01630008","코스피200 F 202603","0848","202603","2","591.65"
"20251211","DRV","KR4A01630008","코스피200 F 202603","0849","202603","2","591.45"
"20251211","DRV","KR4A01630008","코스피200 F 202603","0850","202603","2","590.75"
"20251211","DRV","KR4A01630008","코스피200 F 202603","0851","202603","2","590.5"
"20251211","DRV","KR4A01630008","코스피200 F 202603","0852","202603","2","590.75"
"20251211","DRV","KR4A01630008","코스피200 F 202603","0853","202603","2","590.45"
"20251211","DRV","KR4A01630008","코스피200 F 202603","0854","202603","2","590.65"
"20251211","DRV","KR4A01630008","코스피200 F 202603","0855","202603","2","590.65"
"20251211","DRV","KR4A01630008","코스피200 F 202603","0856","202603","2","591.15"
"20251211","DRV","KR4A01630008","코스피200 F 202603","0857","202603","2","591.2"
"20251211","DRV","KR4A01630008","코스피200 F 202603","0858","202603","2","591.85"
"20251211","DRV","KR4A01630008","코스피200 F 202603","0859","202603","2","590.8"
"20251211","DRV","KR4A01630008","코스피200 F 202603","0900","202603","2","588.7"
"20251211","DRV","KR4A01630008","코스피200 F 202603","0901","202603","2","588.45"
"20251211","DRV","KR4A01630008","코스피200 F 202603","0902","202603","2","589.4"
"20251211","DRV","KR4A01630008","코스피200 F 202603","0903","202603","2","590.3"
"20251211","DRV","KR4A01630008","코스피200 F 202603","0904","202603","2","590.55"
"20251211","DRV","KR4A01630008","코스피200 F 202603","0905","202603","2","589.85"
"20251211","DRV","KR4A01630008","코스피200 F 202603","0906","202603","2","589.65"
"20251211","DRV","KR4A01630008","코스피200 F 202603","0907","202603","2","589.35"
"20251211","DRV","KR4A01630008","코스피200 F 202603","0908","202603","2","589.6"
"20251211","DRV","KR4A01630008","코스피200 F 202603","0909","202603","2","589.8"
"20251211","DRV","KR4A01630008","코스피200 F 202603","0910","202603","2","590.55"
"20251211","DRV","KR4A01630008","코스피200 F 202603","0911","202603","2","590.4"
"20251211","DRV","KR4A01630008","코스피200 F 202603","0912","202603","2","590.4"
"20251211","DRV","KR4A01630008","코스피200 F 202603","0913","202603","2","591.3"
"20251211","DRV","KR4A01630008","코스피200 F 202603","0914","202603","2","591.6"
"20251211","DRV","KR4A01630008","코스피200 F 202603","0915","202603","2","591.35"
"20251211","DRV","KR4A01630008","코스피200 F 202603","0916","202603","2","591.2"
"20251211","DRV","KR4A01630008","코스피200 F 202603","0917","202603","2","591.15"
"20251211","DRV","KR4A01630008","코스피200 F 202603","0918","202603","2","591.05"
"20251211","DRV","KR4A01630008","코스피200 F 202603","0919","202603","2","591.15"
"20251211","DRV","KR4A01630008","코스피200 F 202603","0920","202603","2","591.1"
"20251211","DRV","KR4A01630008","코스피200 F 202603","0921","202603","2","591.55"
"20251211","DRV","KR4A01630008","코스피200 F 202603","0922","202603","2","591.8"
"20251211","DRV","KR4A01630008","코스피200 F 202603","0923","202603","2","591.7"
"20251211","DRV","KR4A01630008","코스피200 F 202603","0924","202603","2","591.45"
"20251211","DRV","KR4A01630008","코스피200 F 202603","0925","202603","2","591.85"
"20251211","DRV","KR4A01630008","코스피200 F 202603","0926","202603","2","591.7"
"20251211","DRV","KR4A01630008","코스피200 F 202603","0927","202603","2","591.4"
"20251211","DRV","KR4A01630008","코스피200 F 202603","0928","202603","2","591.35"
"20251211","DRV","KR4A01630008","코스피200 F 202603","0929","202603","2","590.75"
"20251211","DRV","KR4A01630008","코스피200 F 202603","0930","202603","2","590.65"
"20251211","DRV","KR4A01630008","코스피200 F 202603","0931","202603","2","590.35"
"20251211","DRV","KR4A01630008","코스피200 F 202603","0932","202603","2","590.1"
"20251211","DRV","KR4A01630008","코스피200 F 202603","0933","202603","2","590.65"
"20251211","DRV","KR4A01630008","코스피200 F 202603","0934","202603","2","590.4"
"20251211","DRV","KR4A01630008","코스피200 F 202603","0935","202603","2","590.2"
"20251211","DRV","KR4A01630008","코스피200 F 202603","0936","202603","2","590.45"
"20251211","DRV","KR4A01630008","코스피200 F 202603","0937","202603","2","590.35"
"20251211","DRV","KR4A01630008","코스피200 F 202603","0938","202603","2","590.15"
"20251211","DRV","KR4A01630008","코스피200 F 202603","0939","202603","2","590.1"
"20251211","DRV","KR4A01630008","코스피200 F 202603","0940","202603","2","590.2"
"20251211","DRV","KR4A01630008","코스피200 F 202603","0941","202603","2","590.25"
"20251211","DRV","KR4A01630008","코스피200 F 202603","0942","202603","2","590"
"20251211","DRV","KR4A01630008","코스피200 F 202603","0943","202603","2","590.3"
"20251211","DRV","KR4A01630008","코스피200 F 202603","0944","202603","2","590.2"
"20251211","DRV","KR4A01630008","코스피200 F 202603","0945","202603","2","589.95"
"20251211","DRV","KR4A01630008","코스피200 F 202603","0946","202603","2","589.9"
"20251211","DRV","KR4A01630008","코스피200 F 202603","0947","202603","2","589.75"
"20251211","DRV","KR4A01630008","코스피200 F 202603","0948","202603","2","589.4"
"20251211","DRV","KR4A01630008","코스피200 F 202603","0949","202603","2","589.3"
"20251211","DRV","KR4A01630008","코스피200 F 202603","0950","202603","2","589.2"
"20251211","DRV","KR4A01630008","코스피200 F 202603","0951","202603","2","589.3"
"20251211","DRV","KR4A01630008","코스피200 F 202603","0952","202603","2","589.45"
"20251211","DRV","KR4A01630008","코스피200 F 202603","0953","202603","2","589.65"
"20251211","DRV","KR4A01630008","코스피200 F 202603","0954","202603","2","589.7"
"20251211","DRV","KR4A01630008","코스피200 F 202603","0955","202603","2","590.15"
"20251211","DRV","KR4A01630008","코스피200 F 202603","0956","202603","2","589.85"
"20251211","DRV","KR4A01630008","코스피200 F 202603","0957","202603","2","590"
"20251211","DRV","KR4A01630008","코스피200 F 202603","0958","202603","2","589.8"
"20251211","DRV","KR4A01630008","코스피200 F 202603","0959","202603","2","589.6"
"20251211","DRV","KR4A01630008","코스피200 F 202603","1000","202603","2","589.6"
"20251211","DRV","KR4A01630008","코스피200 F 202603","1001","202603","2","589.2"
"20251211","DRV","KR4A01630008","코스피200 F 202603","1002","202603","2","589.05"
"20251211","DRV","KR4A01630008","코스피200 F 202603","1003","202603","2","589.5"
"20251211","DRV","KR4A01630008","코스피200 F 202603","1004","202603","2","589.5"
"20251211","DRV","KR4A01630008","코스피200 F 202603","1005","202603","2","589.15"
"20251211","DRV","KR4A01630008","코스피200 F 202603","1006","202603","2","589.45"
"20251211","DRV","KR4A01630008","코스피200 F 202603","1007","202603","2","589.95"
"20251211","DRV","KR4A01630008","코스피200 F 202603","1008","202603","2","589.7"
"20251211","DRV","KR4A01630008","코스피200 F 202603","1009","202603","2","589.95"
"20251211","DRV","KR4A01630008","코스피200 F 202603","1010","202603","2","590.05"
"20251211","DRV","KR4A01630008","코스피200 F 202603","1011","202603","2","590.35"
"20251211","DRV","KR4A01630008","코스피200 F 202603","1012","202603","2","590.6"
"20251211","DRV","KR4A01630008","코스피200 F 202603","1013","202603","2","590.75"
"20251211","DRV","KR4A01630008","코스피200 F 202603","1014","202603","2","590.65"
"20251211","DRV","KR4A01630008","코스피200 F 202603","1015","202603","2","590.9"
"20251211","DRV","KR4A01630008","코스피200 F 202603","1016","202603","2","591.05"
"20251211","DRV","KR4A01630008","코스피200 F 202603","1017","202603","2","590.7"
"20251211","DRV","KR4A01630008","코스피200 F 202603","1018","202603","2","590.3"
"20251211","DRV","KR4A01630008","코스피200 F 202603","1019","202603","2","590.25"
"20251211","DRV","KR4A01630008","코스피200 F 202603","1020","202603","2","590.3"
"20251211","DRV","KR4A01630008","코스피200 F 202603","1021","202603","2","589.85"
"20251211","DRV","KR4A01630008","코스피200 F 202603","1022","202603","2","589.9"
"20251211","DRV","KR4A01630008","코스피200 F 202603","1023","202603","2","589.85"
"20251211","DRV","KR4A01630008","코스피200 F 202603","1024","202603","2","589.85"
"20251211","DRV","KR4A01630008","코스피200 F 202603","1025","202603","2","589.65"
"20251211","DRV","KR4A01630008","코스피200 F 202603","1026","202603","2","589.65"
"20251211","DRV","KR4A01630008","코스피200 F 202603","1027","202603","2","589.6"
"20251211","DRV","KR4A01630008","코스피200 F 202603","1028","202603","2","589.85"
"20251211","DRV","KR4A01630008","코스피200 F 202603","1029","202603","2","589.65"
"20251211","DRV","KR4A01630008","코스피200 F 202603","1030","202603","2","589.7"
"20251211","DRV","KR4A01630008","코스피200 F 202603","1031","202603","2","589.85"
"20251211","DRV","KR4A01630008","코스피200 F 202603","1032","202603","2","589.7"
"20251211","DRV","KR4A01630008","코스피200 F 202603","1033","202603","2","589.8"
"20251211","DRV","KR4A01630008","코스피200 F 202603","1034","202603","2","590.45"
"20251211","DRV","KR4A01630008","코스피200 F 202603","1035","202603","2","590.75"
"20251211","DRV","KR4A01630008","코스피200 F 202603","1036","202603","2","590.35"
"20251211","DRV","KR4A01630008","코스피200 F 202603","1037","202603","2","590.6"
"20251211","DRV","KR4A01630008","코스피200 F 202603","1038","202603","2","590.85"
"20251211","DRV","KR4A01630008","코스피200 F 202603","1039","202603","2","590.6"
"20251211","DRV","KR4A01630008","코스피200 F 202603","1040","202603","2","590.65"
"20251211","DRV","KR4A01630008","코스피200 F 202603","1041","202603","2","590.5"
"20251211","DRV","KR4A01630008","코스피200 F 202603","1042","202603","2","590.6"
"20251211","DRV","KR4A01630008","코스피200 F 202603","1043","202603","2","590.6"
"20251211","DRV","KR4A01630008","코스피200 F 202603","1044","202603","2","590.65"
"20251211","DRV","KR4A01630008","코스피200 F 202603","1045","202603","2","590.55"
"20251211","DRV","KR4A01630008","코스피200 F 202603","1046","202603","2","590"
"20251211","DRV","KR4A01630008","코스피200 F 202603","1047","202603","2","589.9"
"20251211","DRV","KR4A01630008","코스피200 F 202603","1048","202603","2","589.75"
"20251211","DRV","KR4A01630008","코스피200 F 202603","1049","202603","2","589.75"
"20251211","DRV","KR4A01630008","코스피200 F 202603","1050","202603","2","589.75"
"20251211","DRV","KR4A01630008","코스피200 F 202603","1051","202603","2","589.55"
"20251211","DRV","KR4A01630008","코스피200 F 202603","1052","202603","2","589.65"
"20251211","DRV","KR4A01630008","코스피200 F 202603","1053","202603","2","589.7"
"20251211","DRV","KR4A01630008","코스피200 F 202603","1054","202603","2","589.65"
"20251211","DRV","KR4A01630008","코스피200 F 202603","1055","202603","2","589.6"
"20251211","DRV","KR4A01630008","코스피200 F 202603","1056","202603","2","589.25"
"20251211","DRV","KR4A01630008","코스피200 F 202603","1057","202603","2","589.1"
"20251211","DRV","KR4A01630008","코스피200 F 202603","1058","202603","2","589.1"
"20251211","DRV","KR4A01630008","코스피200 F 202603","1059","202603","2","588.8"
"20251211","DRV","KR4A01630008","코스피200 F 202603","1100","202603","2","589.05"
"20251211","DRV","KR4A01630008","코스피200 F 202603","1101","202603","2","588.75"
"20251211","DRV","KR4A01630008","코스피200 F 202603","1102","202603","2","588.85"
"20251211","DRV","KR4A01630008","코스피200 F 202603","1103","202603","2","588.65"
"20251211","DRV","KR4A01630008","코스피200 F 202603","1104","202603","2","588.6"
"20251211","DRV","KR4A01630008","코스피200 F 202603","1105","202603","2","588.1"
"20251211","DRV","KR4A01630008","코스피200 F 202603","1106","202603","2","587.8"
"20251211","DRV","KR4A01630008","코스피200 F 202603","1107","202603","2","587.65"
"20251211","DRV","KR4A01630008","코스피200 F 202603","1108","202603","2","587.5"
"20251211","DRV","KR4A01630008","코스피200 F 202603","1109","202603","2","587.65"
"20251211","DRV","KR4A01630008","코스피200 F 202603","1110","202603","2","588"
"20251211","DRV","KR4A01630008","코스피200 F 202603","1111","202603","2","587.75"
"20251211","DRV","KR4A01630008","코스피200 F 202603","1112","202603","2","587.55"
"20251211","DRV","KR4A01630008","코스피200 F 202603","1113","202603","2","587.65"
"20251211","DRV","KR4A01630008","코스피200 F 202603","1114","202603","2","587.65"
"20251211","DRV","KR4A01630008","코스피200 F 202603","1115","202603","2","587.85"
"20251211","DRV","KR4A01630008","코스피200 F 202603","1116","202603","2","587.3"
"20251211","DRV","KR4A01630008","코스피200 F 202603","1117","202603","2","587.35"
"20251211","DRV","KR4A01630008","코스피200 F 202603","1118","202603","2","587.15"
"20251211","DRV","KR4A01630008","코스피200 F 202603","1119","202603","2","587.4"
"20251211","DRV","KR4A01630008","코스피200 F 202603","1120","202603","2","587.6"
"20251211","DRV","KR4A01630008","코스피200 F 202603","1121","202603","2","587.8"
"20251211","DRV","KR4A01630008","코스피200 F 202603","1122","202603","2","587.6"
"20251211","DRV","KR4A01630008","코스피200 F 202603","1123","202603","2","587.55"
"20251211","DRV","KR4A01630008","코스피200 F 202603","1124","202603","2","587.45"
"20251211","DRV","KR4A01630008","코스피200 F 202603","1125","202603","2","587.85"
"20251211","DRV","KR4A01630008","코스피200 F 202603","1126","202603","2","587.55"
"20251211","DRV","KR4A01630008","코스피200 F 202603","1127","202603","2","587.5"
"20251211","DRV","KR4A01630008","코스피200 F 202603","1128","202603","2","587.2"
"20251211","DRV","KR4A01630008","코스피200 F 202603","1129","202603","2","587.1"
"20251211","DRV","KR4A01630008","코스피200 F 202603","1130","202603","2","587.15"
"20251211","DRV","KR4A01630008","코스피200 F 202603","1131","202603","2","586.95"
"20251211","DRV","KR4A01630008","코스피200 F 202603","1132","202603","2","586.5"
"20251211","DRV","KR4A01630008","코스피200 F 202603","1133","202603","2","586.4"
"20251211","DRV","KR4A01630008","코스피200 F 202603","1134","202603","2","586.25"
"20251211","DRV","KR4A01630008","코스피200 F 202603","1135","202603","2","586.45"
"20251211","DRV","KR4A01630008","코스피200 F 202603","1136","202603","2","586.1"
"20251211","DRV","KR4A01630008","코스피200 F 202603","1137","202603","2","585.95"
"20251211","DRV","KR4A01630008","코스피200 F 202603","1138","202603","2","585.8"
"20251211","DRV","KR4A01630008","코스피200 F 202603","1139","202603","2","585.85"
"20251211","DRV","KR4A01630008","코스피200 F 202603","1140","202603","2","585.65"
"20251211","DRV","KR4A01630008","코스피200 F 202603","1141","202603","2","585.8"
"20251211","DRV","KR4A01630008","코스피200 F 202603","1142","202603","2","585.65"
"20251211","DRV","KR4A01630008","코스피200 F 202603","1143","202603","2","585.5"
"20251211","DRV","KR4A01630008","코스피200 F 202603","1144","202603","2","585.65"
"20251211","DRV","KR4A01630008","코스피200 F 202603","1145","202603","2","585.4"
"20251211","DRV","KR4A01630008","코스피200 F 202603","1146","202603","2","585.2"
"20251211","DRV","KR4A01630008","코스피200 F 202603","1147","202603","2","584.75"
"20251211","DRV","KR4A01630008","코스피200 F 202603","1148","202603","2","584.55"
"20251211","DRV","KR4A01630008","코스피200 F 202603","1149","202603","2","584.4"
"20251211","DRV","KR4A01630008","코스피200 F 202603","1150","202603","2","584.5"
"20251211","DRV","KR4A01630008","코스피200 F 202603","1151","202603","2","584.4"
"20251211","DRV","KR4A01630008","코스피200 F 202603","1152","202603","2","584.55"
"20251211","DRV","KR4A01630008","코스피200 F 202603","1153","202603","2","584.35"
"20251211","DRV","KR4A01630008","코스피200 F 202603","1154","202603","2","584.15"
"20251211","DRV","KR4A01630008","코스피200 F 202603","1155","202603","2","583.9"
"20251211","DRV","KR4A01630008","코스피200 F 202603","1156","202603","2","583.8"
"20251211","DRV","KR4A01630008","코스피200 F 202603","1157","202603","2","583.3"
"20251211","DRV","KR4A01630008","코스피200 F 202603","1158","202603","2","583"
"20251211","DRV","KR4A01630008","코스피200 F 202603","1159","202603","2","582.65"
"20251211","DRV","KR4A01630008","코스피200 F 202603","1200","202603","2","583.1"
"20251211","DRV","KR4A01630008","코스피200 F 202603","1201","202603","2","582.55"
"20251211","DRV","KR4A01630008","코스피200 F 202603","1202","202603","2","581.5"
"20251211","DRV","KR4A01630008","코스피200 F 202603","1203","202603","2","581.7"
"20251211","DRV","KR4A01630008","코스피200 F 202603","1204","202603","2","581.35"
"20251211","DRV","KR4A01630008","코스피200 F 202603","1205","202603","2","581.8"
"20251211","DRV","KR4A01630008","코스피200 F 202603","1206","202603","2","582.2"
"20251211","DRV","KR4A01630008","코스피200 F 202603","1207","202603","2","582.2"
"20251211","DRV","KR4A01630008","코스피200 F 202603","1208","202603","2","581.65"
"20251211","DRV","KR4A01630008","코스피200 F 202603","1209","202603","2","581.2"
"20251211","DRV","KR4A01630008","코스피200 F 202603","1210","202603","2","581.25"
"20251211","DRV","KR4A01630008","코스피200 F 202603","1211","202603","2","581.1"
"20251211","DRV","KR4A01630008","코스피200 F 202603","1212","202603","2","581.05"
"20251211","DRV","KR4A01630008","코스피200 F 202603","1213","202603","2","581.2"
"20251211","DRV","KR4A01630008","코스피200 F 202603","1214","202603","2","581"
"20251211","DRV","KR4A01630008","코스피200 F 202603","1215","202603","2","581.45"
"20251211","DRV","KR4A01630008","코스피200 F 202603","1216","202603","2","581.65"
"20251211","DRV","KR4A01630008","코스피200 F 202603","1217","202603","2","581.75"
"20251211","DRV","KR4A01630008","코스피200 F 202603","1218","202603","2","582.05"
"20251211","DRV","KR4A01630008","코스피200 F 202603","1219","202603","2","582.3"
"20251211","DRV","KR4A01630008","코스피200 F 202603","1220","202603","2","581.85"
"20251211","DRV","KR4A01630008","코스피200 F 202603","1221","202603","2","581.6"
"20251211","DRV","KR4A01630008","코스피200 F 202603","1222","202603","2","582.1"
"20251211","DRV","KR4A01630008","코스피200 F 202603","1223","202603","2","582.3"
"20251211","DRV","KR4A01630008","코스피200 F 202603","1224","202603","2","582.45"
"20251211","DRV","KR4A01630008","코스피200 F 202603","1225","202603","2","582.9"
"20251211","DRV","KR4A01630008","코스피200 F 202603","1226","202603","2","582.8"
"20251211","DRV","KR4A01630008","코스피200 F 202603","1227","202603","2","582.35"
"20251211","DRV","KR4A01630008","코스피200 F 202603","1228","202603","2","582.55"
"20251211","DRV","KR4A01630008","코스피200 F 202603","1229","202603","2","582.45"
"20251211","DRV","KR4A01630008","코스피200 F 202603","1230","202603","2","582.1"
"20251211","DRV","KR4A01630008","코스피200 F 202603","1231","202603","2","581.55"
"20251211","DRV","KR4A01630008","코스피200 F 202603","1232","202603","2","581.45"
"20251211","DRV","KR4A01630008","코스피200 F 202603","1233","202603","2","581.15"
"20251211","DRV","KR4A01630008","코스피200 F 202603","1234","202603","2","580.8"
"20251211","DRV","KR4A01630008","코스피200 F 202603","1235","202603","2","580.65"
"20251211","DRV","KR4A01630008","코스피200 F 202603","1236","202603","2","581.8"
"20251211","DRV","KR4A01630008","코스피200 F 202603","1237","202603","2","581.45"
"20251211","DRV","KR4A01630008","코스피200 F 202603","1238","202603","2","581.35"
"20251211","DRV","KR4A01630008","코스피200 F 202603","1239","202603","2","581.55"
"20251211","DRV","KR4A01630008","코스피200 F 202603","1240","202603","2","581.5"
"20251211","DRV","KR4A01630008","코스피200 F 202603","1241","202603","2","582"
"20251211","DRV","KR4A01630008","코스피200 F 202603","1242","202603","2","582.35"
"20251211","DRV","KR4A01630008","코스피200 F 202603","1243","202603","2","582.5"
"20251211","DRV","KR4A01630008","코스피200 F 202603","1244","202603","2","582.6"
"20251211","DRV","KR4A01630008","코스피200 F 202603","1245","202603","2","582.55"
"20251211","DRV","KR4A01630008","코스피200 F 202603","1246","202603","2","582.85"
"20251211","DRV","KR4A01630008","코스피200 F 202603","1247","202603","2","583"
"20251211","DRV","KR4A01630008","코스피200 F 202603","1248","202603","2","583.3"
"20251211","DRV","KR4A01630008","코스피200 F 202603","1249","202603","2","583.4"
"20251211","DRV","KR4A01630008","코스피200 F 202603","1250","202603","2","583.55"
"20251211","DRV","KR4A01630008","코스피200 F 202603","1251","202603","2","583.55"
"20251211","DRV","KR4A01630008","코스피200 F 202603","1252","202603","2","583.15"
"20251211","DRV","KR4A01630008","코스피200 F 202603","1253","202603","2","583.25"
"20251211","DRV","KR4A01630008","코스피200 F 202603","1254","202603","2","583"
"20251211","DRV","KR4A01630008","코스피200 F 202603","1255","202603","2","583.3"
"20251211","DRV","KR4A01630008","코스피200 F 202603","1256","202603","2","583.2"
"20251211","DRV","KR4A01630008","코스피200 F 202603","1257","202603","2","583.4"
"20251211","DRV","KR4A01630008","코스피200 F 202603","1258","202603","2","583.45"
"20251211","DRV","KR4A01630008","코스피200 F 202603","1259","202603","2","583.6"
"20251211","DRV","KR4A01630008","코스피200 F 202603","1300","202603","2","583.55"
"20251211","DRV","KR4A01630008","코스피200 F 202603","1301","202603","2","583.3"
"20251211","DRV","KR4A01630008","코스피200 F 202603","1302","202603","2","583.25"
"20251211","DRV","KR4A01630008","코스피200 F 202603","1303","202603","2","582.9"
"20251211","DRV","KR4A01630008","코스피200 F 202603","1304","202603","2","583"
"20251211","DRV","KR4A01630008","코스피200 F 202603","1305","202603","2","583.2"
"20251211","DRV","KR4A01630008","코스피200 F 202603","1306","202603","2","583.25"
"20251211","DRV","KR4A01630008","코스피200 F 202603","1307","202603","2","583.3"
"20251211","DRV","KR4A01630008","코스피200 F 202603","1308","202603","2","583.75"
"20251211","DRV","KR4A01630008","코스피200 F 202603","1309","202603","2","583.95"
"20251211","DRV","KR4A01630008","코스피200 F 202603","1310","202603","2","584.35"
"20251211","DRV","KR4A01630008","코스피200 F 202603","1311","202603","2","584.3"
"20251211","DRV","KR4A01630008","코스피200 F 202603","1312","202603","2","584.5"
"20251211","DRV","KR4A01630008","코스피200 F 202603","1313","202603","2","584.75"
"20251211","DRV","KR4A01630008","코스피200 F 202603","1314","202603","2","584.5"
"20251211","DRV","KR4A01630008","코스피200 F 202603","1315","202603","2","584.25"
"20251211","DRV","KR4A01630008","코스피200 F 202603","1316","202603","2","584.55"
"20251211","DRV","KR4A01630008","코스피200 F 202603","1317","202603","2","584.85"
"20251211","DRV","KR4A01630008","코스피200 F 202603","1318","202603","2","584.7"
"20251211","DRV","KR4A01630008","코스피200 F 202603","1319","202603","2","584.9"
"20251211","DRV","KR4A01630008","코스피200 F 202603","1320","202603","2","584.5"
"20251211","DRV","KR4A01630008","코스피200 F 202603","1321","202603","2","584.65"
"20251211","DRV","KR4A01630008","코스피200 F 202603","1322","202603","2","584.3"
"20251211","DRV","KR4A01630008","코스피200 F 202603","1323","202603","2","584.3"
"20251211","DRV","KR4A01630008","코스피200 F 202603","1324","202603","2","584.5"
"20251211","DRV","KR4A01630008","코스피200 F 202603","1325","202603","2","584.6"
"20251211","DRV","KR4A01630008","코스피200 F 202603","1326","202603","2","584.7"
"20251211","DRV","KR4A01630008","코스피200 F 202603","1327","202603","2","584.75"
"20251211","DRV","KR4A01630008","코스피200 F 202603","1328","202603","2","584.65"
"20251211","DRV","KR4A01630008","코스피200 F 202603","1329","202603","2","584.9"
"20251211","DRV","KR4A01630008","코스피200 F 202603","1330","202603","2","585.2"
"20251211","DRV","KR4A01630008","코스피200 F 202603","1331","202603","2","585.35"
"20251211","DRV","KR4A01630008","코스피200 F 202603","1332","202603","2","585.25"
"20251211","DRV","KR4A01630008","코스피200 F 202603","1333","202603","2","585"
"20251211","DRV","KR4A01630008","코스피200 F 202603","1334","202603","2","584.9"
"20251211","DRV","KR4A01630008","코스피200 F 202603","1335","202603","2","584.75"
"20251211","DRV","KR4A01630008","코스피200 F 202603","1336","202603","2","584.8"
"20251211","DRV","KR4A01630008","코스피200 F 202603","1337","202603","2","584.85"
"20251211","DRV","KR4A01630008","코스피200 F 202603","1338","202603","2","584.85"
"20251211","DRV","KR4A01630008","코스피200 F 202603","1339","202603","2","585.1"
"20251211","DRV","KR4A01630008","코스피200 F 202603","1340","202603","2","585.3"
"20251211","DRV","KR4A01630008","코스피200 F 202603","1341","202603","2","585.35"
"20251211","DRV","KR4A01630008","코스피200 F 202603","1342","202603","2","585.25"
"20251211","DRV","KR4A01630008","코스피200 F 202603","1343","202603","2","585.05"
"20251211","DRV","KR4A01630008","코스피200 F 202603","1344","202603","2","585.1"
"20251211","DRV","KR4A01630008","코스피200 F 202603","1345","202603","2","585.2"
"20251211","DRV","KR4A01630008","코스피200 F 202603","1346","202603","2","585"
"20251211","DRV","KR4A01630008","코스피200 F 202603","1347","202603","2","585.2"
"20251211","DRV","KR4A01630008","코스피200 F 202603","1348","202603","2","585.25"
"20251211","DRV","KR4A01630008","코스피200 F 202603","1349","202603","2","585"
"20251211","DRV","KR4A01630008","코스피200 F 202603","1350","202603","2","585.1"
"20251211","DRV","KR4A01630008","코스피200 F 202603","1351","202603","2","585.05"
"20251211","DRV","KR4A01630008","코스피200 F 202603","1352","202603","2","584.9"
"20251211","DRV","KR4A01630008","코스피200 F 202603","1353","202603","2","584.25"
"20251211","DRV","KR4A01630008","코스피200 F 202603","1354","202603","2","584.15"
"20251211","DRV","KR4A01630008","코스피200 F 202603","1355","202603","2","583.85"
"20251211","DRV","KR4A01630008","코스피200 F 202603","1356","202603","2","583.7"
"20251211","DRV","KR4A01630008","코스피200 F 202603","1357","202603","2","583.6"
"20251211","DRV","KR4A01630008","코스피200 F 202603","1358","202603","2","583.35"
"20251211","DRV","KR4A01630008","코스피200 F 202603","1359","202603","2","583.35"
"20251211","DRV","KR4A01630008","코스피200 F 202603","1400","202603","2","583.55"
"20251211","DRV","KR4A01630008","코스피200 F 202603","1401","202603","2","583.9"
"20251211","DRV","KR4A01630008","코스피200 F 202603","1402","202603","2","583.75"
"20251211","DRV","KR4A01630008","코스피200 F 202603","1403","202603","2","583.7"
"20251211","DRV","KR4A01630008","코스피200 F 202603","1404","202603","2","583.6"
"20251211","DRV","KR4A01630008","코스피200 F 202603","1405","202603","2","583.3"
"20251211","DRV","KR4A01630008","코스피200 F 202603","1406","202603","2","583.4"
"20251211","DRV","KR4A01630008","코스피200 F 202603","1407","202603","2","583.25"
"20251211","DRV","KR4A01630008","코스피200 F 202603","1408","202603","2","583.45"
"20251211","DRV","KR4A01630008","코스피200 F 202603","1409","202603","2","583.65"
"20251211","DRV","KR4A01630008","코스피200 F 202603","1410","202603","2","583.35"
"20251211","DRV","KR4A01630008","코스피200 F 202603","1411","202603","2","583.6"
"20251211","DRV","KR4A01630008","코스피200 F 202603","1412","202603","2","583.65"
"20251211","DRV","KR4A01630008","코스피200 F 202603","1413","202603","2","583.35"
"20251211","DRV","KR4A01630008","코스피200 F 202603","1414","202603","2","583.45"
"20251211","DRV","KR4A01630008","코스피200 F 202603","1415","202603","2","583.95"
"20251211","DRV","KR4A01630008","코스피200 F 202603","1416","202603","2","583.8"
"20251211","DRV","KR4A01630008","코스피200 F 202603","1417","202603","2","584"
"20251211","DRV","KR4A01630008","코스피200 F 202603","1418","202603","2","583.95"
"20251211","DRV","KR4A01630008","코스피200 F 202603","1419","202603","2","583.75"
"20251211","DRV","KR4A01630008","코스피200 F 202603","1420","202603","2","583.95"
"20251211","DRV","KR4A01630008","코스피200 F 202603","1421","202603","2","583.85"
"20251211","DRV","KR4A01630008","코스피200 F 202603","1422","202603","2","583.65"
"20251211","DRV","KR4A01630008","코스피200 F 202603","1423","202603","2","583.6"
"20251211","DRV","KR4A01630008","코스피200 F 202603","1424","202603","2","583.5"
"20251211","DRV","KR4A01630008","코스피200 F 202603","1425","202603","2","583.8"
"20251211","DRV","KR4A01630008","코스피200 F 202603","1426","202603","2","583.7"
"20251211","DRV","KR4A01630008","코스피200 F 202603","1427","202603","2","583.1"
"20251211","DRV","KR4A01630008","코스피200 F 202603","1428","202603","2","583.1"
"20251211","DRV","KR4A01630008","코스피200 F 202603","1429","202603","2","583.05"
"20251211","DRV","KR4A01630008","코스피200 F 202603","1430","202603","2","583.35"
"20251211","DRV","KR4A01630008","코스피200 F 202603","1431","202603","2","583.3"
"20251211","DRV","KR4A01630008","코스피200 F 202603","1432","202603","2","583.15"
"20251211","DRV","KR4A01630008","코스피200 F 202603","1433","202603","2","583.2"
"20251211","DRV","KR4A01630008","코스피200 F 202603","1434","202603","2","583.05"
"20251211","DRV","KR4A01630008","코스피200 F 202603","1435","202603","2","583.15"
"20251211","DRV","KR4A01630008","코스피200 F 202603","1436","202603","2","583.05"
"20251211","DRV","KR4A01630008","코스피200 F 202603","1437","202603","2","583.75"
"20251211","DRV","KR4A01630008","코스피200 F 202603","1438","202603","2","583.8"
"20251211","DRV","KR4A01630008","코스피200 F 202603","1439","202603","2","584.05"
"20251211","DRV","KR4A01630008","코스피200 F 202603","1440","202603","2","584.35"
"20251211","DRV","KR4A01630008","코스피200 F 202603","1441","202603","2","584.1"
"20251211","DRV","KR4A01630008","코스피200 F 202603","1442","202603","2","584.25"
"20251211","DRV","KR4A01630008","코스피200 F 202603","1443","202603","2","584.15"
"20251211","DRV","KR4A01630008","코스피200 F 202603","1444","202603","2","583.9"
"20251211","DRV","KR4A01630008","코스피200 F 202603","1445","202603","2","584"
"20251211","DRV","KR4A01630008","코스피200 F 202603","1446","202603","2","583.4"
"20251211","DRV","KR4A01630008","코스피200 F 202603","1447","202603","2","583.6"
"20251211","DRV","KR4A01630008","코스피200 F 202603","1448","202603","2","583.5"
"20251211","DRV","KR4A01630008","코스피200 F 202603","1449","202603","2","583.6"
"20251211","DRV","KR4A01630008","코스피200 F 202603","1450","202603","2","583.9"
"20251211","DRV","KR4A01630008","코스피200 F 202603","1451","202603","2","583.65"
"20251211","DRV","KR4A01630008","코스피200 F 202603","1452","202603","2","583.35"
"20251211","DRV","KR4A01630008","코스피200 F 202603","1453","202603","2","582.85"
"20251211","DRV","KR4A01630008","코스피200 F 202603","1454","202603","2","582.7"
"20251211","DRV","KR4A01630008","코스피200 F 202603","1455","202603","2","582.6"
"20251211","DRV","KR4A01630008","코스피200 F 202603","1456","202603","2","582.6"
"20251211","DRV","KR4A01630008","코스피200 F 202603","1457","202603","2","582.7"
"20251211","DRV","KR4A01630008","코스피200 F 202603","1458","202603","2","582.6"
"20251211","DRV","KR4A01630008","코스피200 F 202603","1459","202603","2","582.5"
"20251211","DRV","KR4A01630008","코스피200 F 202603","1500","202603","2","582.7"
"20251211","DRV","KR4A01630008","코스피200 F 202603","1501","202603","2","582.8"
"20251211","DRV","KR4A01630008","코스피200 F 202603","1502","202603","2","582.55"
"20251211","DRV","KR4A01630008","코스피200 F 202603","1503","202603","2","582.2"
"20251211","DRV","KR4A01630008","코스피200 F 202603","1504","202603","2","582"
"20251211","DRV","KR4A01630008","코스피200 F 202603","1505","202603","2","581.75"
"20251211","DRV","KR4A01630008","코스피200 F 202603","1506","202603","2","581.4"
"20251211","DRV","KR4A01630008","코스피200 F 202603","1507","202603","2","581.25"
"20251211","DRV","KR4A01630008","코스피200 F 202603","1508","202603","2","581.3"
"20251211","DRV","KR4A01630008","코스피200 F 202603","1509","202603","2","581.35"
"20251211","DRV","KR4A01630008","코스피200 F 202603","1510","202603","2","581.15"
"20251211","DRV","KR4A01630008","코스피200 F 202603","1511","202603","2","581.2"
"20251211","DRV","KR4A01630008","코스피200 F 202603","1512","202603","2","581.15"
"20251211","DRV","KR4A01630008","코스피200 F 202603","1513","202603","2","581.35"
"20251211","DRV","KR4A01630008","코스피200 F 202603","1514","202603","2","581.3"
"20251211","DRV","KR4A01630008","코스피200 F 202603","1515","202603","2","581.45"
"20251211","DRV","KR4A01630008","코스피200 F 202603","1516","202603","2","581.5"
"20251211","DRV","KR4A01630008","코스피200 F 202603","1517","202603","2","581.4"
"20251211","DRV","KR4A01630008","코스피200 F 202603","1518","202603","2","581.2"
"20251211","DRV","KR4A01630008","코스피200 F 202603","1519","202603","2","581"
"20251211","DRV","KR4A01630008","코스피200 F 202603","1520","202603","2","581.1"
"20251211","DRV","KR4A01630008","코스피200 F 202603","1521","202603","2","580.55"
"20251211","DRV","KR4A01630008","코스피200 F 202603","1522","202603","2","580.15"
"20251211","DRV","KR4A01630008","코스피200 F 202603","1523","202603","2","579.75"
"20251211","DRV","KR4A01630008","코스피200 F 202603","1524","202603","2","579.2"
"20251211","DRV","KR4A01630008","코스피200 F 202603","1525","202603","2","578.95"
"20251211","DRV","KR4A01630008","코스피200 F 202603","1526","202603","2","579"
"20251211","DRV","KR4A01630008","코스피200 F 202603","1527","202603","2","579.15"
"20251211","DRV","KR4A01630008","코스피200 F 202603","1528","202603","2","579.45"
"20251211","DRV","KR4A01630008","코스피200 F 202603","1529","202603","2","580.1"
"20251211","DRV","KR4A01630008","코스피200 F 202603","1530","202603","2","579.65"
"20251211","DRV","KR4A01630008","코스피200 F 202603","1531","202603","2","579.6"
"20251211","DRV","KR4A01630008","코스피200 F 202603","1532","202603","2","579.45"
"20251211","DRV","KR4A01630008","코스피200 F 202603","1533","202603","2","579.5"
"20251211","DRV","KR4A01630008","코스피200 F 202603","1534","202603","2","579.55"
"20251211","DRV","KR4A01630008","코스피200 F 202603","1539","202603","2",
"20251211","DRV","KR4A01630008","코스피200 F 202603","1545","202603","2","579.9"
"20251211","DRV","KR4A01660005","코스피200 F 202606","1106","202606","3","588.2"
"20251211","DRV","KR4A01660005","코스피200 F 202606","1132","202606","3","586.9"
"20251211","DRV","KR4A01660005","코스피200 F 202606","1148","202606","3","584.9"
"20251211","DRV","KR4A01660005","코스피200 F 202606","1157","202606","3","584"
"20251211","DRV","KR4A01660005","코스피200 F 202606","1159","202606","3","583.05"
"20251211","DRV","KR4A01660005","코스피200 F 202606","1208","202606","3","581.6"
"20251211","DRV","KR4A01660005","코스피200 F 202606","1221","202606","3","582"
"20251211","DRV","KR4A01660005","코스피200 F 202606","1227","202606","3","582.95"
"20251211","DRV","KR4A01660005","코스피200 F 202606","1231","202606","3","582.1"
"20251211","DRV","KR4A01660005","코스피200 F 202606","1358","202606","3","583.65"
"20251211","DRV","KR4A01660005","코스피200 F 202606","1505","202606","3","582.2"
"20251211","DRV","KR4A01660005","코스피200 F 202606","1506","202606","3","581.6"
"20251211","DRV","KR4A01660005","코스피200 F 202606","1509","202606","3","581.6"
"20251211","DRV","KR4A01660005","코스피200 F 202606","1511","202606","3","581.7"
"20251211","DRV","KR4A01660005","코스피200 F 202606","1520","202606","3","581.15"
"20251211","DRV","KR4A01660005","코스피200 F 202606","1524","202606","3","580"
"20251211","DRV","KR4A01660005","코스피200 F 202606","1526","202606","3","580.9"
"20251211","DRV","KR4A01660005","코스피200 F 202606","1527","202606","3","579.75"
"20251211","DRV","KR4A01660005","코스피200 F 202606","1531","202606","3","579.75"
"20251211","DRV","KR4A01660005","코스피200 F 202606","1532","202606","3","580"
"20251211","DRV","KR4A01660005","코스피200 F 202606","1545","202606","3","578.35"
"20251211","DRV","KR4A01690002","코스피200 F 202609","1138","202609","4","585.6"
"20251211","DRV","KR4A01690002","코스피200 F 202609","1202","202609","4","583.9"
"20251211","DRV","KR4A01690002","코스피200 F 202609","1545","202609","4","580.95"