거래일자,시장ID,종목코드,종목명,시각,결제월,결제월번호,종가
"20250612","NDV","KR4101W60000","코스피200 F 202506","1800","202506","1","390.9"
"20250612","NDV","KR4101W60000","코스피200 F 202506","1801","202506","1","390.85"
"20250612","NDV","KR4101W60000","코스피200 F 202506","1802","202506","1","390.9"
"20250612","NDV","KR4101W60000","코스피200 F 202506","1803","202506","1","391.05"
"20250612","NDV","KR4101W60000","코스피200 F 202506","1804","202506","1","391.25"
"20250612","NDV","KR4101W60000","코스피200 F 202506","1805","202506","1","391.25"
"20250612","NDV","KR4101W60000","코스피200 F 202506","1806","202506","1","391.25"
"20250612","NDV","KR4101W60000","코스피200 F 202506","1807","202506","1","391.25"
"20250612","NDV","KR4101W60000","코스피200 F 202506","1808","202506","1","391.1"
"20250612","NDV","KR4101W60000","코스피200 F 202506","1809","202506","1","391.15"
"20250612","NDV","KR4101W60000","코스피200 F 202506","1810","202506","1","391.2"
"20250612","NDV","KR4101W60000","코스피200 F 202506","1811","202506","1","391.1"
"20250612","NDV","KR4101W60000","코스피200 F 202506","1812","202506","1","391.2"
"20250612","NDV","KR4101W60000","코스피200 F 202506","1813","202506","1","391.2"
"20250612","NDV","KR4101W60000","코스피200 F 202506","1814","202506","1","391.3"
"20250612","NDV","KR4101W60000","코스피200 F 202506","1815","202506","1","391.3"
"20250612","NDV","KR4101W60000","코스피200 F 202506","1816","202506","1","391.25"
"20250612","NDV","KR4101W60000","코스피200 F 202506","1817","202506","1","391.25"
"20250612","NDV","KR4101W60000","코스피200 F 202506","1818","202506","1","391.2"
"20250612","NDV","KR4101W60000","코스피200 F 202506","1819","202506","1","391.2"
"20250612","NDV","KR4101W60000","코스피200 F 202506","1820","202506","1","391.2"
"20250612","NDV","KR4101W60000","코스피200 F 202506","1821","202506","1","391.2"
"20250612","NDV","KR4101W60000","코스피200 F 202506","1822","202506","1","391.2"
"20250612","NDV","KR4101W60000","코스피200 F 202506","1823","202506","1","391.2"
"20250612","NDV","KR4101W60000","코스피200 F 202506","1824","202506","1","391.15"
"20250612","NDV","KR4101W60000","코스피200 F 202506","1825","202506","1","391.15"
"20250612","NDV","KR4101W60000","코스피200 F 202506","1826","202506","1","391.15"
"20250612","NDV","KR4101W60000","코스피200 F 202506","1827","202506","1","391.15"
"20250612","NDV","KR4101W60000","코스피200 F 202506","1828","202506","1","391.05"
"20250612","NDV","KR4101W60000","코스피200 F 202506","1829","202506","1","391.05"
"20250612","NDV","KR4101W60000","코스피200 F 202506","1830","202506","1","391.05"
"20250612","NDV","KR4101W60000","코스피200 F 202506","1831","202506","1","391.05"
"20250612","NDV","KR4101W60000","코스피200 F 202506","1832","202506","1","391.1"
"20250612","NDV","KR4101W60000","코스피200 F 202506","1833","202506","1","391.05"
"20250612","NDV","KR4101W60000","코스피200 F 202506","1834","202506","1","391"
"20250612","NDV","KR4101W60000","코스피200 F 202506","1835","202506","1","391.05"
"20250612","NDV","KR4101W60000","코스피200 F 202506","1836","202506","1","391.05"
"20250612","NDV","KR4101W60000","코스피200 F 202506","1837","202506","1","391"
"20250612","NDV","KR4101W60000","코스피200 F 202506","1838","202506","1","391"
"20250612","NDV","KR4101W60000","코스피200 F 202506","1839","202506","1","390.95"
"20250612","NDV","KR4101W60000","코스피200 F 202506","1840","202506","1","390.95"
"20250612","NDV","KR4101W60000","코스피200 F 202506","1841","202506","1","390.9"
"20250612","NDV","KR4101W60000","코스피200 F 202506","1842","202506","1","390.9"
"20250612","NDV","KR4101W60000","코스피200 F 202506","1843","202506","1","390.85"
"20250612","NDV","KR4101W60000","코스피200 F 202506","1844","202506","1","390.9"
"20250612","NDV","KR4101W60000","코스피200 F 202506","1845","202506","1","391"
"20250612","NDV","KR4101W60000","코스피200 F 202506","1846","202506","1","391.05"
"20250612","NDV","KR4101W60000","코스피200 F 202506","1847","202506","1","391.05"
"20250612","NDV","KR4101W60000","코스피200 F 202506","1848","202506","1","390.95"
"20250612","NDV","KR4101W60000","코스피200 F 202506","1849","202506","1","390.9"
"20250612","NDV","KR4101W60000","코스피200 F 202506","1850","202506","1","390.9"
"20250612","NDV","KR4101W60000","코스피200 F 202506","1851","202506","1","390.85"
"20250612","NDV","KR4101W60000","코스피200 F 202506","1852","202506","1","390.8"
"20250612","NDV","KR4101W60000","코스피200 F 202506","1853","202506","1","390.75"
"20250612","NDV","KR4101W60000","코스피200 F 202506","1854","202506","1","390.8"
"20250612","NDV","KR4101W60000","코스피200 F 202506","1855","202506","1","390.85"
"20250612","NDV","KR4101W60000","코스피200 F 202506","1856","202506","1","390.7"
"20250612","NDV","KR4101W60000","코스피200 F 202506","1857","202506","1","390.75"
"20250612","NDV","KR4101W60000","코스피200 F 202506","1858","202506","1","390.75"
"20250612","NDV","KR4101W60000","코스피200 F 202506","1859","202506","1","390.7"
"20250612","NDV","KR4101W60000","코스피200 F 202506","1900","202506","1","390.75"
"20250612","NDV","KR4101W60000","코스피200 F 202506","1901","202506","1","390.7"
"20250612","NDV","KR4101W60000","코스피200 F 202506","1902","202506","1","390.7"
"20250612","NDV","KR4101W60000","코스피200 F 202506","1903","202506","1","390.75"
"20250612","NDV","KR4101W60000","코스피200 F 202506","1904","202506","1","390.75"
"20250612","NDV","KR4101W60000","코스피200 F 202506","1905","202506","1","390.8"
"20250612","NDV","KR4101W60000","코스피200 F 202506","1906","202506","1","390.85"
"20250612","NDV","KR4101W60000","코스피200 F 202506","1907","202506","1","390.85"
"20250612","NDV","KR4101W60000","코스피200 F 202506","1908","202506","1","390.85"
"20250612","NDV","KR4101W60000","코스피200 F 202506","1909","202506","1","390.85"
"20250612","NDV","KR4101W60000","코스피200 F 202506","1910","202506","1","390.9"
"20250612","NDV","KR4101W60000","코스피200 F 202506","1911","202506","1","390.8"
"20250612","NDV","KR4101W60000","코스피200 F 202506","1912","202506","1","390.8"
"20250612","NDV","KR4101W60000","코스피200 F 202506","1914","202506","1","390.8"
"20250612","NDV","KR4101W60000","코스피200 F 202506","1915","202506","1","390.85"
"20250612","NDV","KR4101W60000","코스피200 F 202506","1916","202506","1","390.75"
"20250612","NDV","KR4101W60000","코스피200 F 202506","1917","202506","1","390.75"
"20250612","NDV","KR4101W60000","코스피200 F 202506","1918","202506","1","390.8"
"20250612","NDV","KR4101W60000","코스피200 F 202506","1919","202506","1","390.75"
"20250612","NDV","KR4101W60000","코스피200 F 202506","1920","202506","1","390.75"
"20250612","NDV","KR4101W60000","코스피200 F 202506","1921","202506","1","390.75"
"20250612","NDV","KR4101W60000","코스피200 F 202506","1923","202506","1","390.7"
"20250612","NDV","KR4101W60000","코스피200 F 202506","1924","202506","1","390.7"
"20250612","NDV","KR4101W60000","코스피200 F 202506","1925","202506","1","390.75"
"20250612","NDV","KR4101W60000","코스피200 F 202506","1926","202506","1","390.75"
"20250612","NDV","KR4101W60000","코스피200 F 202506","1927","202506","1","390.75"
"20250612","NDV","KR4101W60000","코스피200 F 202506","1928","202506","1","390.75"
"20250612","NDV","KR4101W60000","코스피200 F 202506","1929","202506","1","390.8"
"20250612","NDV","KR4101W60000","코스피200 F 202506","1930","202506","1","390.75"
"20250612","NDV","KR4101W60000","코스피200 F 202506","1931","202506","1","390.85"
"20250612","NDV","KR4101W60000","코스피200 F 202506","1932","202506","1","390.85"
"20250612","NDV","KR4101W60000","코스피200 F 202506","1933","202506","1","390.8"
"20250612","NDV","KR4101W60000","코스피200 F 202506","1935","202506","1","390.75"
"20250612","NDV","KR4101W60000","코스피200 F 202506","1936","202506","1","390.8"
"20250612","NDV","KR4101W60000","코스피200 F 202506","1937","202506","1","390.75"
"20250612","NDV","KR4101W60000","코스피200 F 202506","1938","202506","1","390.75"
"20250612","NDV","KR4101W60000","코스피200 F 202506","1939","202506","1","390.75"
"20250612","NDV","KR4101W60000","코스피200 F 202506","1940","202506","1","390.75"
"20250612","NDV","KR4101W60000","코스피200 F 202506","1941","202506","1","390.7"
"20250612","NDV","KR4101W60000","코스피200 F 202506","1942","202506","1","390.65"
"20250612","NDV","KR4101W60000","코스피200 F 202506","1944","202506","1","390.7"
"20250612","NDV","KR4101W60000","코스피200 F 202506","1945","202506","1","390.7"
"20250612","NDV","KR4101W60000","코스피200 F 202506","1947","202506","1","390.8"
"20250612","NDV","KR4101W60000","코스피200 F 202506","1948","202506","1","390.8"
"20250612","NDV","KR4101W60000","코스피200 F 202506","1949","202506","1","390.8"
"20250612","NDV","KR4101W60000","코스피200 F 202506","1950","202506","1","390.8"
"20250612","NDV","KR4101W60000","코스피200 F 202506","1951","202506","1","390.75"
"20250612","NDV","KR4101W60000","코스피200 F 202506","1952","202506","1","390.75"
"20250612","NDV","KR4101W60000","코스피200 F 202506","1953","202506","1","390.8"
"20250612","NDV","KR4101W60000","코스피200 F 202506","1954","202506","1","390.85"
"20250612","NDV","KR4101W60000","코스피200 F 202506","1955","202506","1","390.75"
"20250612","NDV","KR4101W60000","코스피200 F 202506","1956","202506","1","390.85"
"20250612","NDV","KR4101W60000","코스피200 F 202506","1957","202506","1","390.85"
"20250612","NDV","KR4101W60000","코스피200 F 202506","1958","202506","1","390.85"
"20250612","NDV","KR4101W60000","코스피200 F 202506","1959","202506","1","390.85"
"20250612","NDV","KR4101W60000","코스피200 F 202506","2000","202506","1","390.7"
"20250612","NDV","KR4101W60000","코스피200 F 202506","2001","202506","1","390.7"
"20250612","NDV","KR4101W60000","코스피200 F 202506","2002","202506","1","390.75"
"20250612","NDV","KR4101W60000","코스피200 F 202506","2003","202506","1","390.7"
"20250612","NDV","KR4101W60000","코스피200 F 202506","2004","202506","1","390.75"
"20250612","NDV","KR4101W60000","코스피200 F 202506","2005","202506","1","390.7"
"20250612","NDV","KR4101W60000","코스피200 F 202506","2006","202506","1","390.7"
"20250612","NDV","KR4101W60000","코스피200 F 202506","2008","202506","1","390.8"
"20250612","NDV","KR4101W60000","코스피200 F 202506","2009","202506","1","390.75"
"20250612","NDV","KR4101W60000","코스피200 F 202506","2010","202506","1","390.7"
"20250612","NDV","KR4101W60000","코스피200 F 202506","2011","202506","1","390.65"
"20250612","NDV","KR4101W60000","코스피200 F 202506","2012","202506","1","390.65"
"20250612","NDV","KR4101W60000","코스피200 F 202506","2013","202506","1","390.55"
"20250612","NDV","KR4101W60000","코스피200 F 202506","2014","202506","1","390.5"
"20250612","NDV","KR4101W60000","코스피200 F 202506","2015","202506","1","390.45"
"20250612","NDV","KR4101W60000","코스피200 F 202506","2016","202506","1","390.35"
"20250612","NDV","KR4101W60000","코스피200 F 202506","2017","202506","1","390.4"
"20250612","NDV","KR4101W60000","코스피200 F 202506","2018","202506","1","390.35"
"20250612","NDV","KR4101W60000","코스피200 F 202506","2019","202506","1","390.25"
"20250612","NDV","KR4101W60000","코스피200 F 202506","2020","202506","1","390.2"
"20250612","NDV","KR4101W60000","코스피200 F 202506","2021","202506","1","390.2"
"20250612","NDV","KR4101W60000","코스피200 F 202506","2022","202506","1","390.35"
"20250612","NDV","KR4101W60000","코스피200 F 202506","2023","202506","1","390.35"
"20250612","NDV","KR4101W60000","코스피200 F 202506","2024","202506","1","390.4"
"20250612","NDV","KR4101W60000","코스피200 F 202506","2025","202506","1","390.45"
"20250612","NDV","KR4101W60000","코스피200 F 202506","2026","202506","1","390.45"
"20250612","NDV","KR4101W60000","코스피200 F 202506","2027","202506","1","390.35"
"20250612","NDV","KR4101W60000","코스피200 F 202506","2028","202506","1","390.35"
"20250612","NDV","KR4101W60000","코스피200 F 202506","2029","202506","1","390.45"
"20250612","NDV","KR4101W60000","코스피200 F 202506","2030","202506","1","390.55"
"20250612","NDV","KR4101W60000","코스피200 F 202506","2031","202506","1","390.65"
"20250612","NDV","KR4101W60000","코스피200 F 202506","2032","202506","1","390.75"
"20250612","NDV","KR4101W60000","코스피200 F 202506","2033","202506","1","390.75"
"20250612","NDV","KR4101W60000","코스피200 F 202506","2034","202506","1","390.65"
"20250612","NDV","KR4101W60000","코스피200 F 202506","2035","202506","1","390.75"
"20250612","NDV","KR4101W60000","코스피200 F 202506","2036","202506","1","390.75"
"20250612","NDV","KR4101W60000","코스피200 F 202506","2037","202506","1","390.65"
"20250612","NDV","KR4101W60000","코스피200 F 202506","2038","202506","1","390.6"
"20250612","NDV","KR4101W60000","코스피200 F 202506","2040","202506","1","390.7"
"20250612","NDV","KR4101W60000","코스피200 F 202506","2041","202506","1","390.75"
"20250612","NDV","KR4101W60000","코스피200 F 202506","2042","202506","1","390.75"
"20250612","NDV","KR4101W60000","코스피200 F 202506","2043","202506","1","390.75"
"20250612","NDV","KR4101W60000","코스피200 F 202506","2045","202506","1","390.75"
"20250612","NDV","KR4101W60000","코스피200 F 202506","2046","202506","1","390.75"
"20250612","NDV","KR4101W60000","코스피200 F 202506","2047","202506","1","390.75"
"20250612","NDV","KR4101W60000","코스피200 F 202506","2048","202506","1","390.75"
"20250612","NDV","KR4101W60000","코스피200 F 202506","2049","202506","1","390.75"
"20250612","NDV","KR4101W60000","코스피200 F 202506","2050","202506","1","390.75"
"20250612","NDV","KR4101W60000","코스피200 F 202506","2052","202506","1","390.75"
"20250612","NDV","KR4101W60000","코스피200 F 202506","2053","202506","1","390.8"
"20250612","NDV","KR4101W60000","코스피200 F 202506","2054","202506","1","390.85"
"20250612","NDV","KR4101W60000","코스피200 F 202506","2055","202506","1","390.95"
"20250612","NDV","KR4101W60000","코스피200 F 202506","2056","202506","1","390.95"
"20250612","NDV","KR4101W60000","코스피200 F 202506","2057","202506","1","390.95"
"20250612","NDV","KR4101W60000","코스피200 F 202506","2058","202506","1","390.9"
"20250612","NDV","KR4101W60000","코스피200 F 202506","2059","202506","1","390.9"
"20250612","NDV","KR4101W60000","코스피200 F 202506","2100","202506","1","390.9"
"20250612","NDV","KR4101W60000","코스피200 F 202506","2102","202506","1","390.95"
"20250612","NDV","KR4101W60000","코스피200 F 202506","2103","202506","1","390.85"
"20250612","NDV","KR4101W60000","코스피200 F 202506","2104","202506","1","390.95"
"20250612","NDV","KR4101W60000","코스피200 F 202506","2105","202506","1","390.85"
"20250612","NDV","KR4101W60000","코스피200 F 202506","2106","202506","1","391.1"
"20250612","NDV","KR4101W60000","코스피200 F 202506","2107","202506","1","390.85"
"20250612","NDV","KR4101W60000","코스피200 F 202506","2108","202506","1","390.8"
"20250612","NDV","KR4101W60000","코스피200 F 202506","2109","202506","1","390.85"
"20250612","NDV","KR4101W60000","코스피200 F 202506","2110","202506","1","391"
"20250612","NDV","KR4101W60000","코스피200 F 202506","2111","202506","1","391"
"20250612","NDV","KR4101W60000","코스피200 F 202506","2112","202506","1","391"
"20250612","NDV","KR4101W60000","코스피200 F 202506","2113","202506","1","391"
"20250612","NDV","KR4101W60000","코스피200 F 202506","2114","202506","1","391"
"20250612","NDV","KR4101W60000","코스피200 F 202506","2115","202506","1","390.95"
"20250612","NDV","KR4101W60000","코스피200 F 202506","2116","202506","1","390.8"
"20250612","NDV","KR4101W60000","코스피200 F 202506","2117","202506","1","390.9"
"20250612","NDV","KR4101W60000","코스피200 F 202506","2118","202506","1","390.85"
"20250612","NDV","KR4101W60000","코스피200 F 202506","2119","202506","1","390.85"
"20250612","NDV","KR4101W60000","코스피200 F 202506","2120","202506","1","390.85"
"20250612","NDV","KR4101W60000","코스피200 F 202506","2121","202506","1","391"
"20250612","NDV","KR4101W60000","코스피200 F 202506","2122","202506","1","390.95"
"20250612","NDV","KR4101W60000","코스피200 F 202506","2123","202506","1","390.95"
"20250612","NDV","KR4101W60000","코스피200 F 202506","2124","202506","1","390.95"
"20250612","NDV","KR4101W60000","코스피200 F 202506","2125","202506","1","390.95"
"20250612","NDV","KR4101W60000","코스피200 F 202506","2126","202506","1","390.9"
"20250612","NDV","KR4101W60000","코스피200 F 202506","2127","202506","1","390.95"
"20250612","NDV","KR4101W60000","코스피200 F 202506","2128","202506","1","390.95"
"20250612","NDV","KR4101W60000","코스피200 F 202506","2129","202506","1","391"
"20250612","NDV","KR4101W60000","코스피200 F 202506","2130","202506","1","391.9"
"20250612","NDV","KR4101W60000","코스피200 F 202506","2131","202506","1","392.5"
"20250612","NDV","KR4101W60000","코스피200 F 202506","2132","202506","1","392.6"
"20250612","NDV","KR4101W60000","코스피200 F 202506","2133","202506","1","392.4"
"20250612","NDV","KR4101W60000","코스피200 F 202506","2134","202506","1","392.6"
"20250612","NDV","KR4101W60000","코스피200 F 202506","2135","202506","1","392.8"
"20250612","NDV","KR4101W60000","코스피200 F 202506","2136","202506","1","393.5"
"20250612","NDV","KR4101W60000","코스피200 F 202506","2137","202506","1","393.6"
"20250612","NDV","KR4101W60000","코스피200 F 202506","2138","202506","1","393.45"
"20250612","NDV","KR4101W60000","코스피200 F 202506","2139","202506","1","393.5"
"20250612","NDV","KR4101W60000","코스피200 F 202506","2140","202506","1","393.55"
"20250612","NDV","KR4101W60000","코스피200 F 202506","2141","202506","1","393.4"
"20250612","NDV","KR4101W60000","코스피200 F 202506","2142","202506","1","392.9"
"20250612","NDV","KR4101W60000","코스피200 F 202506","2143","202506","1","392.7"
"20250612","NDV","KR4101W60000","코스피200 F 202506","2144","202506","1","392.7"
"20250612","NDV","KR4101W60000","코스피200 F 202506","2145","202506","1","392.8"
"20250612","NDV","KR4101W60000","코스피200 F 202506","2146","202506","1","393"
"20250612","NDV","KR4101W60000","코스피200 F 202506","2147","202506","1","392.95"
"20250612","NDV","KR4101W60000","코스피200 F 202506","2148","202506","1","392.9"
"20250612","NDV","KR4101W60000","코스피200 F 202506","2149","202506","1","392.7"
"20250612","NDV","KR4101W60000","코스피200 F 202506","2150","202506","1","392.9"
"20250612","NDV","KR4101W60000","코스피200 F 202506","2151","202506","1","393.1"
"20250612","NDV","KR4101W60000","코스피200 F 202506","2152","202506","1","393.05"
"20250612","NDV","KR4101W60000","코스피200 F 202506","2153","202506","1","393"
"20250612","NDV","KR4101W60000","코스피200 F 202506","2154","202506","1","393"
"20250612","NDV","KR4101W60000","코스피200 F 202506","2155","202506","1","393"
"20250612","NDV","KR4101W60000","코스피200 F 202506","2156","202506","1","392.95"
"20250612","NDV","KR4101W60000","코스피200 F 202506","2157","202506","1","393"
"20250612","NDV","KR4101W60000","코스피200 F 202506","2158","202506","1","392.8"
"20250612","NDV","KR4101W60000","코스피200 F 202506","2159","202506","1","392.85"
"20250612","NDV","KR4101W60000","코스피200 F 202506","2200","202506","1","392.85"
"20250612","NDV","KR4101W60000","코스피200 F 202506","2201","202506","1","392.7"
"20250612","NDV","KR4101W60000","코스피200 F 202506","2202","202506","1","392.7"
"20250612","NDV","KR4101W60000","코스피200 F 202506","2203","202506","1","392.65"
"20250612","NDV","KR4101W60000","코스피200 F 202506","2204","202506","1","392.7"
"20250612","NDV","KR4101W60000","코스피200 F 202506","2205","202506","1","392.65"
"20250612","NDV","KR4101W60000","코스피200 F 202506","2206","202506","1","392.55"
"20250612","NDV","KR4101W60000","코스피200 F 202506","2207","202506","1","392.5"
"20250612","NDV","KR4101W60000","코스피200 F 202506","2208","202506","1","392.5"
"20250612","NDV","KR4101W60000","코스피200 F 202506","2209","202506","1","392.45"
"20250612","NDV","KR4101W60000","코스피200 F 202506","2210","202506","1","392.4"
"20250612","NDV","KR4101W60000","코스피200 F 202506","2211","202506","1","392.55"
"20250612","NDV","KR4101W60000","코스피200 F 202506","2212","202506","1","392.55"
"20250612","NDV","KR4101W60000","코스피200 F 202506","2213","202506","1","392.7"
"20250612","NDV","KR4101W60000","코스피200 F 202506","2214","202506","1","392.75"
"20250612","NDV","KR4101W60000","코스피200 F 202506","2215","202506","1","392.65"
"20250612","NDV","KR4101W60000","코스피200 F 202506","2216","202506","1","392.6"
"20250612","NDV","KR4101W60000","코스피200 F 202506","2217","202506","1","392.6"
"20250612","NDV","KR4101W60000","코스피200 F 202506","2218","202506","1","392.6"
"20250612","NDV","KR4101W60000","코스피200 F 202506","2219","202506","1","392.6"
"20250612","NDV","KR4101W60000","코스피200 F 202506","2220","202506","1","392.6"
"20250612","NDV","KR4101W60000","코스피200 F 202506","2221","202506","1","392.65"
"20250612","NDV","KR4101W60000","코스피200 F 202506","2222","202506","1","392.6"
"20250612","NDV","KR4101W60000","코스피200 F 202506","2223","202506","1","392.55"
"20250612","NDV","KR4101W60000","코스피200 F 202506","2224","202506","1","392.5"
"20250612","NDV","KR4101W60000","코스피200 F 202506","2225","202506","1","392.5"
"20250612","NDV","KR4101W60000","코스피200 F 202506","2226","202506","1","392.55"
"20250612","NDV","KR4101W60000","코스피200 F 202506","2227","202506","1","392.6"
"20250612","NDV","KR4101W60000","코스피200 F 202506","2228","202506","1","392.55"
"20250612","NDV","KR4101W60000","코스피200 F 202506","2229","202506","1","392.55"
"20250612","NDV","KR4101W60000","코스피200 F 202506","2230","202506","1","392.5"
"20250612","NDV","KR4101W60000","코스피200 F 202506","2231","202506","1","392.35"
"20250612","NDV","KR4101W60000","코스피200 F 202506","2232","202506","1","392.15"
"20250612","NDV","KR4101W60000","코스피200 F 202506","2233","202506","1","392.05"
"20250612","NDV","KR4101W60000","코스피200 F 202506","2234","202506","1","392.05"
"20250612","NDV","KR4101W60000","코스피200 F 202506","2235","202506","1","392"
"20250612","NDV","KR4101W60000","코스피200 F 202506","2236","202506","1","392.05"
"20250612","NDV","KR4101W60000","코스피200 F 202506","2237","202506","1","392.1"
"20250612","NDV","KR4101W60000","코스피200 F 202506","2238","202506","1","392.15"
"20250612","NDV","KR4101W60000","코스피200 F 202506","2239","202506","1","392.2"
"20250612","NDV","KR4101W60000","코스피200 F 202506","2240","202506","1","392.1"
"20250612","NDV","KR4101W60000","코스피200 F 202506","2241","202506","1","392.1"
"20250612","NDV","KR4101W60000","코스피200 F 202506","2242","202506","1","392.05"
"20250612","NDV","KR4101W60000","코스피200 F 202506","2243","202506","1","392"
"20250612","NDV","KR4101W60000","코스피200 F 202506","2244","202506","1","392.05"
"20250612","NDV","KR4101W60000","코스피200 F 202506","2245","202506","1","391.95"
"20250612","NDV","KR4101W60000","코스피200 F 202506","2246","202506","1","391.75"
"20250612","NDV","KR4101W60000","코스피200 F 202506","2247","202506","1","391.55"
"20250612","NDV","KR4101W60000","코스피200 F 202506","2248","202506","1","391.2"
"20250612","NDV","KR4101W60000","코스피200 F 202506","2249","202506","1","391.4"
"20250612","NDV","KR4101W60000","코스피200 F 202506","2250","202506","1","391.6"
"20250612","NDV","KR4101W60000","코스피200 F 202506","2251","202506","1","391.75"
"20250612","NDV","KR4101W60000","코스피200 F 202506","2252","202506","1","392"
"20250612","NDV","KR4101W60000","코스피200 F 202506","2253","202506","1","392.15"
"20250612","NDV","KR4101W60000","코스피200 F 202506","2254","202506","1","391.9"
"20250612","NDV","KR4101W60000","코스피200 F 202506","2255","202506","1","391.85"
"20250612","NDV","KR4101W60000","코스피200 F 202506","2256","202506","1","391.9"
"20250612","NDV","KR4101W60000","코스피200 F 202506","2257","202506","1","391.75"
"20250612","NDV","KR4101W60000","코스피200 F 202506","2258","202506","1","391.8"
"20250612","NDV","KR4101W60000","코스피200 F 202506","2259","202506","1","391.75"
"20250612","NDV","KR4101W60000","코스피200 F 202506","2300","202506","1","391.85"
"20250612","NDV","KR4101W60000","코스피200 F 202506","2301","202506","1","391.95"
"20250612","NDV","KR4101W60000","코스피200 F 202506","2302","202506","1","391.95"
"20250612","NDV","KR4101W60000","코스피200 F 202506","2303","202506","1","391.85"
"20250612","NDV","KR4101W60000","코스피200 F 202506","2304","202506","1","391.9"
"20250612","NDV","KR4101W60000","코스피200 F 202506","2305","202506","1","391.9"
"20250612","NDV","KR4101W60000","코스피200 F 202506","2306","202506","1","391.9"
"20250612","NDV","KR4101W60000","코스피200 F 202506","2307","202506","1","391.85"
"20250612","NDV","KR4101W60000","코스피200 F 202506","2308","202506","1","391.9"
"20250612","NDV","KR4101W60000","코스피200 F 202506","2309","202506","1","392"
"20250612","NDV","KR4101W60000","코스피200 F 202506","2310","202506","1","392"
"20250612","NDV","KR4101W60000","코스피200 F 202506","2311","202506","1","392.25"
"20250612","NDV","KR4101W60000","코스피200 F 202506","2312","202506","1","392.1"
"20250612","NDV","KR4101W60000","코스피200 F 202506","2313","202506","1","392.2"
"20250612","NDV","KR4101W60000","코스피200 F 202506","2314","202506","1","392.2"
"20250612","NDV","KR4101W60000","코스피200 F 202506","2315","202506","1","392.2"
"20250612","NDV","KR4101W60000","코스피200 F 202506","2316","202506","1","392.25"
"20250612","NDV","KR4101W60000","코스피200 F 202506","2317","202506","1","392.2"
"20250612","NDV","KR4101W60000","코스피200 F 202506","2318","202506","1","392.3"
"20250612","NDV","KR4101W60000","코스피200 F 202506","2319","202506","1","392.45"
"20250612","NDV","KR4101W60000","코스피200 F 202506","2320","202506","1","392.45"
"20250612","NDV","KR4101W60000","코스피200 F 202506","2321","202506","1","392.55"
"20250612","NDV","KR4101W60000","코스피200 F 202506","2322","202506","1","392.55"
"20250612","NDV","KR4101W60000","코스피200 F 202506","2323","202506","1","392.75"
"20250612","NDV","KR4101W60000","코스피200 F 202506","2324","202506","1","392.8"
"20250612","NDV","KR4101W60000","코스피200 F 202506","2325","202506","1","392.8"
"20250612","NDV","KR4101W60000","코스피200 F 202506","2326","202506","1","392.85"
"20250612","NDV","KR4101W60000","코스피200 F 202506","2327","202506","1","392.9"
"20250612","NDV","KR4101W60000","코스피200 F 202506","2328","202506","1","392.75"
"20250612","NDV","KR4101W60000","코스피200 F 202506","2329","202506","1","392.7"
"20250612","NDV","KR4101W60000","코스피200 F 202506","2330","202506","1","392.65"
"20250612","NDV","KR4101W60000","코스피200 F 202506","2331","202506","1","392.6"
"20250612","NDV","KR4101W60000","코스피200 F 202506","2332","202506","1","392.55"
"20250612","NDV","KR4101W60000","코스피200 F 202506","2333","202506","1","392.65"
"20250612","NDV","KR4101W60000","코스피200 F 202506","2334","202506","1","392.65"
"20250612","NDV","KR4101W60000","코스피200 F 202506","2335","202506","1","392.7"
"20250612","NDV","KR4101W60000","코스피200 F 202506","2336","202506","1","392.75"
"20250612","NDV","KR4101W60000","코스피200 F 202506","2337","202506","1","392.65"
"20250612","NDV","KR4101W60000","코스피200 F 202506","2338","202506","1","392.7"
"20250612","NDV","KR4101W60000","코스피200 F 202506","2339","202506","1","392.7"
"20250612","NDV","KR4101W60000","코스피200 F 202506","2340","202506","1","392.6"
"20250612","NDV","KR4101W60000","코스피200 F 202506","2341","202506","1","392.6"
"20250612","NDV","KR4101W60000","코스피200 F 202506","2342","202506","1","392.6"
"20250612","NDV","KR4101W60000","코스피200 F 202506","2343","202506","1","392.55"
"20250612","NDV","KR4101W60000","코스피200 F 202506","2344","202506","1","392.6"
"20250612","NDV","KR4101W60000","코스피200 F 202506","2345","202506","1","392.6"
"20250612","NDV","KR4101W60000","코스피200 F 202506","2346","202506","1","392.6"
"20250612","NDV","KR4101W60000","코스피200 F 202506","2347","202506","1","392.6"
"20250612","NDV","KR4101W60000","코스피200 F 202506","2348","202506","1","392.7"
"20250612","NDV","KR4101W60000","코스피200 F 202506","2349","202506","1","392.65"
"20250612","NDV","KR4101W60000","코스피200 F 202506","2350","202506","1","392.65"
"20250612","NDV","KR4101W60000","코스피200 F 202506","2351","202506","1","392.7"
"20250612","NDV","KR4101W60000","코스피200 F 202506","2352","202506","1","392.7"
"20250612","NDV","KR4101W60000","코스피200 F 202506","2353","202506","1","392.8"
"20250612","NDV","KR4101W60000","코스피200 F 202506","2354","202506","1","392.8"
"20250612","NDV","KR4101W60000","코스피200 F 202506","2355","202506","1","392.75"
"20250612","NDV","KR4101W60000","코스피200 F 202506","2356","202506","1","392.75"
"20250612","NDV","KR4101W60000","코스피200 F 202506","2357","202506","1","392.75"
"20250612","NDV","KR4101W60000","코스피200 F 202506","2358","202506","1","392.7"
"20250612","NDV","KR4101W60000","코스피200 F 202506","2359","202506","1","392.65"
"20250612","NDV","KR4101W60000","코스피200 F 202506","0000","202506","1","392.55"
"20250612","NDV","KR4101W60000","코스피200 F 202506","0001","202506","1","392.55"
"20250612","NDV","KR4101W60000","코스피200 F 202506","0002","202506","1","392.6"
"20250612","NDV","KR4101W60000","코스피200 F 202506","0003","202506","1","392.55"
"20250612","NDV","KR4101W60000","코스피200 F 202506","0004","202506","1","392.55"
"20250612","NDV","KR4101W60000","코스피200 F 202506","0005","202506","1","392.55"
"20250612","NDV","KR4101W60000","코스피200 F 202506","0006","202506","1","392.4"
"20250612","NDV","KR4101W60000","코스피200 F 202506","0007","202506","1","392.35"
"20250612","NDV","KR4101W60000","코스피200 F 202506","0008","202506","1","392.1"
"20250612","NDV","KR4101W60000","코스피200 F 202506","0009","202506","1","391.85"
"20250612","NDV","KR4101W60000","코스피200 F 202506","0010","202506","1","391.9"
"20250612","NDV","KR4101W60000","코스피200 F 202506","0011","202506","1","392.1"
"20250612","NDV","KR4101W60000","코스피200 F 202506","0012","202506","1","392.1"
"20250612","NDV","KR4101W60000","코스피200 F 202506","0013","202506","1","392.15"
"20250612","NDV","KR4101W60000","코스피200 F 202506","0014","202506","1","392.1"
"20250612","NDV","KR4101W60000","코스피200 F 202506","0015","202506","1","392.15"
"20250612","NDV","KR4101W60000","코스피200 F 202506","0016","202506","1","392.45"
"20250612","NDV","KR4101W60000","코스피200 F 202506","0017","202506","1","392.6"
"20250612","NDV","KR4101W60000","코스피200 F 202506","0018","202506","1","392.8"
"20250612","NDV","KR4101W60000","코스피200 F 202506","0019","202506","1","392.8"
"20250612","NDV","KR4101W60000","코스피200 F 202506","0020","202506","1","392.8"
"20250612","NDV","KR4101W60000","코스피200 F 202506","0021","202506","1","392.65"
"20250612","NDV","KR4101W60000","코스피200 F 202506","0022","202506","1","392.65"
"20250612","NDV","KR4101W60000","코스피200 F 202506","0023","202506","1","392.65"
"20250612","NDV","KR4101W60000","코스피200 F 202506","0024","202506","1","392.6"
"20250612","NDV","KR4101W60000","코스피200 F 202506","0025","202506","1","392.4"
"20250612","NDV","KR4101W60000","코스피200 F 202506","0026","202506","1","392.3"
"20250612","NDV","KR4101W60000","코스피200 F 202506","0027","202506","1","392.35"
"20250612","NDV","KR4101W60000","코스피200 F 202506","0028","202506","1","392.45"
"20250612","NDV","KR4101W60000","코스피200 F 202506","0029","202506","1","392.4"
"20250612","NDV","KR4101W60000","코스피200 F 202506","0030","202506","1","392.45"
"20250612","NDV","KR4101W60000","코스피200 F 202506","0031","202506","1","392.5"
"20250612","NDV","KR4101W60000","코스피200 F 202506","0032","202506","1","392.45"
"20250612","NDV","KR4101W60000","코스피200 F 202506","0033","202506","1","392.5"
"20250612","NDV","KR4101W60000","코스피200 F 202506","0034","202506","1","392.5"
"20250612","NDV","KR4101W60000","코스피200 F 202506","0035","202506","1","392.5"
"20250612","NDV","KR4101W60000","코스피200 F 202506","0036","202506","1","392.65"
"20250612","NDV","KR4101W60000","코스피200 F 202506","0037","202506","1","392.65"
"20250612","NDV","KR4101W60000","코스피200 F 202506","0039","202506","1","392.6"
"20250612","NDV","KR4101W60000","코스피200 F 202506","0040","202506","1","392.55"
"20250612","NDV","KR4101W60000","코스피200 F 202506","0041","202506","1","392.45"
"20250612","NDV","KR4101W60000","코스피200 F 202506","0042","202506","1","392.4"
"20250612","NDV","KR4101W60000","코스피200 F 202506","0043","202506","1","392.4"
"20250612","NDV","KR4101W60000","코스피200 F 202506","0044","202506","1","392.4"
"20250612","NDV","KR4101W60000","코스피200 F 202506","0045","202506","1","392.45"
"20250612","NDV","KR4101W60000","코스피200 F 202506","0046","202506","1","392.45"
"20250612","NDV","KR4101W60000","코스피200 F 202506","0047","202506","1","392.45"
"20250612","NDV","KR4101W60000","코스피200 F 202506","0048","202506","1","392.4"
"20250612","NDV","KR4101W60000","코스피200 F 202506","0049","202506","1","392.35"
"20250612","NDV","KR4101W60000","코스피200 F 202506","0050","202506","1","392.45"
"20250612","NDV","KR4101W60000","코스피200 F 202506","0051","202506","1","392.4"
"20250612","NDV","KR4101W60000","코스피200 F 202506","0052","202506","1","392.45"
"20250612","NDV","KR4101W60000","코스피200 F 202506","0053","202506","1","392.5"
"20250612","NDV","KR4101W60000","코스피200 F 202506","0055","202506","1","392.7"
"20250612","NDV","KR4101W60000","코스피200 F 202506","0056","202506","1","392.55"
"20250612","NDV","KR4101W60000","코스피200 F 202506","0057","202506","1","392.55"
"20250612","NDV","KR4101W60000","코스피200 F 202506","0058","202506","1","392.5"
"20250612","NDV","KR4101W60000","코스피200 F 202506","0059","202506","1","392.5"
"20250612","NDV","KR4101W60000","코스피200 F 202506","0100","202506","1","392.5"
"20250612","NDV","KR4101W60000","코스피200 F 202506","0101","202506","1","392.5"
"20250612","NDV","KR4101W60000","코스피200 F 202506","0102","202506","1","392.5"
"20250612","NDV","KR4101W60000","코스피200 F 202506","0103","202506","1","392.45"
"20250612","NDV","KR4101W60000","코스피200 F 202506","0104","202506","1","392.45"
"20250612","NDV","KR4101W60000","코스피200 F 202506","0105","202506","1","392.35"
"20250612","NDV","KR4101W60000","코스피200 F 202506","0106","202506","1","392.3"
"20250612","NDV","KR4101W60000","코스피200 F 202506","0107","202506","1","392.15"
"20250612","NDV","KR4101W60000","코스피200 F 202506","0108","202506","1","392.15"
"20250612","NDV","KR4101W60000","코스피200 F 202506","0109","202506","1","392.15"
"20250612","NDV","KR4101W60000","코스피200 F 202506","0110","202506","1","392.15"
"20250612","NDV","KR4101W60000","코스피200 F 202506","0111","202506","1","392"
"20250612","NDV","KR4101W60000","코스피200 F 202506","0112","202506","1","392"
"20250612","NDV","KR4101W60000","코스피200 F 202506","0113","202506","1","392.05"
"20250612","NDV","KR4101W60000","코스피200 F 202506","0114","202506","1","392"
"20250612","NDV","KR4101W60000","코스피200 F 202506","0115","202506","1","391.9"
"20250612","NDV","KR4101W60000","코스피200 F 202506","0116","202506","1","391.9"
"20250612","NDV","KR4101W60000","코스피200 F 202506","0117","202506","1","391.9"
"20250612","NDV","KR4101W60000","코스피200 F 202506","0118","202506","1","391.85"
"20250612","NDV","KR4101W60000","코스피200 F 202506","0119","202506","1","391.7"
"20250612","NDV","KR4101W60000","코스피200 F 202506","0120","202506","1","391.55"
"20250612","NDV","KR4101W60000","코스피200 F 202506","0121","202506","1","391.55"
"20250612","NDV","KR4101W60000","코스피200 F 202506","0122","202506","1","391.5"
"20250612","NDV","KR4101W60000","코스피200 F 202506","0123","202506","1","391.55"
"20250612","NDV","KR4101W60000","코스피200 F 202506","0124","202506","1","391.65"
"20250612","NDV","KR4101W60000","코스피200 F 202506","0125","202506","1","391.9"
"20250612","NDV","KR4101W60000","코스피200 F 202506","0126","202506","1","392.1"
"20250612","NDV","KR4101W60000","코스피200 F 202506","0127","202506","1","392.3"
"20250612","NDV","KR4101W60000","코스피200 F 202506","0128","202506","1","392.65"
"20250612","NDV","KR4101W60000","코스피200 F 202506","0129","202506","1","392.75"
"20250612","NDV","KR4101W60000","코스피200 F 202506","0130","202506","1","392.75"
"20250612","NDV","KR4101W60000","코스피200 F 202506","0131","202506","1","392.75"
"20250612","NDV","KR4101W60000","코스피200 F 202506","0132","202506","1","392.55"
"20250612","NDV","KR4101W60000","코스피200 F 202506","0133","202506","1","392.55"
"20250612","NDV","KR4101W60000","코스피200 F 202506","0134","202506","1","392.55"
"20250612","NDV","KR4101W60000","코스피200 F 202506","0135","202506","1","392.55"
"20250612","NDV","KR4101W60000","코스피200 F 202506","0136","202506","1","392.4"
"20250612","NDV","KR4101W60000","코스피200 F 202506","0137","202506","1","392.4"
"20250612","NDV","KR4101W60000","코스피200 F 202506","0139","202506","1","392.4"
"20250612","NDV","KR4101W60000","코스피200 F 202506","0140","202506","1","392.4"
"20250612","NDV","KR4101W60000","코스피200 F 202506","0141","202506","1","392.4"
"20250612","NDV","KR4101W60000","코스피200 F 202506","0142","202506","1","392.35"
"20250612","NDV","KR4101W60000","코스피200 F 202506","0143","202506","1","392.55"
"20250612","NDV","KR4101W60000","코스피200 F 202506","0144","202506","1","392.65"
"20250612","NDV","KR4101W60000","코스피200 F 202506","0145","202506","1","392.45"
"20250612","NDV","KR4101W60000","코스피200 F 202506","0146","202506","1","392.5"
"20250612","NDV","KR4101W60000","코스피200 F 202506","0147","202506","1","392.65"
"20250612","NDV","KR4101W60000","코스피200 F 202506","0148","202506","1","392.65"
"20250612","NDV","KR4101W60000","코스피200 F 202506","0149","202506","1","392.6"
"20250612","NDV","KR4101W60000","코스피200 F 202506","0150","202506","1","392.65"
"20250612","NDV","KR4101W60000","코스피200 F 202506","0151","202506","1","392.7"
"20250612","NDV","KR4101W60000","코스피200 F 202506","0152","202506","1","392.65"
"20250612","NDV","KR4101W60000","코스피200 F 202506","0153","202506","1","392.5"
"20250612","NDV","KR4101W60000","코스피200 F 202506","0154","202506","1","392.5"
"20250612","NDV","KR4101W60000","코스피200 F 202506","0155","202506","1","392.5"
"20250612","NDV","KR4101W60000","코스피200 F 202506","0156","202506","1","392.5"
"20250612","NDV","KR4101W60000","코스피200 F 202506","0158","202506","1","392.5"
"20250612","NDV","KR4101W60000","코스피200 F 202506","0159","202506","1","392.5"
"20250612","NDV","KR4101W60000","코스피200 F 202506","0200","202506","1","392.5"
"20250612","NDV","KR4101W60000","코스피200 F 202506","0201","202506","1","392.5"
"20250612","NDV","KR4101W60000","코스피200 F 202506","0202","202506","1","392.6"
"20250612","NDV","KR4101W60000","코스피200 F 202506","0203","202506","1","392.65"
"20250612","NDV","KR4101W60000","코스피200 F 202506","0204","202506","1","392.7"
"20250612","NDV","KR4101W60000","코스피200 F 202506","0205","202506","1","392.7"
"20250612","NDV","KR4101W60000","코스피200 F 202506","0206","202506","1","392.7"
"20250612","NDV","KR4101W60000","코스피200 F 202506","0207","202506","1","392.65"
"20250612","NDV","KR4101W60000","코스피200 F 202506","0208","202506","1","392.8"
"20250612","NDV","KR4101W60000","코스피200 F 202506","0209","202506","1","392.8"
"20250612","NDV","KR4101W60000","코스피200 F 202506","0210","202506","1","392.8"
"20250612","NDV","KR4101W60000","코스피200 F 202506","0211","202506","1","392.8"
"20250612","NDV","KR4101W60000","코스피200 F 202506","0212","202506","1","392.8"
"20250612","NDV","KR4101W60000","코스피200 F 202506","0213","202506","1","392.7"
"20250612","NDV","KR4101W60000","코스피200 F 202506","0215","202506","1","392.75"
"20250612","NDV","KR4101W60000","코스피200 F 202506","0216","202506","1","392.65"
"20250612","NDV","KR4101W60000","코스피200 F 202506","0217","202506","1","392.75"
"20250612","NDV","KR4101W60000","코스피200 F 202506","0218","202506","1","392.75"
"20250612","NDV","KR4101W60000","코스피200 F 202506","0219","202506","1","392.75"
"20250612","NDV","KR4101W60000","코스피200 F 202506","0220","202506","1","392.8"
"20250612","NDV","KR4101W60000","코스피200 F 202506","0221","202506","1","392.75"
"20250612","NDV","KR4101W60000","코스피200 F 202506","0222","202506","1","392.8"
"20250612","NDV","KR4101W60000","코스피200 F 202506","0223","202506","1","392.8"
"20250612","NDV","KR4101W60000","코스피200 F 202506","0224","202506","1","392.75"
"20250612","NDV","KR4101W60000","코스피200 F 202506","0225","202506","1","392.8"
"20250612","NDV","KR4101W60000","코스피200 F 202506","0226","202506","1","392.8"
"20250612","NDV","KR4101W60000","코스피200 F 202506","0227","202506","1","392.8"
"20250612","NDV","KR4101W60000","코스피200 F 202506","0229","202506","1","392.7"
"20250612","NDV","KR4101W60000","코스피200 F 202506","0230","202506","1","392.8"
"20250612","NDV","KR4101W60000","코스피200 F 202506","0233","202506","1","392.7"
"20250612","NDV","KR4101W60000","코스피200 F 202506","0234","202506","1","392.65"
"20250612","NDV","KR4101W60000","코스피200 F 202506","0235","202506","1","392.65"
"20250612","NDV","KR4101W60000","코스피200 F 202506","0236","202506","1","392.7"
"20250612","NDV","KR4101W60000","코스피200 F 202506","0237","202506","1","392.65"
"20250612","NDV","KR4101W60000","코스피200 F 202506","0238","202506","1","392.6"
"20250612","NDV","KR4101W60000","코스피200 F 202506","0240","202506","1","392.6"
"20250612","NDV","KR4101W60000","코스피200 F 202506","0241","202506","1","392.55"
"20250612","NDV","KR4101W60000","코스피200 F 202506","0242","202506","1","392.6"
"20250612","NDV","KR4101W60000","코스피200 F 202506","0243","202506","1","392.45"
"20250612","NDV","KR4101W60000","코스피200 F 202506","0244","202506","1","392.5"
"20250612","NDV","KR4101W60000","코스피200 F 202506","0245","202506","1","392.45"
"20250612","NDV","KR4101W60000","코스피200 F 202506","0247","202506","1","392.45"
"20250612","NDV","KR4101W60000","코스피200 F 202506","0248","202506","1","392.45"
"20250612","NDV","KR4101W60000","코스피200 F 202506","0249","202506","1","392.4"
"20250612","NDV","KR4101W60000","코스피200 F 202506","0250","202506","1","392.4"
"20250612","NDV","KR4101W60000","코스피200 F 202506","0251","202506","1","392.35"
"20250612","NDV","KR4101W60000","코스피200 F 202506","0252","202506","1","392.35"
"20250612","NDV","KR4101W60000","코스피200 F 202506","0253","202506","1","392.3"
"20250612","NDV","KR4101W60000","코스피200 F 202506","0254","202506","1","392.25"
"20250612","NDV","KR4101W60000","코스피200 F 202506","0255","202506","1","392.25"
"20250612","NDV","KR4101W60000","코스피200 F 202506","0256","202506","1","392.25"
"20250612","NDV","KR4101W60000","코스피200 F 202506","0258","202506","1","392.25"
"20250612","NDV","KR4101W60000","코스피200 F 202506","0259","202506","1","392.2"
"20250612","NDV","KR4101W60000","코스피200 F 202506","0300","202506","1","392.2"
"20250612","NDV","KR4101W60000","코스피200 F 202506","0301","202506","1","392.15"
"20250612","NDV","KR4101W60000","코스피200 F 202506","0302","202506","1","391.9"
"20250612","NDV","KR4101W60000","코스피200 F 202506","0303","202506","1","391.8"
"20250612","NDV","KR4101W60000","코스피200 F 202506","0304","202506","1","391.7"
"20250612","NDV","KR4101W60000","코스피200 F 202506","0305","202506","1","391.8"
"20250612","NDV","KR4101W60000","코스피200 F 202506","0306","202506","1","392.3"
"20250612","NDV","KR4101W60000","코스피200 F 202506","0307","202506","1","392.2"
"20250612","NDV","KR4101W60000","코스피200 F 202506","0308","202506","1","392.3"
"20250612","NDV","KR4101W60000","코스피200 F 202506","0309","202506","1","392.3"
"20250612","NDV","KR4101W60000","코스피200 F 202506","0310","202506","1","392"
"20250612","NDV","KR4101W60000","코스피200 F 202506","0311","202506","1","392.1"
"20250612","NDV","KR4101W60000","코스피200 F 202506","0312","202506","1","391.85"
"20250612","NDV","KR4101W60000","코스피200 F 202506","0313","202506","1","391.8"
"20250612","NDV","KR4101W60000","코스피200 F 202506","0314","202506","1","391.75"
"20250612","NDV","KR4101W60000","코스피200 F 202506","0315","202506","1","391.65"
"20250612","NDV","KR4101W60000","코스피200 F 202506","0316","202506","1","391.65"
"20250612","NDV","KR4101W60000","코스피200 F 202506","0317","202506","1","391.6"
"20250612","NDV","KR4101W60000","코스피200 F 202506","0318","202506","1","391.45"
"20250612","NDV","KR4101W60000","코스피200 F 202506","0319","202506","1","391.55"
"20250612","NDV","KR4101W60000","코스피200 F 202506","0320","202506","1","391.6"
"20250612","NDV","KR4101W60000","코스피200 F 202506","0321","202506","1","391.55"
"20250612","NDV","KR4101W60000","코스피200 F 202506","0322","202506","1","391.5"
"20250612","NDV","KR4101W60000","코스피200 F 202506","0323","202506","1","391.55"
"20250612","NDV","KR4101W60000","코스피200 F 202506","0324","202506","1","391.55"
"20250612","NDV","KR4101W60000","코스피200 F 202506","0325","202506","1","391.65"
"20250612","NDV","KR4101W60000","코스피200 F 202506","0326","202506","1","391.7"
"20250612","NDV","KR4101W60000","코스피200 F 202506","0327","202506","1","391.75"
"20250612","NDV","KR4101W60000","코스피200 F 202506","0328","202506","1","391.8"
"20250612","NDV","KR4101W60000","코스피200 F 202506","0329","202506","1","391.85"
"20250612","NDV","KR4101W60000","코스피200 F 202506","0330","202506","1","391.7"
"20250612","NDV","KR4101W60000","코스피200 F 202506","0331","202506","1","391.7"
"20250612","NDV","KR4101W60000","코스피200 F 202506","0332","202506","1","391.8"
"20250612","NDV","KR4101W60000","코스피200 F 202506","0333","202506","1","391.9"
"20250612","NDV","KR4101W60000","코스피200 F 202506","0334","202506","1","391.95"
"20250612","NDV","KR4101W60000","코스피200 F 202506","0335","202506","1","391.95"
"20250612","NDV","KR4101W60000","코스피200 F 202506","0336","202506","1","392"
"20250612","NDV","KR4101W60000","코스피200 F 202506","0337","202506","1","392.05"
"20250612","NDV","KR4101W60000","코스피200 F 202506","0338","202506","1","392"
"20250612","NDV","KR4101W60000","코스피200 F 202506","0339","202506","1","392.1"
"20250612","NDV","KR4101W60000","코스피200 F 202506","0340","202506","1","392.15"
"20250612","NDV","KR4101W60000","코스피200 F 202506","0341","202506","1","392.1"
"20250612","NDV","KR4101W60000","코스피200 F 202506","0342","202506","1","392.1"
"20250612","NDV","KR4101W60000","코스피200 F 202506","0343","202506","1","392.1"
"20250612","NDV","KR4101W60000","코스피200 F 202506","0344","202506","1","392.05"
"20250612","NDV","KR4101W60000","코스피200 F 202506","0345","202506","1","392.1"
"20250612","NDV","KR4101W60000","코스피200 F 202506","0346","202506","1","392.15"
"20250612","NDV","KR4101W60000","코스피200 F 202506","0347","202506","1","392.15"
"20250612","NDV","KR4101W60000","코스피200 F 202506","0348","202506","1","392.3"
"20250612","NDV","KR4101W60000","코스피200 F 202506","0349","202506","1","392.4"
"20250612","NDV","KR4101W60000","코스피200 F 202506","0350","202506","1","392.2"
"20250612","NDV","KR4101W60000","코스피200 F 202506","0351","202506","1","392.3"
"20250612","NDV","KR4101W60000","코스피200 F 202506","0352","202506","1","392.3"
"20250612","NDV","KR4101W60000","코스피200 F 202506","0353","202506","1","392.25"
"20250612","NDV","KR4101W60000","코스피200 F 202506","0354","202506","1","392.2"
"20250612","NDV","KR4101W60000","코스피200 F 202506","0355","202506","1","392.05"
"20250612","NDV","KR4101W60000","코스피200 F 202506","0356","202506","1","392"
"20250612","NDV","KR4101W60000","코스피200 F 202506","0357","202506","1","392.05"
"20250612","NDV","KR4101W60000","코스피200 F 202506","0358","202506","1","392"
"20250612","NDV","KR4101W60000","코스피200 F 202506","0359","202506","1","392.05"
"20250612","NDV","KR4101W60000","코스피200 F 202506","0400","202506","1","392.05"
"20250612","NDV","KR4101W60000","코스피200 F 202506","0401","202506","1","392.1"
"20250612","NDV","KR4101W60000","코스피200 F 202506","0402","202506","1","392.05"
"20250612","NDV","KR4101W60000","코스피200 F 202506","0403","202506","1","392.05"
"20250612","NDV","KR4101W60000","코스피200 F 202506","0404","202506","1","392.05"
"20250612","NDV","KR4101W60000","코스피200 F 202506","0405","202506","1","392"
"20250612","NDV","KR4101W60000","코스피200 F 202506","0406","202506","1","391.95"
"20250612","NDV","KR4101W60000","코스피200 F 202506","0407","202506","1","391.85"
"20250612","NDV","KR4101W60000","코스피200 F 202506","0408","202506","1","392"
"20250612","NDV","KR4101W60000","코스피200 F 202506","0409","202506","1","391.95"
"20250612","NDV","KR4101W60000","코스피200 F 202506","0410","202506","1","391.95"
"20250612","NDV","KR4101W60000","코스피200 F 202506","0411","202506","1","391.9"
"20250612","NDV","KR4101W60000","코스피200 F 202506","0413","202506","1","391.85"
"20250612","NDV","KR4101W60000","코스피200 F 202506","0414","202506","1","391.9"
"20250612","NDV","KR4101W60000","코스피200 F 202506","0415","202506","1","391.8"
"20250612","NDV","KR4101W60000","코스피200 F 202506","0416","202506","1","391.65"
"20250612","NDV","KR4101W60000","코스피200 F 202506","0417","202506","1","391.65"
"20250612","NDV","KR4101W60000","코스피200 F 202506","0419","202506","1","391.55"
"20250612","NDV","KR4101W60000","코스피200 F 202506","0420","202506","1","391.5"
"20250612","NDV","KR4101W60000","코스피200 F 202506","0421","202506","1","391.5"
"20250612","NDV","KR4101W60000","코스피200 F 202506","0422","202506","1","391.55"
"20250612","NDV","KR4101W60000","코스피200 F 202506","0423","202506","1","391.55"
"20250612","NDV","KR4101W60000","코스피200 F 202506","0424","202506","1","391.55"
"20250612","NDV","KR4101W60000","코스피200 F 202506","0425","202506","1","391.75"
"20250612","NDV","KR4101W60000","코스피200 F 202506","0426","202506","1","391.6"
"20250612","NDV","KR4101W60000","코스피200 F 202506","0427","202506","1","391.7"
"20250612","NDV","KR4101W60000","코스피200 F 202506","0428","202506","1","391.7"
"20250612","NDV","KR4101W60000","코스피200 F 202506","0429","202506","1","391.6"
"20250612","NDV","KR4101W60000","코스피200 F 202506","0430","202506","1","391.6"
"20250612","NDV","KR4101W60000","코스피200 F 202506","0431","202506","1","391.65"
"20250612","NDV","KR4101W60000","코스피200 F 202506","0432","202506","1","391.6"
"20250612","NDV","KR4101W60000","코스피200 F 202506","0433","202506","1","391.5"
"20250612","NDV","KR4101W60000","코스피200 F 202506","0434","202506","1","391.45"
"20250612","NDV","KR4101W60000","코스피200 F 202506","0435","202506","1","391.45"
"20250612","NDV","KR4101W60000","코스피200 F 202506","0436","202506","1","391.45"
"20250612","NDV","KR4101W60000","코스피200 F 202506","0437","202506","1","391.45"
"20250612","NDV","KR4101W60000","코스피200 F 202506","0438","202506","1","391.45"
"20250612","NDV","KR4101W60000","코스피200 F 202506","0440","202506","1","391.45"
"20250612","NDV","KR4101W60000","코스피200 F 202506","0441","202506","1","391.45"
"20250612","NDV","KR4101W60000","코스피200 F 202506","0442","202506","1","391.45"
"20250612","NDV","KR4101W60000","코스피200 F 202506","0443","202506","1","391.4"
"20250612","NDV","KR4101W60000","코스피200 F 202506","0445","202506","1","391.55"
"20250612","NDV","KR4101W60000","코스피200 F 202506","0447","202506","1","391.55"
"20250612","NDV","KR4101W60000","코스피200 F 202506","0448","202506","1","391.55"
"20250612","NDV","KR4101W60000","코스피200 F 202506","0449","202506","1","391.5"
"20250612","NDV","KR4101W60000","코스피200 F 202506","0450","202506","1","391.55"
"20250612","NDV","KR4101W60000","코스피200 F 202506","0451","202506","1","391.55"
"20250612","NDV","KR4101W60000","코스피200 F 202506","0452","202506","1","391.6"
"20250612","NDV","KR4101W60000","코스피200 F 202506","0453","202506","1","391.6"
"20250612","NDV","KR4101W60000","코스피200 F 202506","0454","202506","1","391.7"
"20250612","NDV","KR4101W60000","코스피200 F 202506","0455","202506","1","391.8"
"20250612","NDV","KR4101W60000","코스피200 F 202506","0456","202506","1","391.9"
"20250612","NDV","KR4101W60000","코스피200 F 202506","0457","202506","1","391.9"
"20250612","NDV","KR4101W60000","코스피200 F 202506","0458","202506","1","391.85"
"20250612","NDV","KR4101W60000","코스피200 F 202506","0459","202506","1","391.85"
"20250612","NDV","KR4101W60000","코스피200 F 202506","0500","202506","1","391.85"
"20250612","NDV","KR4101W60000","코스피200 F 202506","0502","202506","1","391.95"
"20250612","NDV","KR4101W60000","코스피200 F 202506","0503","202506","1","391.9"
"20250612","NDV","KR4101W60000","코스피200 F 202506","0504","202506","1","391.9"
"20250612","NDV","KR4101W60000","코스피200 F 202506","0505","202506","1","391.85"
"20250612","NDV","KR4101W60000","코스피200 F 202506","0506","202506","1","391.95"
"20250612","NDV","KR4101W60000","코스피200 F 202506","0507","202506","1","391.8"
"20250612","NDV","KR4101W60000","코스피200 F 202506","0508","202506","1","391.75"
"20250612","NDV","KR4101W60000","코스피200 F 202506","0509","202506","1","391.7"
"20250612","NDV","KR4101W60000","코스피200 F 202506","0510","202506","1","391.7"
"20250612","NDV","KR4101W60000","코스피200 F 202506","0511","202506","1","391.7"
"20250612","NDV","KR4101W60000","코스피200 F 202506","0512","202506","1","391.65"
"20250612","NDV","KR4101W60000","코스피200 F 202506","0513","202506","1","391.6"
"20250612","NDV","KR4101W60000","코스피200 F 202506","0514","202506","1","391.55"
"20250612","NDV","KR4101W60000","코스피200 F 202506","0515","202506","1","391.55"
"20250612","NDV","KR4101W60000","코스피200 F 202506","0516","202506","1","391.55"
"20250612","NDV","KR4101W60000","코스피200 F 202506","0518","202506","1","391.5"
"20250612","NDV","KR4101W60000","코스피200 F 202506","0519","202506","1","391.55"
"20250612","NDV","KR4101W60000","코스피200 F 202506","0520","202506","1","391.55"
"20250612","NDV","KR4101W60000","코스피200 F 202506","0521","202506","1","391.55"
"20250612","NDV","KR4101W60000","코스피200 F 202506","0523","202506","1","391.5"
"20250612","NDV","KR4101W60000","코스피200 F 202506","0524","202506","1","391.55"
"20250612","NDV","KR4101W60000","코스피200 F 202506","0525","202506","1","391.6"
"20250612","NDV","KR4101W60000","코스피200 F 202506","0526","202506","1","391.55"
"20250612","NDV","KR4101W60000","코스피200 F 202506","0527","202506","1","391.55"
"20250612","NDV","KR4101W60000","코스피200 F 202506","0528","202506","1","391.6"
"20250612","NDV","KR4101W60000","코스피200 F 202506","0529","202506","1","391.55"
"20250612","NDV","KR4101W60000","코스피200 F 202506","0530","202506","1","391.55"
"20250612","NDV","KR4101W60000","코스피200 F 202506","0531","202506","1","391.5"
"20250612","NDV","KR4101W60000","코스피200 F 202506","0532","202506","1","391.45"
"20250612","NDV","KR4101W60000","코스피200 F 202506","0533","202506","1","391.4"
"20250612","NDV","KR4101W60000","코스피200 F 202506","0534","202506","1","391.3"
"20250612","NDV","KR4101W60000","코스피200 F 202506","0535","202506","1","391.3"
"20250612","NDV","KR4101W60000","코스피200 F 202506","0538","202506","1","391.3"
"20250612","NDV","KR4101W60000","코스피200 F 202506","0540","202506","1","391.25"
"20250612","NDV","KR4101W60000","코스피200 F 202506","0541","202506","1","391.25"
"20250612","NDV","KR4101W60000","코스피200 F 202506","0542","202506","1","391.25"
"20250612","NDV","KR4101W60000","코스피200 F 202506","0543","202506","1","391.25"
"20250612","NDV","KR4101W60000","코스피200 F 202506","0546","202506","1","391.2"
"20250612","NDV","KR4101W60000","코스피200 F 202506","0547","202506","1","391.2"
"20250612","NDV","KR4101W60000","코스피200 F 202506","0548","202506","1","391.2"
"20250612","NDV","KR4101W60000","코스피200 F 202506","0549","202506","1","391.15"
"20250612","NDV","KR4101W60000","코스피200 F 202506","0600","202506","1","391.1"
"20250612","NDV","KR4101W90007","코스피200 F 202509","1800","202509","2","391.4"
"20250612","NDV","KR4101W90007","코스피200 F 202509","1801","202509","2","391.4"
"20250612","NDV","KR4101W90007","코스피200 F 202509","1802","202509","2","391.5"
"20250612","NDV","KR4101W90007","코스피200 F 202509","1803","202509","2","391.6"
"20250612","NDV","KR4101W90007","코스피200 F 202509","1804","202509","2","391.75"
"20250612","NDV","KR4101W90007","코스피200 F 202509","1805","202509","2","391.9"
"20250612","NDV","KR4101W90007","코스피200 F 202509","1806","202509","2","391.85"
"20250612","NDV","KR4101W90007","코스피200 F 202509","1807","202509","2","391.8"
"20250612","NDV","KR4101W90007","코스피200 F 202509","1808","202509","2","391.7"
"20250612","NDV","KR4101W90007","코스피200 F 202509","1809","202509","2","391.65"
"20250612","NDV","KR4101W90007","코스피200 F 202509","1810","202509","2","391.65"
"20250612","NDV","KR4101W90007","코스피200 F 202509","1811","202509","2","391.7"
"20250612","NDV","KR4101W90007","코스피200 F 202509","1812","202509","2","391.8"
"20250612","NDV","KR4101W90007","코스피200 F 202509","1813","202509","2","391.75"
"20250612","NDV","KR4101W90007","코스피200 F 202509","1814","202509","2","391.75"
"20250612","NDV","KR4101W90007","코스피200 F 202509","1815","202509","2","391.85"
"20250612","NDV","KR4101W90007","코스피200 F 202509","1816","202509","2","391.85"
"20250612","NDV","KR4101W90007","코스피200 F 202509","1817","202509","2","391.85"
"20250612","NDV","KR4101W90007","코스피200 F 202509","1818","202509","2","391.7"
"20250612","NDV","KR4101W90007","코스피200 F 202509","1819","202509","2","391.7"
"20250612","NDV","KR4101W90007","코스피200 F 202509","1820","202509","2","391.7"
"20250612","NDV","KR4101W90007","코스피200 F 202509","1821","202509","2","391.7"
"20250612","NDV","KR4101W90007","코스피200 F 202509","1822","202509","2","391.7"
"20250612","NDV","KR4101W90007","코스피200 F 202509","1823","202509","2","391.7"
"20250612","NDV","KR4101W90007","코스피200 F 202509","1826","202509","2","391.7"
"20250612","NDV","KR4101W90007","코스피200 F 202509","1827","202509","2","391.65"
"20250612","NDV","KR4101W90007","코스피200 F 202509","1828","202509","2","391.55"
"20250612","NDV","KR4101W90007","코스피200 F 202509","1829","202509","2","391.5"
"20250612","NDV","KR4101W90007","코스피200 F 202509","1831","202509","2","391.55"
"20250612","NDV","KR4101W90007","코스피200 F 202509","1832","202509","2","391.65"
"20250612","NDV","KR4101W90007","코스피200 F 202509","1833","202509","2","391.55"
"20250612","NDV","KR4101W90007","코스피200 F 202509","1834","202509","2","391.45"
"20250612","NDV","KR4101W90007","코스피200 F 202509","1835","202509","2","391.55"
"20250612","NDV","KR4101W90007","코스피200 F 202509","1837","202509","2","391.5"
"20250612","NDV","KR4101W90007","코스피200 F 202509","1838","202509","2","391.55"
"20250612","NDV","KR4101W90007","코스피200 F 202509","1841","202509","2","391.45"
"20250612","NDV","KR4101W90007","코스피200 F 202509","1842","202509","2","391.4"
"20250612","NDV","KR4101W90007","코스피200 F 202509","1844","202509","2","391.45"
"20250612","NDV","KR4101W90007","코스피200 F 202509","1845","202509","2","391.5"
"20250612","NDV","KR4101W90007","코스피200 F 202509","1846","202509","2","391.5"
"20250612","NDV","KR4101W90007","코스피200 F 202509","1847","202509","2","391.55"
"20250612","NDV","KR4101W90007","코스피200 F 202509","1849","202509","2","391.35"
"20250612","NDV","KR4101W90007","코스피200 F 202509","1850","202509","2","391.5"
"20250612","NDV","KR4101W90007","코스피200 F 202509","1851","202509","2","391.35"
"20250612","NDV","KR4101W90007","코스피200 F 202509","1852","202509","2","391.3"
"20250612","NDV","KR4101W90007","코스피200 F 202509","1853","202509","2","391.25"
"20250612","NDV","KR4101W90007","코스피200 F 202509","1855","202509","2","391.3"
"20250612","NDV","KR4101W90007","코스피200 F 202509","1856","202509","2","391.25"
"20250612","NDV","KR4101W90007","코스피200 F 202509","1857","202509","2","391.3"
"20250612","NDV","KR4101W90007","코스피200 F 202509","1858","202509","2","391.35"
"20250612","NDV","KR4101W90007","코스피200 F 202509","1859","202509","2","391.25"
"20250612","NDV","KR4101W90007","코스피200 F 202509","1900","202509","2","391.3"
"20250612","NDV","KR4101W90007","코스피200 F 202509","1901","202509","2","391.2"
"20250612","NDV","KR4101W90007","코스피200 F 202509","1902","202509","2","391.2"
"20250612","NDV","KR4101W90007","코스피200 F 202509","1903","202509","2","391.25"
"20250612","NDV","KR4101W90007","코스피200 F 202509","1904","202509","2","391.25"
"20250612","NDV","KR4101W90007","코스피200 F 202509","1906","202509","2","391.35"
"20250612","NDV","KR4101W90007","코스피200 F 202509","1907","202509","2","391.4"
"20250612","NDV","KR4101W90007","코스피200 F 202509","1910","202509","2","391.35"
"20250612","NDV","KR4101W90007","코스피200 F 202509","1911","202509","2","391.3"
"20250612","NDV","KR4101W90007","코스피200 F 202509","1913","202509","2","391.3"
"20250612","NDV","KR4101W90007","코스피200 F 202509","1914","202509","2","391.3"
"20250612","NDV","KR4101W90007","코스피200 F 202509","1917","202509","2","391.2"
"20250612","NDV","KR4101W90007","코스피200 F 202509","1918","202509","2","391.25"
"20250612","NDV","KR4101W90007","코스피200 F 202509","1921","202509","2","391.25"
"20250612","NDV","KR4101W90007","코스피200 F 202509","1928","202509","2","391.2"
"20250612","NDV","KR4101W90007","코스피200 F 202509","1929","202509","2","391.3"
"20250612","NDV","KR4101W90007","코스피200 F 202509","1931","202509","2","391.3"
"20250612","NDV","KR4101W90007","코스피200 F 202509","1932","202509","2","391.3"
"20250612","NDV","KR4101W90007","코스피200 F 202509","1937","202509","2","391.25"
"20250612","NDV","KR4101W90007","코스피200 F 202509","1944","202509","2","391.25"
"20250612","NDV","KR4101W90007","코스피200 F 202509","1947","202509","2","391.3"
"20250612","NDV","KR4101W90007","코스피200 F 202509","1949","202509","2","391.25"
"20250612","NDV","KR4101W90007","코스피200 F 202509","1950","202509","2","391.35"
"20250612","NDV","KR4101W90007","코스피200 F 202509","1951","202509","2","391.25"
"20250612","NDV","KR4101W90007","코스피200 F 202509","1953","202509","2","391.3"
"20250612","NDV","KR4101W90007","코스피200 F 202509","1954","202509","2","391.4"
"20250612","NDV","KR4101W90007","코스피200 F 202509","1955","202509","2","391.35"
"20250612","NDV","KR4101W90007","코스피200 F 202509","1956","202509","2","391.35"
"20250612","NDV","KR4101W90007","코스피200 F 202509","2000","202509","2","391.3"
"20250612","NDV","KR4101W90007","코스피200 F 202509","2002","202509","2","391.1"
"20250612","NDV","KR4101W90007","코스피200 F 202509","2003","202509","2","391.25"
"20250612","NDV","KR4101W90007","코스피200 F 202509","2008","202509","2","391.3"
"20250612","NDV","KR4101W90007","코스피200 F 202509","2009","202509","2","391.25"
"20250612","NDV","KR4101W90007","코스피200 F 202509","2011","202509","2","391.15"
"20250612","NDV","KR4101W90007","코스피200 F 202509","2013","202509","2","391.05"
"20250612","NDV","KR4101W90007","코스피200 F 202509","2014","202509","2","391"
"20250612","NDV","KR4101W90007","코스피200 F 202509","2015","202509","2","390.95"
"20250612","NDV","KR4101W90007","코스피200 F 202509","2018","202509","2","390.9"
"20250612","NDV","KR4101W90007","코스피200 F 202509","2019","202509","2","390.8"
"20250612","NDV","KR4101W90007","코스피200 F 202509","2020","202509","2","390.8"
"20250612","NDV","KR4101W90007","코스피200 F 202509","2021","202509","2","390.7"
"20250612","NDV","KR4101W90007","코스피200 F 202509","2022","202509","2","390.85"
"20250612","NDV","KR4101W90007","코스피200 F 202509","2023","202509","2","390.9"
"20250612","NDV","KR4101W90007","코스피200 F 202509","2024","202509","2","390.9"
"20250612","NDV","KR4101W90007","코스피200 F 202509","2025","202509","2","390.95"
"20250612","NDV","KR4101W90007","코스피200 F 202509","2026","202509","2","390.95"
"20250612","NDV","KR4101W90007","코스피200 F 202509","2028","202509","2","390.85"
"20250612","NDV","KR4101W90007","코스피200 F 202509","2029","202509","2","391"
"20250612","NDV","KR4101W90007","코스피200 F 202509","2030","202509","2","391.05"
"20250612","NDV","KR4101W90007","코스피200 F 202509","2031","202509","2","391.15"
"20250612","NDV","KR4101W90007","코스피200 F 202509","2032","202509","2","391.25"
"20250612","NDV","KR4101W90007","코스피200 F 202509","2033","202509","2","391.3"
"20250612","NDV","KR4101W90007","코스피200 F 202509","2034","202509","2","391.15"
"20250612","NDV","KR4101W90007","코스피200 F 202509","2035","202509","2","391.25"
"20250612","NDV","KR4101W90007","코스피200 F 202509","2036","202509","2","391.25"
"20250612","NDV","KR4101W90007","코스피200 F 202509","2037","202509","2","391.1"
"20250612","NDV","KR4101W90007","코스피200 F 202509","2040","202509","2","391.15"
"20250612","NDV","KR4101W90007","코스피200 F 202509","2041","202509","2","391.25"
"20250612","NDV","KR4101W90007","코스피200 F 202509","2044","202509","2","391.25"
"20250612","NDV","KR4101W90007","코스피200 F 202509","2046","202509","2","391.25"
"20250612","NDV","KR4101W90007","코스피200 F 202509","2053","202509","2","391.3"
"20250612","NDV","KR4101W90007","코스피200 F 202509","2054","202509","2","391.35"
"20250612","NDV","KR4101W90007","코스피200 F 202509","2056","202509","2","391.4"
"20250612","NDV","KR4101W90007","코스피200 F 202509","2057","202509","2","391.45"
"20250612","NDV","KR4101W90007","코스피200 F 202509","2058","202509","2","391.4"
"20250612","NDV","KR4101W90007","코스피200 F 202509","2059","202509","2","391.4"
"20250612","NDV","KR4101W90007","코스피200 F 202509","2100","202509","2","391.35"
"20250612","NDV","KR4101W90007","코스피200 F 202509","2102","202509","2","391.45"
"20250612","NDV","KR4101W90007","코스피200 F 202509","2103","202509","2","391.4"
"20250612","NDV","KR4101W90007","코스피200 F 202509","2104","202509","2","391.3"
"20250612","NDV","KR4101W90007","코스피200 F 202509","2105","202509","2","391.4"
"20250612","NDV","KR4101W90007","코스피200 F 202509","2106","202509","2","391.5"
"20250612","NDV","KR4101W90007","코스피200 F 202509","2107","202509","2","391.2"
"20250612","NDV","KR4101W90007","코스피200 F 202509","2108","202509","2","391.35"
"20250612","NDV","KR4101W90007","코스피200 F 202509","2109","202509","2","391.3"
"20250612","NDV","KR4101W90007","코스피200 F 202509","2110","202509","2","391.45"
"20250612","NDV","KR4101W90007","코스피200 F 202509","2111","202509","2","391.55"
"20250612","NDV","KR4101W90007","코스피200 F 202509","2112","202509","2","391.5"
"20250612","NDV","KR4101W90007","코스피200 F 202509","2113","202509","2","391.5"
"20250612","NDV","KR4101W90007","코스피200 F 202509","2114","202509","2","391.5"
"20250612","NDV","KR4101W90007","코스피200 F 202509","2115","202509","2","391.4"
"20250612","NDV","KR4101W90007","코스피200 F 202509","2119","202509","2","391.4"
"20250612","NDV","KR4101W90007","코스피200 F 202509","2120","202509","2","391.35"
"20250612","NDV","KR4101W90007","코스피200 F 202509","2121","202509","2","391.5"
"20250612","NDV","KR4101W90007","코스피200 F 202509","2123","202509","2","391.4"
"20250612","NDV","KR4101W90007","코스피200 F 202509","2124","202509","2","391.45"
"20250612","NDV","KR4101W90007","코스피200 F 202509","2126","202509","2","391.45"
"20250612","NDV","KR4101W90007","코스피200 F 202509","2129","202509","2","391.5"
"20250612","NDV","KR4101W90007","코스피200 F 202509","2130","202509","2","392.4"
"20250612","NDV","KR4101W90007","코스피200 F 202509","2131","202509","2","393"
"20250612","NDV","KR4101W90007","코스피200 F 202509","2132","202509","2","393"
"20250612","NDV","KR4101W90007","코스피200 F 202509","2133","202509","2","392.85"
"20250612","NDV","KR4101W90007","코스피200 F 202509","2134","202509","2","393"
"20250612","NDV","KR4101W90007","코스피200 F 202509","2135","202509","2","393.25"
"20250612","NDV","KR4101W90007","코스피200 F 202509","2136","202509","2","393.9"
"20250612","NDV","KR4101W90007","코스피200 F 202509","2137","202509","2","394.05"
"20250612","NDV","KR4101W90007","코스피200 F 202509","2138","202509","2","393.75"
"20250612","NDV","KR4101W90007","코스피200 F 202509","2139","202509","2","393.9"
"20250612","NDV","KR4101W90007","코스피200 F 202509","2140","202509","2","394.1"
"20250612","NDV","KR4101W90007","코스피200 F 202509","2141","202509","2","393.9"
"20250612","NDV","KR4101W90007","코스피200 F 202509","2142","202509","2","393.4"
"20250612","NDV","KR4101W90007","코스피200 F 202509","2143","202509","2","393.1"
"20250612","NDV","KR4101W90007","코스피200 F 202509","2144","202509","2","393.1"
"20250612","NDV","KR4101W90007","코스피200 F 202509","2145","202509","2","393.3"
"20250612","NDV","KR4101W90007","코스피200 F 202509","2146","202509","2","393.45"
"20250612","NDV","KR4101W90007","코스피200 F 202509","2147","202509","2","393.45"
"20250612","NDV","KR4101W90007","코스피200 F 202509","2148","202509","2","393.4"
"20250612","NDV","KR4101W90007","코스피200 F 202509","2149","202509","2","393.15"
"20250612","NDV","KR4101W90007","코스피200 F 202509","2150","202509","2","393.35"
"20250612","NDV","KR4101W90007","코스피200 F 202509","2151","202509","2","393.55"
"20250612","NDV","KR4101W90007","코스피200 F 202509","2152","202509","2","393.5"
"20250612","NDV","KR4101W90007","코스피200 F 202509","2153","202509","2","393.45"
"20250612","NDV","KR4101W90007","코스피200 F 202509","2155","202509","2","393.45"
"20250612","NDV","KR4101W90007","코스피200 F 202509","2156","202509","2","393.45"
"20250612","NDV","KR4101W90007","코스피200 F 202509","2157","202509","2","393.4"
"20250612","NDV","KR4101W90007","코스피200 F 202509","2158","202509","2","393.3"
"20250612","NDV","KR4101W90007","코스피200 F 202509","2159","202509","2","393.35"
"20250612","NDV","KR4101W90007","코스피200 F 202509","2201","202509","2","393.25"
"20250612","NDV","KR4101W90007","코스피200 F 202509","2202","202509","2","393.15"
"20250612","NDV","KR4101W90007","코스피200 F 202509","2203","202509","2","393.1"
"20250612","NDV","KR4101W90007","코스피200 F 202509","2204","202509","2","393.1"
"20250612","NDV","KR4101W90007","코스피200 F 202509","2205","202509","2","393.1"
"20250612","NDV","KR4101W90007","코스피200 F 202509","2206","202509","2","393"
"20250612","NDV","KR4101W90007","코스피200 F 202509","2207","202509","2","393"
"20250612","NDV","KR4101W90007","코스피200 F 202509","2208","202509","2","393"
"20250612","NDV","KR4101W90007","코스피200 F 202509","2209","202509","2","393"
"20250612","NDV","KR4101W90007","코스피200 F 202509","2210","202509","2","392.9"
"20250612","NDV","KR4101W90007","코스피200 F 202509","2211","202509","2","393"
"20250612","NDV","KR4101W90007","코스피200 F 202509","2212","202509","2","393"
"20250612","NDV","KR4101W90007","코스피200 F 202509","2213","202509","2","393.2"
"20250612","NDV","KR4101W90007","코스피200 F 202509","2214","202509","2","393.25"
"20250612","NDV","KR4101W90007","코스피200 F 202509","2215","202509","2","393.15"
"20250612","NDV","KR4101W90007","코스피200 F 202509","2216","202509","2","393.05"
"20250612","NDV","KR4101W90007","코스피200 F 202509","2217","202509","2","393.05"
"20250612","NDV","KR4101W90007","코스피200 F 202509","2218","202509","2","393.05"
"20250612","NDV","KR4101W90007","코스피200 F 202509","2219","202509","2","393.05"
"20250612","NDV","KR4101W90007","코스피200 F 202509","2221","202509","2","393.05"
"20250612","NDV","KR4101W90007","코스피200 F 202509","2222","202509","2","393.05"
"20250612","NDV","KR4101W90007","코스피200 F 202509","2223","202509","2","393.05"
"20250612","NDV","KR4101W90007","코스피200 F 202509","2224","202509","2","393"
"20250612","NDV","KR4101W90007","코스피200 F 202509","2225","202509","2","392.95"
"20250612","NDV","KR4101W90007","코스피200 F 202509","2226","202509","2","393"
"20250612","NDV","KR4101W90007","코스피200 F 202509","2227","202509","2","393.05"
"20250612","NDV","KR4101W90007","코스피200 F 202509","2228","202509","2","393.05"
"20250612","NDV","KR4101W90007","코스피200 F 202509","2229","202509","2","393"
"20250612","NDV","KR4101W90007","코스피200 F 202509","2230","202509","2","393"
"20250612","NDV","KR4101W90007","코스피200 F 202509","2231","202509","2","392.8"
"20250612","NDV","KR4101W90007","코스피200 F 202509","2232","202509","2","392.55"
"20250612","NDV","KR4101W90007","코스피200 F 202509","2233","202509","2","392.5"
"20250612","NDV","KR4101W90007","코스피200 F 202509","2234","202509","2","392.5"
"20250612","NDV","KR4101W90007","코스피200 F 202509","2235","202509","2","392.45"
"20250612","NDV","KR4101W90007","코스피200 F 202509","2236","202509","2","392.5"
"20250612","NDV","KR4101W90007","코스피200 F 202509","2237","202509","2","392.55"
"20250612","NDV","KR4101W90007","코스피200 F 202509","2238","202509","2","392.6"
"20250612","NDV","KR4101W90007","코스피200 F 202509","2239","202509","2","392.7"
"20250612","NDV","KR4101W90007","코스피200 F 202509","2240","202509","2","392.7"
"20250612","NDV","KR4101W90007","코스피200 F 202509","2242","202509","2","392.55"
"20250612","NDV","KR4101W90007","코스피200 F 202509","2243","202509","2","392.45"
"20250612","NDV","KR4101W90007","코스피200 F 202509","2244","202509","2","392.5"
"20250612","NDV","KR4101W90007","코스피200 F 202509","2245","202509","2","392.4"
"20250612","NDV","KR4101W90007","코스피200 F 202509","2246","202509","2","392.25"
"20250612","NDV","KR4101W90007","코스피200 F 202509","2247","202509","2","392"
"20250612","NDV","KR4101W90007","코스피200 F 202509","2248","202509","2","391.65"
"20250612","NDV","KR4101W90007","코스피200 F 202509","2249","202509","2","391.85"
"20250612","NDV","KR4101W90007","코스피200 F 202509","2250","202509","2","392.05"
"20250612","NDV","KR4101W90007","코스피200 F 202509","2251","202509","2","392.15"
"20250612","NDV","KR4101W90007","코스피200 F 202509","2252","202509","2","392.4"
"20250612","NDV","KR4101W90007","코스피200 F 202509","2253","202509","2","392.55"
"20250612","NDV","KR4101W90007","코스피200 F 202509","2254","202509","2","392.4"
"20250612","NDV","KR4101W90007","코스피200 F 202509","2255","202509","2","392.3"
"20250612","NDV","KR4101W90007","코스피200 F 202509","2256","202509","2","392.4"
"20250612","NDV","KR4101W90007","코스피200 F 202509","2257","202509","2","392.25"
"20250612","NDV","KR4101W90007","코스피200 F 202509","2258","202509","2","392.2"
"20250612","NDV","KR4101W90007","코스피200 F 202509","2259","202509","2","392.2"
"20250612","NDV","KR4101W90007","코스피200 F 202509","2300","202509","2","392.3"
"20250612","NDV","KR4101W90007","코스피200 F 202509","2301","202509","2","392.4"
"20250612","NDV","KR4101W90007","코스피200 F 202509","2302","202509","2","392.4"
"20250612","NDV","KR4101W90007","코스피200 F 202509","2303","202509","2","392.4"
"20250612","NDV","KR4101W90007","코스피200 F 202509","2304","202509","2","392.3"
"20250612","NDV","KR4101W90007","코스피200 F 202509","2305","202509","2","392.35"
"20250612","NDV","KR4101W90007","코스피200 F 202509","2306","202509","2","392.35"
"20250612","NDV","KR4101W90007","코스피200 F 202509","2307","202509","2","392.25"
"20250612","NDV","KR4101W90007","코스피200 F 202509","2308","202509","2","392.25"
"20250612","NDV","KR4101W90007","코스피200 F 202509","2309","202509","2","392.45"
"20250612","NDV","KR4101W90007","코스피200 F 202509","2310","202509","2","392.4"
"20250612","NDV","KR4101W90007","코스피200 F 202509","2311","202509","2","392.65"
"20250612","NDV","KR4101W90007","코스피200 F 202509","2312","202509","2","392.65"
"20250612","NDV","KR4101W90007","코스피200 F 202509","2313","202509","2","392.6"
"20250612","NDV","KR4101W90007","코스피200 F 202509","2314","202509","2","392.65"
"20250612","NDV","KR4101W90007","코스피200 F 202509","2315","202509","2","392.6"
"20250612","NDV","KR4101W90007","코스피200 F 202509","2316","202509","2","392.7"
"20250612","NDV","KR4101W90007","코스피200 F 202509","2317","202509","2","392.6"
"20250612","NDV","KR4101W90007","코스피200 F 202509","2319","202509","2","392.85"
"20250612","NDV","KR4101W90007","코스피200 F 202509","2320","202509","2","392.85"
"20250612","NDV","KR4101W90007","코스피200 F 202509","2321","202509","2","393"
"20250612","NDV","KR4101W90007","코스피200 F 202509","2322","202509","2","392.95"
"20250612","NDV","KR4101W90007","코스피200 F 202509","2323","202509","2","393.15"
"20250612","NDV","KR4101W90007","코스피200 F 202509","2324","202509","2","393.2"
"20250612","NDV","KR4101W90007","코스피200 F 202509","2325","202509","2","393.2"
"20250612","NDV","KR4101W90007","코스피200 F 202509","2326","202509","2","393.3"
"20250612","NDV","KR4101W90007","코스피200 F 202509","2327","202509","2","393.3"
"20250612","NDV","KR4101W90007","코스피200 F 202509","2328","202509","2","393.3"
"20250612","NDV","KR4101W90007","코스피200 F 202509","2329","202509","2","393.2"
"20250612","NDV","KR4101W90007","코스피200 F 202509","2330","202509","2","393.1"
"20250612","NDV","KR4101W90007","코스피200 F 202509","2332","202509","2","392.95"
"20250612","NDV","KR4101W90007","코스피200 F 202509","2333","202509","2","393.05"
"20250612","NDV","KR4101W90007","코스피200 F 202509","2335","202509","2","393.1"
"20250612","NDV","KR4101W90007","코스피200 F 202509","2336","202509","2","393.15"
"20250612","NDV","KR4101W90007","코스피200 F 202509","2337","202509","2","393.05"
"20250612","NDV","KR4101W90007","코스피200 F 202509","2338","202509","2","393.15"
"20250612","NDV","KR4101W90007","코스피200 F 202509","2340","202509","2","393.05"
"20250612","NDV","KR4101W90007","코스피200 F 202509","2341","202509","2","393.05"
"20250612","NDV","KR4101W90007","코스피200 F 202509","2342","202509","2","393"
"20250612","NDV","KR4101W90007","코스피200 F 202509","2343","202509","2","392.95"
"20250612","NDV","KR4101W90007","코스피200 F 202509","2344","202509","2","393"
"20250612","NDV","KR4101W90007","코스피200 F 202509","2345","202509","2","393.05"
"20250612","NDV","KR4101W90007","코스피200 F 202509","2346","202509","2","393"
"20250612","NDV","KR4101W90007","코스피200 F 202509","2347","202509","2","393.05"
"20250612","NDV","KR4101W90007","코스피200 F 202509","2349","202509","2","393.15"
"20250612","NDV","KR4101W90007","코스피200 F 202509","2352","202509","2","393.15"
"20250612","NDV","KR4101W90007","코스피200 F 202509","2353","202509","2","393.2"
"20250612","NDV","KR4101W90007","코스피200 F 202509","2354","202509","2","393.25"
"20250612","NDV","KR4101W90007","코스피200 F 202509","2355","202509","2","393.15"
"20250612","NDV","KR4101W90007","코스피200 F 202509","2356","202509","2","393.1"
"20250612","NDV","KR4101W90007","코스피200 F 202509","2357","202509","2","393.15"
"20250612","NDV","KR4101W90007","코스피200 F 202509","2358","202509","2","393.1"
"20250612","NDV","KR4101W90007","코스피200 F 202509","2359","202509","2","393"
"20250612","NDV","KR4101W90007","코스피200 F 202509","0000","202509","2","393"
"20250612","NDV","KR4101W90007","코스피200 F 202509","0002","202509","2","393"
"20250612","NDV","KR4101W90007","코스피200 F 202509","0004","202509","2","393"
"20250612","NDV","KR4101W90007","코스피200 F 202509","0005","202509","2","393"
"20250612","NDV","KR4101W90007","코스피200 F 202509","0007","202509","2","392.8"
"20250612","NDV","KR4101W90007","코스피200 F 202509","0008","202509","2","392.55"
"20250612","NDV","KR4101W90007","코스피200 F 202509","0009","202509","2","392.55"
"20250612","NDV","KR4101W90007","코스피200 F 202509","0010","202509","2","392.3"
"20250612","NDV","KR4101W90007","코스피200 F 202509","0011","202509","2","392.4"
"20250612","NDV","KR4101W90007","코스피200 F 202509","0012","202509","2","392.55"
"20250612","NDV","KR4101W90007","코스피200 F 202509","0013","202509","2","392.55"
"20250612","NDV","KR4101W90007","코스피200 F 202509","0014","202509","2","392.55"
"20250612","NDV","KR4101W90007","코스피200 F 202509","0016","202509","2","392.85"
"20250612","NDV","KR4101W90007","코스피200 F 202509","0017","202509","2","393"
"20250612","NDV","KR4101W90007","코스피200 F 202509","0018","202509","2","393.2"
"20250612","NDV","KR4101W90007","코스피200 F 202509","0019","202509","2","393.25"
"20250612","NDV","KR4101W90007","코스피200 F 202509","0020","202509","2","393.2"
"20250612","NDV","KR4101W90007","코스피200 F 202509","0021","202509","2","393.1"
"20250612","NDV","KR4101W90007","코스피200 F 202509","0024","202509","2","393.1"
"20250612","NDV","KR4101W90007","코스피200 F 202509","0025","202509","2","393"
"20250612","NDV","KR4101W90007","코스피200 F 202509","0026","202509","2","392.8"
"20250612","NDV","KR4101W90007","코스피200 F 202509","0027","202509","2","392.65"
"20250612","NDV","KR4101W90007","코스피200 F 202509","0028","202509","2","392.85"
"20250612","NDV","KR4101W90007","코스피200 F 202509","0029","202509","2","392.8"
"20250612","NDV","KR4101W90007","코스피200 F 202509","0030","202509","2","392.85"
"20250612","NDV","KR4101W90007","코스피200 F 202509","0031","202509","2","392.9"
"20250612","NDV","KR4101W90007","코스피200 F 202509","0032","202509","2","392.95"
"20250612","NDV","KR4101W90007","코스피200 F 202509","0034","202509","2","392.9"
"20250612","NDV","KR4101W90007","코스피200 F 202509","0035","202509","2","392.95"
"20250612","NDV","KR4101W90007","코스피200 F 202509","0036","202509","2","393"
"20250612","NDV","KR4101W90007","코스피200 F 202509","0040","202509","2","393"
"20250612","NDV","KR4101W90007","코스피200 F 202509","0041","202509","2","392.85"
"20250612","NDV","KR4101W90007","코스피200 F 202509","0042","202509","2","392.8"
"20250612","NDV","KR4101W90007","코스피200 F 202509","0043","202509","2","392.8"
"20250612","NDV","KR4101W90007","코스피200 F 202509","0044","202509","2","392.85"
"20250612","NDV","KR4101W90007","코스피200 F 202509","0045","202509","2","392.85"
"20250612","NDV","KR4101W90007","코스피200 F 202509","0047","202509","2","392.8"
"20250612","NDV","KR4101W90007","코스피200 F 202509","0050","202509","2","392.8"
"20250612","NDV","KR4101W90007","코스피200 F 202509","0051","202509","2","392.8"
"20250612","NDV","KR4101W90007","코스피200 F 202509","0053","202509","2","392.9"
"20250612","NDV","KR4101W90007","코스피200 F 202509","0054","202509","2","393"
"20250612","NDV","KR4101W90007","코스피200 F 202509","0055","202509","2","393.1"
"20250612","NDV","KR4101W90007","코스피200 F 202509","0056","202509","2","393.05"
"20250612","NDV","KR4101W90007","코스피200 F 202509","0100","202509","2","392.85"
"20250612","NDV","KR4101W90007","코스피200 F 202509","0103","202509","2","392.85"
"20250612","NDV","KR4101W90007","코스피200 F 202509","0104","202509","2","392.85"
"20250612","NDV","KR4101W90007","코스피200 F 202509","0105","202509","2","392.8"
"20250612","NDV","KR4101W90007","코스피200 F 202509","0106","202509","2","392.7"
"20250612","NDV","KR4101W90007","코스피200 F 202509","0107","202509","2","392.65"
"20250612","NDV","KR4101W90007","코스피200 F 202509","0110","202509","2","392.5"
"20250612","NDV","KR4101W90007","코스피200 F 202509","0111","202509","2","392.5"
"20250612","NDV","KR4101W90007","코스피200 F 202509","0112","202509","2","392.45"
"20250612","NDV","KR4101W90007","코스피200 F 202509","0114","202509","2","392.45"
"20250612","NDV","KR4101W90007","코스피200 F 202509","0115","202509","2","392.35"
"20250612","NDV","KR4101W90007","코스피200 F 202509","0116","202509","2","392.35"
"20250612","NDV","KR4101W90007","코스피200 F 202509","0118","202509","2","392.25"
"20250612","NDV","KR4101W90007","코스피200 F 202509","0119","202509","2","392.2"
"20250612","NDV","KR4101W90007","코스피200 F 202509","0120","202509","2","392.05"
"20250612","NDV","KR4101W90007","코스피200 F 202509","0121","202509","2","392"
"20250612","NDV","KR4101W90007","코스피200 F 202509","0122","202509","2","391.95"
"20250612","NDV","KR4101W90007","코스피200 F 202509","0123","202509","2","392.05"
"20250612","NDV","KR4101W90007","코스피200 F 202509","0124","202509","2","392.1"
"20250612","NDV","KR4101W90007","코스피200 F 202509","0125","202509","2","392.3"
"20250612","NDV","KR4101W90007","코스피200 F 202509","0126","202509","2","392.5"
"20250612","NDV","KR4101W90007","코스피200 F 202509","0128","202509","2","393"
"20250612","NDV","KR4101W90007","코스피200 F 202509","0129","202509","2","393.2"
"20250612","NDV","KR4101W90007","코스피200 F 202509","0132","202509","2","393.1"
"20250612","NDV","KR4101W90007","코스피200 F 202509","0133","202509","2","393"
"20250612","NDV","KR4101W90007","코스피200 F 202509","0136","202509","2","392.95"
"20250612","NDV","KR4101W90007","코스피200 F 202509","0140","202509","2","392.85"
"20250612","NDV","KR4101W90007","코스피200 F 202509","0143","202509","2","392.9"
"20250612","NDV","KR4101W90007","코스피200 F 202509","0144","202509","2","393"
"20250612","NDV","KR4101W90007","코스피200 F 202509","0145","202509","2","392.9"
"20250612","NDV","KR4101W90007","코스피200 F 202509","0147","202509","2","392.95"
"20250612","NDV","KR4101W90007","코스피200 F 202509","0148","202509","2","393.05"
"20250612","NDV","KR4101W90007","코스피200 F 202509","0149","202509","2","393.1"
"20250612","NDV","KR4101W90007","코스피200 F 202509","0151","202509","2","393.1"
"20250612","NDV","KR4101W90007","코스피200 F 202509","0153","202509","2","393.1"
"20250612","NDV","KR4101W90007","코스피200 F 202509","0154","202509","2","392.95"
"20250612","NDV","KR4101W90007","코스피200 F 202509","0201","202509","2","392.95"
"20250612","NDV","KR4101W90007","코스피200 F 202509","0202","202509","2","393"
"20250612","NDV","KR4101W90007","코스피200 F 202509","0203","202509","2","393.05"
"20250612","NDV","KR4101W90007","코스피200 F 202509","0204","202509","2","393.15"
"20250612","NDV","KR4101W90007","코스피200 F 202509","0205","202509","2","393.15"
"20250612","NDV","KR4101W90007","코스피200 F 202509","0206","202509","2","393.15"
"20250612","NDV","KR4101W90007","코스피200 F 202509","0207","202509","2","393.2"
"20250612","NDV","KR4101W90007","코스피200 F 202509","0209","202509","2","393.2"
"20250612","NDV","KR4101W90007","코스피200 F 202509","0211","202509","2","393.2"
"20250612","NDV","KR4101W90007","코스피200 F 202509","0213","202509","2","393.2"
"20250612","NDV","KR4101W90007","코스피200 F 202509","0214","202509","2","393.2"
"20250612","NDV","KR4101W90007","코스피200 F 202509","0215","202509","2","393.2"
"20250612","NDV","KR4101W90007","코스피200 F 202509","0216","202509","2","393.2"
"20250612","NDV","KR4101W90007","코스피200 F 202509","0217","202509","2","393.2"
"20250612","NDV","KR4101W90007","코스피200 F 202509","0219","202509","2","393.25"
"20250612","NDV","KR4101W90007","코스피200 F 202509","0221","202509","2","393.25"
"20250612","NDV","KR4101W90007","코스피200 F 202509","0222","202509","2","393.25"
"20250612","NDV","KR4101W90007","코스피200 F 202509","0223","202509","2","393.3"
"20250612","NDV","KR4101W90007","코스피200 F 202509","0224","202509","2","393.3"
"20250612","NDV","KR4101W90007","코스피200 F 202509","0227","202509","2","393.25"
"20250612","NDV","KR4101W90007","코스피200 F 202509","0228","202509","2","393.3"
"20250612","NDV","KR4101W90007","코스피200 F 202509","0229","202509","2","393.25"
"20250612","NDV","KR4101W90007","코스피200 F 202509","0230","202509","2","393.25"
"20250612","NDV","KR4101W90007","코스피200 F 202509","0236","202509","2","393.15"
"20250612","NDV","KR4101W90007","코스피200 F 202509","0238","202509","2","393.15"
"20250612","NDV","KR4101W90007","코스피200 F 202509","0241","202509","2","393.15"
"20250612","NDV","KR4101W90007","코스피200 F 202509","0243","202509","2","392.95"
"20250612","NDV","KR4101W90007","코스피200 F 202509","0247","202509","2","392.95"
"20250612","NDV","KR4101W90007","코스피200 F 202509","0252","202509","2","392.85"
"20250612","NDV","KR4101W90007","코스피200 F 202509","0255","202509","2","392.75"
"20250612","NDV","KR4101W90007","코스피200 F 202509","0256","202509","2","392.8"
"20250612","NDV","KR4101W90007","코스피200 F 202509","0258","202509","2","392.75"
"20250612","NDV","KR4101W90007","코스피200 F 202509","0302","202509","2","392.45"
"20250612","NDV","KR4101W90007","코스피200 F 202509","0303","202509","2","392.25"
"20250612","NDV","KR4101W90007","코스피200 F 202509","0304","202509","2","392.15"
"20250612","NDV","KR4101W90007","코스피200 F 202509","0305","202509","2","392.25"
"20250612","NDV","KR4101W90007","코스피200 F 202509","0306","202509","2","392.5"
"20250612","NDV","KR4101W90007","코스피200 F 202509","0307","202509","2","392.7"
"20250612","NDV","KR4101W90007","코스피200 F 202509","0309","202509","2","392.75"
"20250612","NDV","KR4101W90007","코스피200 F 202509","0310","202509","2","392.55"
"20250612","NDV","KR4101W90007","코스피200 F 202509","0312","202509","2","392.5"
"20250612","NDV","KR4101W90007","코스피200 F 202509","0313","202509","2","392.35"
"20250612","NDV","KR4101W90007","코스피200 F 202509","0314","202509","2","392.25"
"20250612","NDV","KR4101W90007","코스피200 F 202509","0315","202509","2","392.1"
"20250612","NDV","KR4101W90007","코스피200 F 202509","0316","202509","2","392.05"
"20250612","NDV","KR4101W90007","코스피200 F 202509","0317","202509","2","392"
"20250612","NDV","KR4101W90007","코스피200 F 202509","0318","202509","2","392"
"20250612","NDV","KR4101W90007","코스피200 F 202509","0319","202509","2","392"
"20250612","NDV","KR4101W90007","코스피200 F 202509","0320","202509","2","392.05"
"20250612","NDV","KR4101W90007","코스피200 F 202509","0321","202509","2","392"
"20250612","NDV","KR4101W90007","코스피200 F 202509","0322","202509","2","392"
"20250612","NDV","KR4101W90007","코스피200 F 202509","0324","202509","2","392"
"20250612","NDV","KR4101W90007","코스피200 F 202509","0325","202509","2","392.05"
"20250612","NDV","KR4101W90007","코스피200 F 202509","0326","202509","2","392.1"
"20250612","NDV","KR4101W90007","코스피200 F 202509","0327","202509","2","392.15"
"20250612","NDV","KR4101W90007","코스피200 F 202509","0328","202509","2","392.2"
"20250612","NDV","KR4101W90007","코스피200 F 202509","0329","202509","2","392.25"
"20250612","NDV","KR4101W90007","코스피200 F 202509","0330","202509","2","392.15"
"20250612","NDV","KR4101W90007","코스피200 F 202509","0331","202509","2","392.05"
"20250612","NDV","KR4101W90007","코스피200 F 202509","0332","202509","2","392.15"
"20250612","NDV","KR4101W90007","코스피200 F 202509","0333","202509","2","392.3"
"20250612","NDV","KR4101W90007","코스피200 F 202509","0334","202509","2","392.35"
"20250612","NDV","KR4101W90007","코스피200 F 202509","0336","202509","2","392.5"
"20250612","NDV","KR4101W90007","코스피200 F 202509","0338","202509","2","392.45"
"20250612","NDV","KR4101W90007","코스피200 F 202509","0339","202509","2","392.5"
"20250612","NDV","KR4101W90007","코스피200 F 202509","0340","202509","2","392.55"
"20250612","NDV","KR4101W90007","코스피200 F 202509","0342","202509","2","392.55"
"20250612","NDV","KR4101W90007","코스피200 F 202509","0344","202509","2","392.55"
"20250612","NDV","KR4101W90007","코스피200 F 202509","0346","202509","2","392.55"
"20250612","NDV","KR4101W90007","코스피200 F 202509","0347","202509","2","392.6"
"20250612","NDV","KR4101W90007","코스피200 F 202509","0352","202509","2","392.75"
"20250612","NDV","KR4101W90007","코스피200 F 202509","0353","202509","2","392.7"
"20250612","NDV","KR4101W90007","코스피200 F 202509","0354","202509","2","392.6"
"20250612","NDV","KR4101W90007","코스피200 F 202509","0356","202509","2","392.5"
"20250612","NDV","KR4101W90007","코스피200 F 202509","0357","202509","2","392.5"
"20250612","NDV","KR4101W90007","코스피200 F 202509","0358","202509","2","392.45"
"20250612","NDV","KR4101W90007","코스피200 F 202509","0359","202509","2","392.45"
"20250612","NDV","KR4101W90007","코스피200 F 202509","0400","202509","2","392.5"
"20250612","NDV","KR4101W90007","코스피200 F 202509","0401","202509","2","392.5"
"20250612","NDV","KR4101W90007","코스피200 F 202509","0402","202509","2","392.45"
"20250612","NDV","KR4101W90007","코스피200 F 202509","0403","202509","2","392.45"
"20250612","NDV","KR4101W90007","코스피200 F 202509","0407","202509","2","392.4"
"20250612","NDV","KR4101W90007","코스피200 F 202509","0409","202509","2","392.35"
"20250612","NDV","KR4101W90007","코스피200 F 202509","0410","202509","2","392.4"
"20250612","NDV","KR4101W90007","코스피200 F 202509","0411","202509","2","392.3"
"20250612","NDV","KR4101W90007","코스피200 F 202509","0416","202509","2","392.1"
"20250612","NDV","KR4101W90007","코스피200 F 202509","0420","202509","2","391.9"
"20250612","NDV","KR4101W90007","코스피200 F 202509","0421","202509","2","391.85"
"20250612","NDV","KR4101W90007","코스피200 F 202509","0423","202509","2","392"
"20250612","NDV","KR4101W90007","코스피200 F 202509","0424","202509","2","391.95"
"20250612","NDV","KR4101W90007","코스피200 F 202509","0425","202509","2","392.15"
"20250612","NDV","KR4101W90007","코스피200 F 202509","0426","202509","2","392"
"20250612","NDV","KR4101W90007","코스피200 F 202509","0427","202509","2","392.05"
"20250612","NDV","KR4101W90007","코스피200 F 202509","0429","202509","2","392.1"
"20250612","NDV","KR4101W90007","코스피200 F 202509","0430","202509","2","392.05"
"20250612","NDV","KR4101W90007","코스피200 F 202509","0431","202509","2","392.1"
"20250612","NDV","KR4101W90007","코스피200 F 202509","0432","202509","2","392"
"20250612","NDV","KR4101W90007","코스피200 F 202509","0433","202509","2","391.9"
"20250612","NDV","KR4101W90007","코스피200 F 202509","0434","202509","2","391.95"
"20250612","NDV","KR4101W90007","코스피200 F 202509","0436","202509","2","391.8"
"20250612","NDV","KR4101W90007","코스피200 F 202509","0437","202509","2","391.8"
"20250612","NDV","KR4101W90007","코스피200 F 202509","0438","202509","2","391.85"
"20250612","NDV","KR4101W90007","코스피200 F 202509","0440","202509","2","391.85"
"20250612","NDV","KR4101W90007","코스피200 F 202509","0442","202509","2","391.85"
"20250612","NDV","KR4101W90007","코스피200 F 202509","0443","202509","2","391.85"
"20250612","NDV","KR4101W90007","코스피200 F 202509","0445","202509","2","392"
"20250612","NDV","KR4101W90007","코스피200 F 202509","0450","202509","2","391.9"
"20250612","NDV","KR4101W90007","코스피200 F 202509","0451","202509","2","391.9"
"20250612","NDV","KR4101W90007","코스피200 F 202509","0453","202509","2","392"
"20250612","NDV","KR4101W90007","코스피200 F 202509","0454","202509","2","392.05"
"20250612","NDV","KR4101W90007","코스피200 F 202509","0455","202509","2","392.2"
"20250612","NDV","KR4101W90007","코스피200 F 202509","0456","202509","2","392.3"
"20250612","NDV","KR4101W90007","코스피200 F 202509","0458","202509","2","392.25"
"20250612","NDV","KR4101W90007","코스피200 F 202509","0459","202509","2","392.25"
"20250612","NDV","KR4101W90007","코스피200 F 202509","0500","202509","2","392.25"
"20250612","NDV","KR4101W90007","코스피200 F 202509","0503","202509","2","392.3"
"20250612","NDV","KR4101W90007","코스피200 F 202509","0504","202509","2","392.3"
"20250612","NDV","KR4101W90007","코스피200 F 202509","0505","202509","2","392.25"
"20250612","NDV","KR4101W90007","코스피200 F 202509","0506","202509","2","392.3"
"20250612","NDV","KR4101W90007","코스피200 F 202509","0507","202509","2","392.3"
"20250612","NDV","KR4101W90007","코스피200 F 202509","0508","202509","2","392.15"
"20250612","NDV","KR4101W90007","코스피200 F 202509","0510","202509","2","392.15"
"20250612","NDV","KR4101W90007","코스피200 F 202509","0511","202509","2","392.1"
"20250612","NDV","KR4101W90007","코스피200 F 202509","0513","202509","2","392.1"
"20250612","NDV","KR4101W90007","코스피200 F 202509","0514","202509","2","392"
"20250612","NDV","KR4101W90007","코스피200 F 202509","0516","202509","2","392.05"
"20250612","NDV","KR4101W90007","코스피200 F 202509","0518","202509","2","391.9"
"20250612","NDV","KR4101W90007","코스피200 F 202509","0522","202509","2","391.95"
"20250612","NDV","KR4101W90007","코스피200 F 202509","0523","202509","2","391.95"
"20250612","NDV","KR4101W90007","코스피200 F 202509","0524","202509","2","391.95"
"20250612","NDV","KR4101W90007","코스피200 F 202509","0525","202509","2","392"
"20250612","NDV","KR4101W90007","코스피200 F 202509","0526","202509","2","392"
"20250612","NDV","KR4101W90007","코스피200 F 202509","0531","202509","2","392.05"
"20250612","NDV","KR4101W90007","코스피200 F 202509","0534","202509","2","391.75"
"20250612","NDV","KR4101W90007","코스피200 F 202509","0536","202509","2","391.8"
"20250612","NDV","KR4101W90007","코스피200 F 202509","0537","202509","2","391.8"
"20250612","NDV","KR4101W90007","코스피200 F 202509","0538","202509","2","391.8"
"20250612","NDV","KR4101W90007","코스피200 F 202509","0540","202509","2","391.7"
"20250612","NDV","KR4101W90007","코스피200 F 202509","0541","202509","2","391.7"
"20250612","NDV","KR4101W90007","코스피200 F 202509","0545","202509","2","391.65"
"20250612","NDV","KR4101W90007","코스피200 F 202509","0548","202509","2","391.6"
"20250612","NDV","KR4101W90007","코스피200 F 202509","0549","202509","2","391.7"
"20250612","NDV","KR4101W90007","코스피200 F 202509","0600","202509","2","391.7"
"20250612","NDV","KR4101WC0003","코스피200 F 202512","1812","202512","3","393"
"20250612","NDV","KR4101WC0003","코스피200 F 202512","1855","202512","3","393"
"20250612","NDV","KR4101WC0003","코스피200 F 202512","1857","202512","3","391.7"
"20250612","NDV","KR4401W6W9S8","코스피200 SP 2506-2509","1800","202506","1","0.5"
"20250612","NDV","KR4401W6W9S8","코스피200 SP 2506-2509","1809","202506","1","0.45"
"20250612","NDV","KR4401W6W9S8","코스피200 SP 2506-2509","1810","202506","1","0.45"
"20250612","NDV","KR4401W6W9S8","코스피200 SP 2506-2509","1818","202506","1","0.55"
"20250612","NDV","KR4401W6W9S8","코스피200 SP 2506-2509","1831","202506","1","0.5"
"20250612","NDV","KR4401W6W9S8","코스피200 SP 2506-2509","1833","202506","1","0.5"
"20250612","NDV","KR4401W6W9S8","코스피200 SP 2506-2509","1834","202506","1","0.5"
"20250612","NDV","KR4401W6W9S8","코스피200 SP 2506-2509","1835","202506","1","0.5"
"20250612","NDV","KR4401W6W9S8","코스피200 SP 2506-2509","1837","202506","1","0.45"
"20250612","NDV","KR4401W6W9S8","코스피200 SP 2506-2509","1849","202506","1","0.5"
"20250612","NDV","KR4401W6W9S8","코스피200 SP 2506-2509","1856","202506","1","0.5"
"20250612","NDV","KR4401W6W9S8","코스피200 SP 2506-2509","1857","202506","1","0.5"
"20250612","NDV","KR4401W6W9S8","코스피200 SP 2506-2509","1858","202506","1","0.5"
"20250612","NDV","KR4401W6W9S8","코스피200 SP 2506-2509","1859","202506","1","0.5"
"20250612","NDV","KR4401W6W9S8","코스피200 SP 2506-2509","1911","202506","1","0.5"
"20250612","NDV","KR4401W6W9S8","코스피200 SP 2506-2509","1937","202506","1","0.45"
"20250612","NDV","KR4401W6W9S8","코스피200 SP 2506-2509","1949","202506","1","0.5"
"20250612","NDV","KR4401W6W9S8","코스피200 SP 2506-2509","2000","202506","1","0.5"
"20250612","NDV","KR4401W6W9S8","코스피200 SP 2506-2509","2002","202506","1","0.5"
"20250612","NDV","KR4401W6W9S8","코스피200 SP 2506-2509","2014","202506","1","0.5"
"20250612","NDV","KR4401W6W9S8","코스피200 SP 2506-2509","2050","202506","1","0.5"
"20250612","NDV","KR4401W6W9S8","코스피200 SP 2506-2509","2051","202506","1","0.5"
"20250612","NDV","KR4401W6W9S8","코스피200 SP 2506-2509","2101","202506","1","0.45"
"20250612","NDV","KR4401W6W9S8","코스피200 SP 2506-2509","2105","202506","1","0.55"
"20250612","NDV","KR4401W6W9S8","코스피200 SP 2506-2509","2115","202506","1","0.55"
"20250612","NDV","KR4401W6W9S8","코스피200 SP 2506-2509","2130","202506","1","0.5"
"20250612","NDV","KR4401W6W9S8","코스피200 SP 2506-2509","2131","202506","1","0.55"
"20250612","NDV","KR4401W6W9S8","코스피200 SP 2506-2509","2136","202506","1","0.55"
"20250612","NDV","KR4401W6W9S8","코스피200 SP 2506-2509","2137","202506","1","0.55"
"20250612","NDV","KR4401W6W9S8","코스피200 SP 2506-2509","2139","202506","1","0.55"
"20250612","NDV","KR4401W6W9S8","코스피200 SP 2506-2509","2141","202506","1","0.5"
"20250612","NDV","KR4401W6W9S8","코스피200 SP 2506-2509","2142","202506","1","0.5"
"20250612","NDV","KR4401W6W9S8","코스피200 SP 2506-2509","2143","202506","1","0.5"
"20250612","NDV","KR4401W6W9S8","코스피200 SP 2506-2509","2144","202506","1","0.45"
"20250612","NDV","KR4401W6W9S8","코스피200 SP 2506-2509","2211","202506","1","0.45"
"20250612","NDV","KR4401W6W9S8","코스피200 SP 2506-2509","2231","202506","1","0.5"
"20250612","NDV","KR4401W6W9S8","코스피200 SP 2506-2509","2321","202506","1","0.45"
"20250612","NDV","KR4401W6W9S8","코스피200 SP 2506-2509","2323","202506","1","0.45"
"20250612","NDV","KR4401W6W9S8","코스피200 SP 2506-2509","2325","202506","1","0.45"
"20250612","NDV","KR4401W6W9S8","코스피200 SP 2506-2509","2326","202506","1","0.45"
"20250612","NDV","KR4401W6W9S8","코스피200 SP 2506-2509","2336","202506","1","0.45"
"20250612","NDV","KR4401W6W9S8","코스피200 SP 2506-2509","2338","202506","1","0.45"
"20250612","NDV","KR4401W6W9S8","코스피200 SP 2506-2509","2342","202506","1","0.45"
"20250612","NDV","KR4401W6W9S8","코스피200 SP 2506-2509","0013","202506","1","0.4"
"20250612","NDV","KR4401W6W9S8","코스피200 SP 2506-2509","0015","202506","1","0.4"
"20250612","NDV","KR4401W6W9S8","코스피200 SP 2506-2509","0040","202506","1","0.4"
"20250612","NDV","KR4401W6W9S8","코스피200 SP 2506-2509","0048","202506","1","0.4"
"20250612","NDV","KR4401W6W9S8","코스피200 SP 2506-2509","0056","202506","1","0.4"
"20250612","NDV","KR4401W6W9S8","코스피200 SP 2506-2509","0106","202506","1","0.4"
"20250612","NDV","KR4401W6W9S8","코스피200 SP 2506-2509","0107","202506","1","0.4"
"20250612","NDV","KR4401W6W9S8","코스피200 SP 2506-2509","0110","202506","1","0.4"
"20250612","NDV","KR4401W6W9S8","코스피200 SP 2506-2509","0111","202506","1","0.4"
"20250612","NDV","KR4401W6W9S8","코스피200 SP 2506-2509","0114","202506","1","0.4"
"20250612","NDV","KR4401W6W9S8","코스피200 SP 2506-2509","0115","202506","1","0.4"
"20250612","NDV","KR4401W6W9S8","코스피200 SP 2506-2509","0116","202506","1","0.4"
"20250612","NDV","KR4401W6W9S8","코스피200 SP 2506-2509","0118","202506","1","0.4"
"20250612","NDV","KR4401W6W9S8","코스피200 SP 2506-2509","0151","202506","1","0.45"
"20250612","NDV","KR4401W6W9S8","코스피200 SP 2506-2509","0201","202506","1","0.45"
"20250612","NDV","KR4401W6W9S8","코스피200 SP 2506-2509","0206","202506","1","0.45"
"20250612","NDV","KR4401W6W9S8","코스피200 SP 2506-2509","0229","202506","1","0.45"
"20250612","NDV","KR4401W6W9S8","코스피200 SP 2506-2509","0236","202506","1","0.45"
"20250612","NDV","KR4401W6W9S8","코스피200 SP 2506-2509","0243","202506","1","0.45"
"20250612","NDV","KR4401W6W9S8","코스피200 SP 2506-2509","0247","202506","1","0.45"
"20250612","NDV","KR4401W6W9S8","코스피200 SP 2506-2509","0252","202506","1","0.45"
"20250612","NDV","KR4401W6W9S8","코스피200 SP 2506-2509","0255","202506","1","0.45"
"20250612","NDV","KR4401W6W9S8","코스피200 SP 2506-2509","0302","202506","1","0.45"
"20250612","NDV","KR4401W6W9S8","코스피200 SP 2506-2509","0303","202506","1","0.45"
"20250612","NDV","KR4401W6W9S8","코스피200 SP 2506-2509","0310","202506","1","0.45"
"20250612","NDV","KR4401W6W9S8","코스피200 SP 2506-2509","0312","202506","1","0.45"
"20250612","NDV","KR4401W6W9S8","코스피200 SP 2506-2509","0313","202506","1","0.45"
"20250612","NDV","KR4401W6W9S8","코스피200 SP 2506-2509","0534","202506","1","0.45"
"20250612","NDV","KR4401W6W9S8","코스피200 SP 2506-2509","0539","202506","1","0.45"
"20250612","DRV","KR4101W60000","코스피200 F 202506","0845","202506","1","390.1"
"20250612","DRV","KR4101W60000","코스피200 F 202506","0846","202506","1","389.8"
"20250612","DRV","KR4101W60000","코스피200 F 202506","0847","202506","1","389.3"
"20250612","DRV","KR4101W60000","코스피200 F 202506","0848","202506","1","389.15"
"20250612","DRV","KR4101W60000","코스피200 F 202506","0849","202506","1","389"
"20250612","DRV","KR4101W60000","코스피200 F 202506","0850","202506","1","389.35"
"20250612","DRV","KR4101W60000","코스피200 F 202506","0851","202506","1","389.35"
"20250612","DRV","KR4101W60000","코스피200 F 202506","0852","202506","1","389.35"
"20250612","DRV","KR4101W60000","코스피200 F 202506","0853","202506","1","389.15"
"20250612","DRV","KR4101W60000","코스피200 F 202506","0854","202506","1","389.25"
"20250612","DRV","KR4101W60000","코스피200 F 202506","0855","202506","1","389.25"
"20250612","DRV","KR4101W60000","코스피200 F 202506","0856","202506","1","389.15"
"20250612","DRV","KR4101W60000","코스피200 F 202506","0857","202506","1","389"
"20250612","DRV","KR4101W60000","코스피200 F 202506","0858","202506","1","389.35"
"20250612","DRV","KR4101W60000","코스피200 F 202506","0859","202506","1","389.6"
"20250612","DRV","KR4101W60000","코스피200 F 202506","0900","202506","1","390.65"
"20250612","DRV","KR4101W60000","코스피200 F 202506","0901","202506","1","390.6"
"20250612","DRV","KR4101W60000","코스피200 F 202506","0902","202506","1","390.3"
"20250612","DRV","KR4101W60000","코스피200 F 202506","0903","202506","1","390.9"
"20250612","DRV","KR4101W60000","코스피200 F 202506","0904","202506","1","390.85"
"20250612","DRV","KR4101W60000","코스피200 F 202506","0905","202506","1","390.95"
"20250612","DRV","KR4101W60000","코스피200 F 202506","0906","202506","1","391.05"
"20250612","DRV","KR4101W60000","코스피200 F 202506","0907","202506","1","390.95"
"20250612","DRV","KR4101W60000","코스피200 F 202506","0908","202506","1","391.75"
"20250612","DRV","KR4101W60000","코스피200 F 202506","0909","202506","1","391.4"
"20250612","DRV","KR4101W60000","코스피200 F 202506","0910","202506","1","391.55"
"20250612","DRV","KR4101W60000","코스피200 F 202506","0911","202506","1","392.15"
"20250612","DRV","KR4101W60000","코스피200 F 202506","0912","202506","1","391.95"
"20250612","DRV","KR4101W60000","코스피200 F 202506","0913","202506","1","392.25"
"20250612","DRV","KR4101W60000","코스피200 F 202506","0914","202506","1","392.45"
"20250612","DRV","KR4101W60000","코스피200 F 202506","0915","202506","1","392"
"20250612","DRV","KR4101W60000","코스피200 F 202506","0916","202506","1","391.5"
"20250612","DRV","KR4101W60000","코스피200 F 202506","0917","202506","1","391.75"
"20250612","DRV","KR4101W60000","코스피200 F 202506","0918","202506","1","391.75"
"20250612","DRV","KR4101W60000","코스피200 F 202506","0919","202506","1","391.8"
"20250612","DRV","KR4101W60000","코스피200 F 202506","0920","202506","1","391.8"
"20250612","DRV","KR4101W60000","코스피200 F 202506","0921","202506","1","391.15"
"20250612","DRV","KR4101W60000","코스피200 F 202506","0922","202506","1","391.15"
"20250612","DRV","KR4101W60000","코스피200 F 202506","0923","202506","1","391.3"
"20250612","DRV","KR4101W60000","코스피200 F 202506","0924","202506","1","391.45"
"20250612","DRV","KR4101W60000","코스피200 F 202506","0925","202506","1","391.15"
"20250612","DRV","KR4101W60000","코스피200 F 202506","0926","202506","1","390.95"
"20250612","DRV","KR4101W60000","코스피200 F 202506","0927","202506","1","390.85"
"20250612","DRV","KR4101W60000","코스피200 F 202506","0928","202506","1","390.55"
"20250612","DRV","KR4101W60000","코스피200 F 202506","0929","202506","1","390.2"
"20250612","DRV","KR4101W60000","코스피200 F 202506","0930","202506","1","390.5"
"20250612","DRV","KR4101W60000","코스피200 F 202506","0931","202506","1","390.8"
"20250612","DRV","KR4101W60000","코스피200 F 202506","0932","202506","1","391.05"
"20250612","DRV","KR4101W60000","코스피200 F 202506","0933","202506","1","391.2"
"20250612","DRV","KR4101W60000","코스피200 F 202506","0934","202506","1","391.25"
"20250612","DRV","KR4101W60000","코스피200 F 202506","0935","202506","1","390.9"
"20250612","DRV","KR4101W60000","코스피200 F 202506","0936","202506","1","390.5"
"20250612","DRV","KR4101W60000","코스피200 F 202506","0937","202506","1","391.05"
"20250612","DRV","KR4101W60000","코스피200 F 202506","0938","202506","1","390.95"
"20250612","DRV","KR4101W60000","코스피200 F 202506","0939","202506","1","391.1"
"20250612","DRV","KR4101W60000","코스피200 F 202506","0940","202506","1","390.9"
"20250612","DRV","KR4101W60000","코스피200 F 202506","0941","202506","1","390.95"
"20250612","DRV","KR4101W60000","코스피200 F 202506","0942","202506","1","391"
"20250612","DRV","KR4101W60000","코스피200 F 202506","0943","202506","1","391.05"
"20250612","DRV","KR4101W60000","코스피200 F 202506","0944","202506","1","390.9"
"20250612","DRV","KR4101W60000","코스피200 F 202506","0945","202506","1","390.45"
"20250612","DRV","KR4101W60000","코스피200 F 202506","0946","202506","1","390.5"
"20250612","DRV","KR4101W60000","코스피200 F 202506","0947","202506","1","390.6"
"20250612","DRV","KR4101W60000","코스피200 F 202506","0948","202506","1","390.65"
"20250612","DRV","KR4101W60000","코스피200 F 202506","0949","202506","1","390.5"
"20250612","DRV","KR4101W60000","코스피200 F 202506","0950","202506","1","390.55"
"20250612","DRV","KR4101W60000","코스피200 F 202506","0951","202506","1","390.1"
"20250612","DRV","KR4101W60000","코스피200 F 202506","0952","202506","1","390.2"
"20250612","DRV","KR4101W60000","코스피200 F 202506","0953","202506","1","390.25"
"20250612","DRV","KR4101W60000","코스피200 F 202506","0954","202506","1","390.25"
"20250612","DRV","KR4101W60000","코스피200 F 202506","0955","202506","1","390.5"
"20250612","DRV","KR4101W60000","코스피200 F 202506","0956","202506","1","390.4"
"20250612","DRV","KR4101W60000","코스피200 F 202506","0957","202506","1","390.25"
"20250612","DRV","KR4101W60000","코스피200 F 202506","0958","202506","1","390.55"
"20250612","DRV","KR4101W60000","코스피200 F 202506","0959","202506","1","390.75"
"20250612","DRV","KR4101W60000","코스피200 F 202506","1000","202506","1","391.2"
"20250612","DRV","KR4101W60000","코스피200 F 202506","1001","202506","1","391.15"
"20250612","DRV","KR4101W60000","코스피200 F 202506","1002","202506","1","391.1"
"20250612","DRV","KR4101W60000","코스피200 F 202506","1003","202506","1","391.05"
"20250612","DRV","KR4101W60000","코스피200 F 202506","1004","202506","1","391.1"
"20250612","DRV","KR4101W60000","코스피200 F 202506","1005","202506","1","391.1"
"20250612","DRV","KR4101W60000","코스피200 F 202506","1006","202506","1","391.2"
"20250612","DRV","KR4101W60000","코스피200 F 202506","1007","202506","1","391.7"
"20250612","DRV","KR4101W60000","코스피200 F 202506","1008","202506","1","391.7"
"20250612","DRV","KR4101W60000","코스피200 F 202506","1009","202506","1","391.9"
"20250612","DRV","KR4101W60000","코스피200 F 202506","1010","202506","1","391.85"
"20250612","DRV","KR4101W60000","코스피200 F 202506","1011","202506","1","391.55"
"20250612","DRV","KR4101W60000","코스피200 F 202506","1012","202506","1","391.7"
"20250612","DRV","KR4101W60000","코스피200 F 202506","1013","202506","1","391.75"
"20250612","DRV","KR4101W60000","코스피200 F 202506","1014","202506","1","391.8"
"20250612","DRV","KR4101W60000","코스피200 F 202506","1015","202506","1","391.75"
"20250612","DRV","KR4101W60000","코스피200 F 202506","1016","202506","1","391.7"
"20250612","DRV","KR4101W60000","코스피200 F 202506","1017","202506","1","391.7"
"20250612","DRV","KR4101W60000","코스피200 F 202506","1018","202506","1","392"
"20250612","DRV","KR4101W60000","코스피200 F 202506","1019","202506","1","391.95"
"20250612","DRV","KR4101W60000","코스피200 F 202506","1020","202506","1","391.65"
"20250612","DRV","KR4101W60000","코스피200 F 202506","1021","202506","1","391.4"
"20250612","DRV","KR4101W60000","코스피200 F 202506","1022","202506","1","391.25"
"20250612","DRV","KR4101W60000","코스피200 F 202506","1023","202506","1","390.9"
"20250612","DRV","KR4101W60000","코스피200 F 202506","1024","202506","1","390.85"
"20250612","DRV","KR4101W60000","코스피200 F 202506","1025","202506","1","390.85"
"20250612","DRV","KR4101W60000","코스피200 F 202506","1026","202506","1","391.1"
"20250612","DRV","KR4101W60000","코스피200 F 202506","1027","202506","1","390.85"
"20250612","DRV","KR4101W60000","코스피200 F 202506","1028","202506","1","390.8"
"20250612","DRV","KR4101W60000","코스피200 F 202506","1029","202506","1","390.75"
"20250612","DRV","KR4101W60000","코스피200 F 202506","1030","202506","1","390.85"
"20250612","DRV","KR4101W60000","코스피200 F 202506","1031","202506","1","391.1"
"20250612","DRV","KR4101W60000","코스피200 F 202506","1032","202506","1","391.25"
"20250612","DRV","KR4101W60000","코스피200 F 202506","1033","202506","1","391.1"
"20250612","DRV","KR4101W60000","코스피200 F 202506","1034","202506","1","391.15"
"20250612","DRV","KR4101W60000","코스피200 F 202506","1035","202506","1","391.25"
"20250612","DRV","KR4101W60000","코스피200 F 202506","1036","202506","1","391.15"
"20250612","DRV","KR4101W60000","코스피200 F 202506","1037","202506","1","390.8"
"20250612","DRV","KR4101W60000","코스피200 F 202506","1038","202506","1","390.8"
"20250612","DRV","KR4101W60000","코스피200 F 202506","1039","202506","1","390.8"
"20250612","DRV","KR4101W60000","코스피200 F 202506","1040","202506","1","390.85"
"20250612","DRV","KR4101W60000","코스피200 F 202506","1041","202506","1","390.9"
"20250612","DRV","KR4101W60000","코스피200 F 202506","1042","202506","1","391"
"20250612","DRV","KR4101W60000","코스피200 F 202506","1043","202506","1","390.7"
"20250612","DRV","KR4101W60000","코스피200 F 202506","1044","202506","1","390.8"
"20250612","DRV","KR4101W60000","코스피200 F 202506","1045","202506","1","390.5"
"20250612","DRV","KR4101W60000","코스피200 F 202506","1046","202506","1","390.6"
"20250612","DRV","KR4101W60000","코스피200 F 202506","1047","202506","1","390.5"
"20250612","DRV","KR4101W60000","코스피200 F 202506","1048","202506","1","390.45"
"20250612","DRV","KR4101W60000","코스피200 F 202506","1049","202506","1","390.55"
"20250612","DRV","KR4101W60000","코스피200 F 202506","1050","202506","1","390.8"
"20250612","DRV","KR4101W60000","코스피200 F 202506","1051","202506","1","390.7"
"20250612","DRV","KR4101W60000","코스피200 F 202506","1052","202506","1","390.95"
"20250612","DRV","KR4101W60000","코스피200 F 202506","1053","202506","1","391.25"
"20250612","DRV","KR4101W60000","코스피200 F 202506","1054","202506","1","391.2"
"20250612","DRV","KR4101W60000","코스피200 F 202506","1055","202506","1","391.15"
"20250612","DRV","KR4101W60000","코스피200 F 202506","1056","202506","1","391.2"
"20250612","DRV","KR4101W60000","코스피200 F 202506","1057","202506","1","391.15"
"20250612","DRV","KR4101W60000","코스피200 F 202506","1058","202506","1","391.2"
"20250612","DRV","KR4101W60000","코스피200 F 202506","1059","202506","1","391.35"
"20250612","DRV","KR4101W60000","코스피200 F 202506","1100","202506","1","391.75"
"20250612","DRV","KR4101W60000","코스피200 F 202506","1101","202506","1","391.65"
"20250612","DRV","KR4101W60000","코스피200 F 202506","1102","202506","1","391.55"
"20250612","DRV","KR4101W60000","코스피200 F 202506","1103","202506","1","391.5"
"20250612","DRV","KR4101W60000","코스피200 F 202506","1104","202506","1","391.25"
"20250612","DRV","KR4101W60000","코스피200 F 202506","1105","202506","1","391.2"
"20250612","DRV","KR4101W60000","코스피200 F 202506","1106","202506","1","391"
"20250612","DRV","KR4101W60000","코스피200 F 202506","1107","202506","1","391.1"
"20250612","DRV","KR4101W60000","코스피200 F 202506","1108","202506","1","391.1"
"20250612","DRV","KR4101W60000","코스피200 F 202506","1109","202506","1","391.15"
"20250612","DRV","KR4101W60000","코스피200 F 202506","1110","202506","1","391.3"
"20250612","DRV","KR4101W60000","코스피200 F 202506","1111","202506","1","391.45"
"20250612","DRV","KR4101W60000","코스피200 F 202506","1112","202506","1","391.4"
"20250612","DRV","KR4101W60000","코스피200 F 202506","1113","202506","1","391.4"
"20250612","DRV","KR4101W60000","코스피200 F 202506","1114","202506","1","391.4"
"20250612","DRV","KR4101W60000","코스피200 F 202506","1115","202506","1","391.2"
"20250612","DRV","KR4101W60000","코스피200 F 202506","1116","202506","1","391.3"
"20250612","DRV","KR4101W60000","코스피200 F 202506","1117","202506","1","391.5"
"20250612","DRV","KR4101W60000","코스피200 F 202506","1118","202506","1","391.55"
"20250612","DRV","KR4101W60000","코스피200 F 202506","1119","202506","1","391.6"
"20250612","DRV","KR4101W60000","코스피200 F 202506","1120","202506","1","391.6"
"20250612","DRV","KR4101W60000","코스피200 F 202506","1121","202506","1","391.45"
"20250612","DRV","KR4101W60000","코스피200 F 202506","1122","202506","1","391.3"
"20250612","DRV","KR4101W60000","코스피200 F 202506","1123","202506","1","391.4"
"20250612","DRV","KR4101W60000","코스피200 F 202506","1124","202506","1","391.25"
"20250612","DRV","KR4101W60000","코스피200 F 202506","1125","202506","1","391.3"
"20250612","DRV","KR4101W60000","코스피200 F 202506","1126","202506","1","391.4"
"20250612","DRV","KR4101W60000","코스피200 F 202506","1127","202506","1","391.3"
"20250612","DRV","KR4101W60000","코스피200 F 202506","1128","202506","1","391.25"
"20250612","DRV","KR4101W60000","코스피200 F 202506","1129","202506","1","391.35"
"20250612","DRV","KR4101W60000","코스피200 F 202506","1130","202506","1","391.25"
"20250612","DRV","KR4101W60000","코스피200 F 202506","1131","202506","1","391.05"
"20250612","DRV","KR4101W60000","코스피200 F 202506","1132","202506","1","391.05"
"20250612","DRV","KR4101W60000","코스피200 F 202506","1133","202506","1","391"
"20250612","DRV","KR4101W60000","코스피200 F 202506","1134","202506","1","391"
"20250612","DRV","KR4101W60000","코스피200 F 202506","1135","202506","1","391.15"
"20250612","DRV","KR4101W60000","코스피200 F 202506","1136","202506","1","391.35"
"20250612","DRV","KR4101W60000","코스피200 F 202506","1137","202506","1","391.2"
"20250612","DRV","KR4101W60000","코스피200 F 202506","1138","202506","1","391.15"
"20250612","DRV","KR4101W60000","코스피200 F 202506","1139","202506","1","391.1"
"20250612","DRV","KR4101W60000","코스피200 F 202506","1140","202506","1","391.2"
"20250612","DRV","KR4101W60000","코스피200 F 202506","1141","202506","1","391.1"
"20250612","DRV","KR4101W60000","코스피200 F 202506","1142","202506","1","391.1"
"20250612","DRV","KR4101W60000","코스피200 F 202506","1143","202506","1","391.25"
"20250612","DRV","KR4101W60000","코스피200 F 202506","1144","202506","1","391.1"
"20250612","DRV","KR4101W60000","코스피200 F 202506","1145","202506","1","391.15"
"20250612","DRV","KR4101W60000","코스피200 F 202506","1146","202506","1","391.15"
"20250612","DRV","KR4101W60000","코스피200 F 202506","1147","202506","1","391.15"
"20250612","DRV","KR4101W60000","코스피200 F 202506","1148","202506","1","391.2"
"20250612","DRV","KR4101W60000","코스피200 F 202506","1149","202506","1","391.1"
"20250612","DRV","KR4101W60000","코스피200 F 202506","1150","202506","1","391.3"
"20250612","DRV","KR4101W60000","코스피200 F 202506","1151","202506","1","391.35"
"20250612","DRV","KR4101W60000","코스피200 F 202506","1152","202506","1","391.5"
"20250612","DRV","KR4101W60000","코스피200 F 202506","1153","202506","1","391.45"
"20250612","DRV","KR4101W60000","코스피200 F 202506","1154","202506","1","391.3"
"20250612","DRV","KR4101W60000","코스피200 F 202506","1155","202506","1","391.5"
"20250612","DRV","KR4101W60000","코스피200 F 202506","1156","202506","1","391.55"
"20250612","DRV","KR4101W60000","코스피200 F 202506","1157","202506","1","391.5"
"20250612","DRV","KR4101W60000","코스피200 F 202506","1158","202506","1","391.65"
"20250612","DRV","KR4101W60000","코스피200 F 202506","1159","202506","1","391.65"
"20250612","DRV","KR4101W60000","코스피200 F 202506","1200","202506","1","391.9"
"20250612","DRV","KR4101W60000","코스피200 F 202506","1201","202506","1","392.1"
"20250612","DRV","KR4101W60000","코스피200 F 202506","1202","202506","1","391.85"
"20250612","DRV","KR4101W60000","코스피200 F 202506","1203","202506","1","391.95"
"20250612","DRV","KR4101W60000","코스피200 F 202506","1204","202506","1","391.9"
"20250612","DRV","KR4101W60000","코스피200 F 202506","1205","202506","1","391.95"
"20250612","DRV","KR4101W60000","코스피200 F 202506","1206","202506","1","391.9"
"20250612","DRV","KR4101W60000","코스피200 F 202506","1207","202506","1","391.95"
"20250612","DRV","KR4101W60000","코스피200 F 202506","1208","202506","1","391.9"
"20250612","DRV","KR4101W60000","코스피200 F 202506","1209","202506","1","392.05"
"20250612","DRV","KR4101W60000","코스피200 F 202506","1210","202506","1","391.9"
"20250612","DRV","KR4101W60000","코스피200 F 202506","1211","202506","1","392.1"
"20250612","DRV","KR4101W60000","코스피200 F 202506","1212","202506","1","392.15"
"20250612","DRV","KR4101W60000","코스피200 F 202506","1213","202506","1","392.15"
"20250612","DRV","KR4101W60000","코스피200 F 202506","1214","202506","1","392.4"
"20250612","DRV","KR4101W60000","코스피200 F 202506","1215","202506","1","392.7"
"20250612","DRV","KR4101W60000","코스피200 F 202506","1216","202506","1","392.8"
"20250612","DRV","KR4101W60000","코스피200 F 202506","1217","202506","1","392.6"
"20250612","DRV","KR4101W60000","코스피200 F 202506","1218","202506","1","392.55"
"20250612","DRV","KR4101W60000","코스피200 F 202506","1219","202506","1","392.6"
"20250612","DRV","KR4101W60000","코스피200 F 202506","1220","202506","1","392.25"
"20250612","DRV","KR4101W60000","코스피200 F 202506","1221","202506","1","392.2"
"20250612","DRV","KR4101W60000","코스피200 F 202506","1222","202506","1","392.2"
"20250612","DRV","KR4101W60000","코스피200 F 202506","1223","202506","1","392.05"
"20250612","DRV","KR4101W60000","코스피200 F 202506","1224","202506","1","392.25"
"20250612","DRV","KR4101W60000","코스피200 F 202506","1225","202506","1","392.45"
"20250612","DRV","KR4101W60000","코스피200 F 202506","1226","202506","1","392.3"
"20250612","DRV","KR4101W60000","코스피200 F 202506","1227","202506","1","392.3"
"20250612","DRV","KR4101W60000","코스피200 F 202506","1228","202506","1","392.4"
"20250612","DRV","KR4101W60000","코스피200 F 202506","1229","202506","1","392.5"
"20250612","DRV","KR4101W60000","코스피200 F 202506","1230","202506","1","392.6"
"20250612","DRV","KR4101W60000","코스피200 F 202506","1231","202506","1","392.55"
"20250612","DRV","KR4101W60000","코스피200 F 202506","1232","202506","1","392.65"
"20250612","DRV","KR4101W60000","코스피200 F 202506","1233","202506","1","392.6"
"20250612","DRV","KR4101W60000","코스피200 F 202506","1234","202506","1","392.6"
"20250612","DRV","KR4101W60000","코스피200 F 202506","1235","202506","1","392.6"
"20250612","DRV","KR4101W60000","코스피200 F 202506","1236","202506","1","392.7"
"20250612","DRV","KR4101W60000","코스피200 F 202506","1237","202506","1","392.9"
"20250612","DRV","KR4101W60000","코스피200 F 202506","1238","202506","1","393.15"
"20250612","DRV","KR4101W60000","코스피200 F 202506","1239","202506","1","393.2"
"20250612","DRV","KR4101W60000","코스피200 F 202506","1240","202506","1","393.1"
"20250612","DRV","KR4101W60000","코스피200 F 202506","1241","202506","1","393.05"
"20250612","DRV","KR4101W60000","코스피200 F 202506","1242","202506","1","392.95"
"20250612","DRV","KR4101W60000","코스피200 F 202506","1243","202506","1","392.9"
"20250612","DRV","KR4101W60000","코스피200 F 202506","1244","202506","1","392.95"
"20250612","DRV","KR4101W60000","코스피200 F 202506","1245","202506","1","393.15"
"20250612","DRV","KR4101W60000","코스피200 F 202506","1246","202506","1","393.1"
"20250612","DRV","KR4101W60000","코스피200 F 202506","1247","202506","1","393.2"
"20250612","DRV","KR4101W60000","코스피200 F 202506","1248","202506","1","393"
"20250612","DRV","KR4101W60000","코스피200 F 202506","1249","202506","1","392.75"
"20250612","DRV","KR4101W60000","코스피200 F 202506","1250","202506","1","392.75"
"20250612","DRV","KR4101W60000","코스피200 F 202506","1251","202506","1","392.7"
"20250612","DRV","KR4101W60000","코스피200 F 202506","1252","202506","1","392.55"
"20250612","DRV","KR4101W60000","코스피200 F 202506","1253","202506","1","392.55"
"20250612","DRV","KR4101W60000","코스피200 F 202506","1254","202506","1","392.6"
"20250612","DRV","KR4101W60000","코스피200 F 202506","1255","202506","1","392.45"
"20250612","DRV","KR4101W60000","코스피200 F 202506","1256","202506","1","392.4"
"20250612","DRV","KR4101W60000","코스피200 F 202506","1257","202506","1","392.25"
"20250612","DRV","KR4101W60000","코스피200 F 202506","1258","202506","1","392.4"
"20250612","DRV","KR4101W60000","코스피200 F 202506","1259","202506","1","392.35"
"20250612","DRV","KR4101W60000","코스피200 F 202506","1300","202506","1","392.3"
"20250612","DRV","KR4101W60000","코스피200 F 202506","1301","202506","1","392.5"
"20250612","DRV","KR4101W60000","코스피200 F 202506","1302","202506","1","392.65"
"20250612","DRV","KR4101W60000","코스피200 F 202506","1303","202506","1","392.55"
"20250612","DRV","KR4101W60000","코스피200 F 202506","1304","202506","1","392.45"
"20250612","DRV","KR4101W60000","코스피200 F 202506","1305","202506","1","392.65"
"20250612","DRV","KR4101W60000","코스피200 F 202506","1306","202506","1","392.7"
"20250612","DRV","KR4101W60000","코스피200 F 202506","1307","202506","1","392.7"
"20250612","DRV","KR4101W60000","코스피200 F 202506","1308","202506","1","392.65"
"20250612","DRV","KR4101W60000","코스피200 F 202506","1309","202506","1","392.7"
"20250612","DRV","KR4101W60000","코스피200 F 202506","1310","202506","1","392.95"
"20250612","DRV","KR4101W60000","코스피200 F 202506","1311","202506","1","392.85"
"20250612","DRV","KR4101W60000","코스피200 F 202506","1312","202506","1","392.7"
"20250612","DRV","KR4101W60000","코스피200 F 202506","1313","202506","1","392.8"
"20250612","DRV","KR4101W60000","코스피200 F 202506","1314","202506","1","392.85"
"20250612","DRV","KR4101W60000","코스피200 F 202506","1315","202506","1","392.65"
"20250612","DRV","KR4101W60000","코스피200 F 202506","1316","202506","1","392.8"
"20250612","DRV","KR4101W60000","코스피200 F 202506","1317","202506","1","392.8"
"20250612","DRV","KR4101W60000","코스피200 F 202506","1318","202506","1","392.75"
"20250612","DRV","KR4101W60000","코스피200 F 202506","1319","202506","1","392.65"
"20250612","DRV","KR4101W60000","코스피200 F 202506","1320","202506","1","392.6"
"20250612","DRV","KR4101W60000","코스피200 F 202506","1321","202506","1","392.45"
"20250612","DRV","KR4101W60000","코스피200 F 202506","1322","202506","1","392.45"
"20250612","DRV","KR4101W60000","코스피200 F 202506","1323","202506","1","392.4"
"20250612","DRV","KR4101W60000","코스피200 F 202506","1324","202506","1","392.55"
"20250612","DRV","KR4101W60000","코스피200 F 202506","1325","202506","1","392.4"
"20250612","DRV","KR4101W60000","코스피200 F 202506","1326","202506","1","392.35"
"20250612","DRV","KR4101W60000","코스피200 F 202506","1327","202506","1","392.45"
"20250612","DRV","KR4101W60000","코스피200 F 202506","1328","202506","1","392.65"
"20250612","DRV","KR4101W60000","코스피200 F 202506","1329","202506","1","392.6"
"20250612","DRV","KR4101W60000","코스피200 F 202506","1330","202506","1","392.45"
"20250612","DRV","KR4101W60000","코스피200 F 202506","1331","202506","1","392.45"
"20250612","DRV","KR4101W60000","코스피200 F 202506","1332","202506","1","392.5"
"20250612","DRV","KR4101W60000","코스피200 F 202506","1333","202506","1","392.4"
"20250612","DRV","KR4101W60000","코스피200 F 202506","1334","202506","1","392.45"
"20250612","DRV","KR4101W60000","코스피200 F 202506","1335","202506","1","392.35"
"20250612","DRV","KR4101W60000","코스피200 F 202506","1336","202506","1","392.45"
"20250612","DRV","KR4101W60000","코스피200 F 202506","1337","202506","1","392.2"
"20250612","DRV","KR4101W60000","코스피200 F 202506","1338","202506","1","392.2"
"20250612","DRV","KR4101W60000","코스피200 F 202506","1339","202506","1","392.25"
"20250612","DRV","KR4101W60000","코스피200 F 202506","1340","202506","1","392.3"
"20250612","DRV","KR4101W60000","코스피200 F 202506","1341","202506","1","392.3"
"20250612","DRV","KR4101W60000","코스피200 F 202506","1342","202506","1","392.3"
"20250612","DRV","KR4101W60000","코스피200 F 202506","1343","202506","1","392.3"
"20250612","DRV","KR4101W60000","코스피200 F 202506","1344","202506","1","392.25"
"20250612","DRV","KR4101W60000","코스피200 F 202506","1345","202506","1","392.15"
"20250612","DRV","KR4101W60000","코스피200 F 202506","1346","202506","1","392.15"
"20250612","DRV","KR4101W60000","코스피200 F 202506","1347","202506","1","392.05"
"20250612","DRV","KR4101W60000","코스피200 F 202506","1348","202506","1","392.1"
"20250612","DRV","KR4101W60000","코스피200 F 202506","1349","202506","1","392"
"20250612","DRV","KR4101W60000","코스피200 F 202506","1350","202506","1","392.05"
"20250612","DRV","KR4101W60000","코스피200 F 202506","1351","202506","1","392.1"
"20250612","DRV","KR4101W60000","코스피200 F 202506","1352","202506","1","392.3"
"20250612","DRV","KR4101W60000","코스피200 F 202506","1353","202506","1","392.2"
"20250612","DRV","KR4101W60000","코스피200 F 202506","1354","202506","1","392.25"
"20250612","DRV","KR4101W60000","코스피200 F 202506","1355","202506","1","392.2"
"20250612","DRV","KR4101W60000","코스피200 F 202506","1356","202506","1","392.1"
"20250612","DRV","KR4101W60000","코스피200 F 202506","1357","202506","1","392.05"
"20250612","DRV","KR4101W60000","코스피200 F 202506","1358","202506","1","392.05"
"20250612","DRV","KR4101W60000","코스피200 F 202506","1359","202506","1","392.2"
"20250612","DRV","KR4101W60000","코스피200 F 202506","1400","202506","1","392"
"20250612","DRV","KR4101W60000","코스피200 F 202506","1401","202506","1","391.95"
"20250612","DRV","KR4101W60000","코스피200 F 202506","1402","202506","1","391.9"
"20250612","DRV","KR4101W60000","코스피200 F 202506","1403","202506","1","391.75"
"20250612","DRV","KR4101W60000","코스피200 F 202506","1404","202506","1","391.8"
"20250612","DRV","KR4101W60000","코스피200 F 202506","1405","202506","1","391.95"
"20250612","DRV","KR4101W60000","코스피200 F 202506","1406","202506","1","392.2"
"20250612","DRV","KR4101W60000","코스피200 F 202506","1407","202506","1","392.15"
"20250612","DRV","KR4101W60000","코스피200 F 202506","1408","202506","1","391.8"
"20250612","DRV","KR4101W60000","코스피200 F 202506","1409","202506","1","391.9"
"20250612","DRV","KR4101W60000","코스피200 F 202506","1410","202506","1","391.95"
"20250612","DRV","KR4101W60000","코스피200 F 202506","1411","202506","1","391.8"
"20250612","DRV","KR4101W60000","코스피200 F 202506","1412","202506","1","391.75"
"20250612","DRV","KR4101W60000","코스피200 F 202506","1413","202506","1","391.75"
"20250612","DRV","KR4101W60000","코스피200 F 202506","1414","202506","1","391.6"
"20250612","DRV","KR4101W60000","코스피200 F 202506","1415","202506","1","391.65"
"20250612","DRV","KR4101W60000","코스피200 F 202506","1416","202506","1","391.6"
"20250612","DRV","KR4101W60000","코스피200 F 202506","1417","202506","1","391.5"
"20250612","DRV","KR4101W60000","코스피200 F 202506","1418","202506","1","391.3"
"20250612","DRV","KR4101W60000","코스피200 F 202506","1419","202506","1","391.2"
"20250612","DRV","KR4101W60000","코스피200 F 202506","1420","202506","1","391.45"
"20250612","DRV","KR4101W60000","코스피200 F 202506","1421","202506","1","391.25"
"20250612","DRV","KR4101W60000","코스피200 F 202506","1422","202506","1","391.55"
"20250612","DRV","KR4101W60000","코스피200 F 202506","1423","202506","1","391.55"
"20250612","DRV","KR4101W60000","코스피200 F 202506","1424","202506","1","391.5"
"20250612","DRV","KR4101W60000","코스피200 F 202506","1425","202506","1","391.45"
"20250612","DRV","KR4101W60000","코스피200 F 202506","1426","202506","1","391.45"
"20250612","DRV","KR4101W60000","코스피200 F 202506","1427","202506","1","391.45"
"20250612","DRV","KR4101W60000","코스피200 F 202506","1428","202506","1","391.25"
"20250612","DRV","KR4101W60000","코스피200 F 202506","1429","202506","1","391.2"
"20250612","DRV","KR4101W60000","코스피200 F 202506","1430","202506","1","391.25"
"20250612","DRV","KR4101W60000","코스피200 F 202506","1431","202506","1","391.2"
"20250612","DRV","KR4101W60000","코스피200 F 202506","1432","202506","1","391.25"
"20250612","DRV","KR4101W60000","코스피200 F 202506","1433","202506","1","391.25"
"20250612","DRV","KR4101W60000","코스피200 F 202506","1434","202506","1","391"
"20250612","DRV","KR4101W60000","코스피200 F 202506","1435","202506","1","390.8"
"20250612","DRV","KR4101W60000","코스피200 F 202506","1436","202506","1","390.45"
"20250612","DRV","KR4101W60000","코스피200 F 202506","1437","202506","1","390.6"
"20250612","DRV","KR4101W60000","코스피200 F 202506","1438","202506","1","390.45"
"20250612","DRV","KR4101W60000","코스피200 F 202506","1439","202506","1","390.3"
"20250612","DRV","KR4101W60000","코스피200 F 202506","1440","202506","1","390.3"
"20250612","DRV","KR4101W60000","코스피200 F 202506","1441","202506","1","390.25"
"20250612","DRV","KR4101W60000","코스피200 F 202506","1442","202506","1","390.3"
"20250612","DRV","KR4101W60000","코스피200 F 202506","1443","202506","1","390.2"
"20250612","DRV","KR4101W60000","코스피200 F 202506","1444","202506","1","390.25"
"20250612","DRV","KR4101W60000","코스피200 F 202506","1445","202506","1","390.15"
"20250612","DRV","KR4101W60000","코스피200 F 202506","1446","202506","1","390.05"
"20250612","DRV","KR4101W60000","코스피200 F 202506","1447","202506","1","389.9"
"20250612","DRV","KR4101W60000","코스피200 F 202506","1448","202506","1","389.7"
"20250612","DRV","KR4101W60000","코스피200 F 202506","1449","202506","1","390"
"20250612","DRV","KR4101W60000","코스피200 F 202506","1450","202506","1","390.25"
"20250612","DRV","KR4101W60000","코스피200 F 202506","1451","202506","1","390"
"20250612","DRV","KR4101W60000","코스피200 F 202506","1452","202506","1","389.95"
"20250612","DRV","KR4101W60000","코스피200 F 202506","1453","202506","1","390.2"
"20250612","DRV","KR4101W60000","코스피200 F 202506","1454","202506","1","390"
"20250612","DRV","KR4101W60000","코스피200 F 202506","1455","202506","1","389.95"
"20250612","DRV","KR4101W60000","코스피200 F 202506","1456","202506","1","390"
"20250612","DRV","KR4101W60000","코스피200 F 202506","1457","202506","1","390.05"
"20250612","DRV","KR4101W60000","코스피200 F 202506","1458","202506","1","390"
"20250612","DRV","KR4101W60000","코스피200 F 202506","1459","202506","1","390.05"
"20250612","DRV","KR4101W60000","코스피200 F 202506","1500","202506","1","389.9"
"20250612","DRV","KR4101W60000","코스피200 F 202506","1501","202506","1","389.8"
"20250612","DRV","KR4101W60000","코스피200 F 202506","1502","202506","1","389.9"
"20250612","DRV","KR4101W60000","코스피200 F 202506","1503","202506","1","389.9"
"20250612","DRV","KR4101W60000","코스피200 F 202506","1504","202506","1","389.95"
"20250612","DRV","KR4101W60000","코스피200 F 202506","1505","202506","1","389.95"
"20250612","DRV","KR4101W60000","코스피200 F 202506","1506","202506","1","389.85"
"20250612","DRV","KR4101W60000","코스피200 F 202506","1507","202506","1","389.95"
"20250612","DRV","KR4101W60000","코스피200 F 202506","1508","202506","1","390.4"
"20250612","DRV","KR4101W60000","코스피200 F 202506","1509","202506","1","390.6"
"20250612","DRV","KR4101W60000","코스피200 F 202506","1510","202506","1","390.65"
"20250612","DRV","KR4101W60000","코스피200 F 202506","1511","202506","1","390.45"
"20250612","DRV","KR4101W60000","코스피200 F 202506","1512","202506","1","390.55"
"20250612","DRV","KR4101W60000","코스피200 F 202506","1513","202506","1","390.55"
"20250612","DRV","KR4101W60000","코스피200 F 202506","1514","202506","1","390.4"
"20250612","DRV","KR4101W60000","코스피200 F 202506","1515","202506","1","390.15"
"20250612","DRV","KR4101W60000","코스피200 F 202506","1516","202506","1","390.05"
"20250612","DRV","KR4101W60000","코스피200 F 202506","1517","202506","1","390.05"
"20250612","DRV","KR4101W60000","코스피200 F 202506","1518","202506","1","390.1"
"20250612","DRV","KR4101W60000","코스피200 F 202506","1519","202506","1","390.3"
"20250612","DRV","KR4101W90007","코스피200 F 202509","0845","202509","2","390.55"
"20250612","DRV","KR4101W90007","코스피200 F 202509","0846","202509","2","390.4"
"20250612","DRV","KR4101W90007","코스피200 F 202509","0847","202509","2","389.85"
"20250612","DRV","KR4101W90007","코스피200 F 202509","0848","202509","2","389.7"
"20250612","DRV","KR4101W90007","코스피200 F 202509","0849","202509","2","389.5"
"20250612","DRV","KR4101W90007","코스피200 F 202509","0850","202509","2","389.85"
"20250612","DRV","KR4101W90007","코스피200 F 202509","0851","202509","2","389.85"
"20250612","DRV","KR4101W90007","코스피200 F 202509","0852","202509","2","389.8"
"20250612","DRV","KR4101W90007","코스피200 F 202509","0853","202509","2","389.7"
"20250612","DRV","KR4101W90007","코스피200 F 202509","0854","202509","2","389.8"
"20250612","DRV","KR4101W90007","코스피200 F 202509","0855","202509","2","389.8"
"20250612","DRV","KR4101W90007","코스피200 F 202509","0856","202509","2","389.65"
"20250612","DRV","KR4101W90007","코스피200 F 202509","0857","202509","2","389.5"
"20250612","DRV","KR4101W90007","코스피200 F 202509","0858","202509","2","389.85"
"20250612","DRV","KR4101W90007","코스피200 F 202509","0859","202509","2","390.15"
"20250612","DRV","KR4101W90007","코스피200 F 202509","0900","202509","2","391.25"
"20250612","DRV","KR4101W90007","코스피200 F 202509","0901","202509","2","391.15"
"20250612","DRV","KR4101W90007","코스피200 F 202509","0902","202509","2","390.85"
"20250612","DRV","KR4101W90007","코스피200 F 202509","0903","202509","2","391.4"
"20250612","DRV","KR4101W90007","코스피200 F 202509","0904","202509","2","391.4"
"20250612","DRV","KR4101W90007","코스피200 F 202509","0905","202509","2","391.5"
"20250612","DRV","KR4101W90007","코스피200 F 202509","0906","202509","2","391.6"
"20250612","DRV","KR4101W90007","코스피200 F 202509","0907","202509","2","391.5"
"20250612","DRV","KR4101W90007","코스피200 F 202509","0908","202509","2","392.25"
"20250612","DRV","KR4101W90007","코스피200 F 202509","0909","202509","2","391.9"
"20250612","DRV","KR4101W90007","코스피200 F 202509","0910","202509","2","392.1"
"20250612","DRV","KR4101W90007","코스피200 F 202509","0911","202509","2","392.75"
"20250612","DRV","KR4101W90007","코스피200 F 202509","0912","202509","2","392.5"
"20250612","DRV","KR4101W90007","코스피200 F 202509","0913","202509","2","392.8"
"20250612","DRV","KR4101W90007","코스피200 F 202509","0914","202509","2","393.05"
"20250612","DRV","KR4101W90007","코스피200 F 202509","0915","202509","2","392.55"
"20250612","DRV","KR4101W90007","코스피200 F 202509","0916","202509","2","392.1"
"20250612","DRV","KR4101W90007","코스피200 F 202509","0917","202509","2","392.35"
"20250612","DRV","KR4101W90007","코스피200 F 202509","0918","202509","2","392.35"
"20250612","DRV","KR4101W90007","코스피200 F 202509","0919","202509","2","392.4"
"20250612","DRV","KR4101W90007","코스피200 F 202509","0920","202509","2","392.4"
"20250612","DRV","KR4101W90007","코스피200 F 202509","0921","202509","2","391.75"
"20250612","DRV","KR4101W90007","코스피200 F 202509","0922","202509","2","391.75"
"20250612","DRV","KR4101W90007","코스피200 F 202509","0923","202509","2","391.85"
"20250612","DRV","KR4101W90007","코스피200 F 202509","0924","202509","2","391.95"
"20250612","DRV","KR4101W90007","코스피200 F 202509","0925","202509","2","391.75"
"20250612","DRV","KR4101W90007","코스피200 F 202509","0926","202509","2","391.5"
"20250612","DRV","KR4101W90007","코스피200 F 202509","0927","202509","2","391.45"
"20250612","DRV","KR4101W90007","코스피200 F 202509","0928","202509","2","391.1"
"20250612","DRV","KR4101W90007","코스피200 F 202509","0929","202509","2","390.75"
"20250612","DRV","KR4101W90007","코스피200 F 202509","0930","202509","2","391.1"
"20250612","DRV","KR4101W90007","코스피200 F 202509","0931","202509","2","391.45"
"20250612","DRV","KR4101W90007","코스피200 F 202509","0932","202509","2","391.6"
"20250612","DRV","KR4101W90007","코스피200 F 202509","0933","202509","2","391.75"
"20250612","DRV","KR4101W90007","코스피200 F 202509","0934","202509","2","391.8"
"20250612","DRV","KR4101W90007","코스피200 F 202509","0935","202509","2","391.45"
"20250612","DRV","KR4101W90007","코스피200 F 202509","0936","202509","2","391.1"
"20250612","DRV","KR4101W90007","코스피200 F 202509","0937","202509","2","391.6"
"20250612","DRV","KR4101W90007","코스피200 F 202509","0938","202509","2","391.5"
"20250612","DRV","KR4101W90007","코스피200 F 202509","0939","202509","2","391.6"
"20250612","DRV","KR4101W90007","코스피200 F 202509","0940","202509","2","391.45"
"20250612","DRV","KR4101W90007","코스피200 F 202509","0941","202509","2","391.5"
"20250612","DRV","KR4101W90007","코스피200 F 202509","0942","202509","2","391.55"
"20250612","DRV","KR4101W90007","코스피200 F 202509","0943","202509","2","391.6"
"20250612","DRV","KR4101W90007","코스피200 F 202509","0944","202509","2","391.45"
"20250612","DRV","KR4101W90007","코스피200 F 202509","0945","202509","2","391.05"
"20250612","DRV","KR4101W90007","코스피200 F 202509","0946","202509","2","391.05"
"20250612","DRV","KR4101W90007","코스피200 F 202509","0947","202509","2","391.2"
"20250612","DRV","KR4101W90007","코스피200 F 202509","0948","202509","2","391.25"
"20250612","DRV","KR4101W90007","코스피200 F 202509","0949","202509","2","391.05"
"20250612","DRV","KR4101W90007","코스피200 F 202509","0950","202509","2","391.15"
"20250612","DRV","KR4101W90007","코스피200 F 202509","0951","202509","2","390.6"
"20250612","DRV","KR4101W90007","코스피200 F 202509","0952","202509","2","390.65"
"20250612","DRV","KR4101W90007","코스피200 F 202509","0953","202509","2","390.75"
"20250612","DRV","KR4101W90007","코스피200 F 202509","0954","202509","2","390.75"
"20250612","DRV","KR4101W90007","코스피200 F 202509","0955","202509","2","390.95"
"20250612","DRV","KR4101W90007","코스피200 F 202509","0956","202509","2","390.9"
"20250612","DRV","KR4101W90007","코스피200 F 202509","0957","202509","2","390.75"
"20250612","DRV","KR4101W90007","코스피200 F 202509","0958","202509","2","390.95"
"20250612","DRV","KR4101W90007","코스피200 F 202509","0959","202509","2","391.15"
"20250612","DRV","KR4101W90007","코스피200 F 202509","1000","202509","2","391.6"
"20250612","DRV","KR4101W90007","코스피200 F 202509","1001","202509","2","391.6"
"20250612","DRV","KR4101W90007","코스피200 F 202509","1002","202509","2","391.55"
"20250612","DRV","KR4101W90007","코스피200 F 202509","1003","202509","2","391.45"
"20250612","DRV","KR4101W90007","코스피200 F 202509","1004","202509","2","391.55"
"20250612","DRV","KR4101W90007","코스피200 F 202509","1005","202509","2","391.6"
"20250612","DRV","KR4101W90007","코스피200 F 202509","1006","202509","2","391.75"
"20250612","DRV","KR4101W90007","코스피200 F 202509","1007","202509","2","392.2"
"20250612","DRV","KR4101W90007","코스피200 F 202509","1008","202509","2","392.2"
"20250612","DRV","KR4101W90007","코스피200 F 202509","1009","202509","2","392.4"
"20250612","DRV","KR4101W90007","코스피200 F 202509","1010","202509","2","392.3"
"20250612","DRV","KR4101W90007","코스피200 F 202509","1011","202509","2","392.05"
"20250612","DRV","KR4101W90007","코스피200 F 202509","1012","202509","2","392.2"
"20250612","DRV","KR4101W90007","코스피200 F 202509","1013","202509","2","392.25"
"20250612","DRV","KR4101W90007","코스피200 F 202509","1014","202509","2","392.3"
"20250612","DRV","KR4101W90007","코스피200 F 202509","1015","202509","2","392.25"
"20250612","DRV","KR4101W90007","코스피200 F 202509","1016","202509","2","392.25"
"20250612","DRV","KR4101W90007","코스피200 F 202509","1017","202509","2","392.2"
"20250612","DRV","KR4101W90007","코스피200 F 202509","1018","202509","2","392.5"
"20250612","DRV","KR4101W90007","코스피200 F 202509","1019","202509","2","392.45"
"20250612","DRV","KR4101W90007","코스피200 F 202509","1020","202509","2","392.2"
"20250612","DRV","KR4101W90007","코스피200 F 202509","1021","202509","2","391.95"
"20250612","DRV","KR4101W90007","코스피200 F 202509","1022","202509","2","391.8"
"20250612","DRV","KR4101W90007","코스피200 F 202509","1023","202509","2","391.45"
"20250612","DRV","KR4101W90007","코스피200 F 202509","1024","202509","2","391.4"
"20250612","DRV","KR4101W90007","코스피200 F 202509","1025","202509","2","391.4"
"20250612","DRV","KR4101W90007","코스피200 F 202509","1026","202509","2","391.6"
"20250612","DRV","KR4101W90007","코스피200 F 202509","1027","202509","2","391.4"
"20250612","DRV","KR4101W90007","코스피200 F 202509","1028","202509","2","391.35"
"20250612","DRV","KR4101W90007","코스피200 F 202509","1029","202509","2","391.3"
"20250612","DRV","KR4101W90007","코스피200 F 202509","1030","202509","2","391.4"
"20250612","DRV","KR4101W90007","코스피200 F 202509","1031","202509","2","391.65"
"20250612","DRV","KR4101W90007","코스피200 F 202509","1032","202509","2","391.8"
"20250612","DRV","KR4101W90007","코스피200 F 202509","1033","202509","2","391.65"
"20250612","DRV","KR4101W90007","코스피200 F 202509","1034","202509","2","391.7"
"20250612","DRV","KR4101W90007","코스피200 F 202509","1035","202509","2","391.85"
"20250612","DRV","KR4101W90007","코스피200 F 202509","1036","202509","2","391.7"
"20250612","DRV","KR4101W90007","코스피200 F 202509","1037","202509","2","391.35"
"20250612","DRV","KR4101W90007","코스피200 F 202509","1038","202509","2","391.35"
"20250612","DRV","KR4101W90007","코스피200 F 202509","1039","202509","2","391.35"
"20250612","DRV","KR4101W90007","코스피200 F 202509","1040","202509","2","391.4"
"20250612","DRV","KR4101W90007","코스피200 F 202509","1041","202509","2","391.4"
"20250612","DRV","KR4101W90007","코스피200 F 202509","1042","202509","2","391.55"
"20250612","DRV","KR4101W90007","코스피200 F 202509","1043","202509","2","391.3"
"20250612","DRV","KR4101W90007","코스피200 F 202509","1044","202509","2","391.3"
"20250612","DRV","KR4101W90007","코스피200 F 202509","1045","202509","2","391.1"
"20250612","DRV","KR4101W90007","코스피200 F 202509","1046","202509","2","391.2"
"20250612","DRV","KR4101W90007","코스피200 F 202509","1047","202509","2","391.1"
"20250612","DRV","KR4101W90007","코스피200 F 202509","1048","202509","2","391.05"
"20250612","DRV","KR4101W90007","코스피200 F 202509","1049","202509","2","391.05"
"20250612","DRV","KR4101W90007","코스피200 F 202509","1050","202509","2","391.4"
"20250612","DRV","KR4101W90007","코스피200 F 202509","1051","202509","2","391.25"
"20250612","DRV","KR4101W90007","코스피200 F 202509","1052","202509","2","391.5"
"20250612","DRV","KR4101W90007","코스피200 F 202509","1053","202509","2","391.8"
"20250612","DRV","KR4101W90007","코스피200 F 202509","1054","202509","2","391.75"
"20250612","DRV","KR4101W90007","코스피200 F 202509","1055","202509","2","391.7"
"20250612","DRV","KR4101W90007","코스피200 F 202509","1056","202509","2","391.75"
"20250612","DRV","KR4101W90007","코스피200 F 202509","1057","202509","2","391.7"
"20250612","DRV","KR4101W90007","코스피200 F 202509","1058","202509","2","391.75"
"20250612","DRV","KR4101W90007","코스피200 F 202509","1059","202509","2","391.95"
"20250612","DRV","KR4101W90007","코스피200 F 202509","1100","202509","2","392.4"
"20250612","DRV","KR4101W90007","코스피200 F 202509","1101","202509","2","392.2"
"20250612","DRV","KR4101W90007","코스피200 F 202509","1102","202509","2","392.05"
"20250612","DRV","KR4101W90007","코스피200 F 202509","1103","202509","2","392.05"
"20250612","DRV","KR4101W90007","코스피200 F 202509","1104","202509","2","391.85"
"20250612","DRV","KR4101W90007","코스피200 F 202509","1105","202509","2","391.75"
"20250612","DRV","KR4101W90007","코스피200 F 202509","1106","202509","2","391.5"
"20250612","DRV","KR4101W90007","코스피200 F 202509","1107","202509","2","391.7"
"20250612","DRV","KR4101W90007","코스피200 F 202509","1108","202509","2","391.65"
"20250612","DRV","KR4101W90007","코스피200 F 202509","1109","202509","2","391.7"
"20250612","DRV","KR4101W90007","코스피200 F 202509","1110","202509","2","391.85"
"20250612","DRV","KR4101W90007","코스피200 F 202509","1111","202509","2","392"
"20250612","DRV","KR4101W90007","코스피200 F 202509","1112","202509","2","391.95"
"20250612","DRV","KR4101W90007","코스피200 F 202509","1113","202509","2","391.95"
"20250612","DRV","KR4101W90007","코스피200 F 202509","1114","202509","2","391.95"
"20250612","DRV","KR4101W90007","코스피200 F 202509","1115","202509","2","391.7"
"20250612","DRV","KR4101W90007","코스피200 F 202509","1116","202509","2","391.8"
"20250612","DRV","KR4101W90007","코스피200 F 202509","1117","202509","2","392.05"
"20250612","DRV","KR4101W90007","코스피200 F 202509","1118","202509","2","392.05"
"20250612","DRV","KR4101W90007","코스피200 F 202509","1119","202509","2","392.15"
"20250612","DRV","KR4101W90007","코스피200 F 202509","1120","202509","2","392.15"
"20250612","DRV","KR4101W90007","코스피200 F 202509","1121","202509","2","392"
"20250612","DRV","KR4101W90007","코스피200 F 202509","1122","202509","2","391.85"
"20250612","DRV","KR4101W90007","코스피200 F 202509","1123","202509","2","391.9"
"20250612","DRV","KR4101W90007","코스피200 F 202509","1124","202509","2","391.85"
"20250612","DRV","KR4101W90007","코스피200 F 202509","1125","202509","2","391.85"
"20250612","DRV","KR4101W90007","코스피200 F 202509","1126","202509","2","391.95"
"20250612","DRV","KR4101W90007","코스피200 F 202509","1127","202509","2","391.85"
"20250612","DRV","KR4101W90007","코스피200 F 202509","1128","202509","2","391.8"
"20250612","DRV","KR4101W90007","코스피200 F 202509","1129","202509","2","391.95"
"20250612","DRV","KR4101W90007","코스피200 F 202509","1130","202509","2","391.8"
"20250612","DRV","KR4101W90007","코스피200 F 202509","1131","202509","2","391.6"
"20250612","DRV","KR4101W90007","코스피200 F 202509","1132","202509","2","391.6"
"20250612","DRV","KR4101W90007","코스피200 F 202509","1133","202509","2","391.5"
"20250612","DRV","KR4101W90007","코스피200 F 202509","1134","202509","2","391.6"
"20250612","DRV","KR4101W90007","코스피200 F 202509","1135","202509","2","391.75"
"20250612","DRV","KR4101W90007","코스피200 F 202509","1136","202509","2","391.9"
"20250612","DRV","KR4101W90007","코스피200 F 202509","1137","202509","2","391.75"
"20250612","DRV","KR4101W90007","코스피200 F 202509","1138","202509","2","391.75"
"20250612","DRV","KR4101W90007","코스피200 F 202509","1139","202509","2","391.65"
"20250612","DRV","KR4101W90007","코스피200 F 202509","1140","202509","2","391.75"
"20250612","DRV","KR4101W90007","코스피200 F 202509","1141","202509","2","391.65"
"20250612","DRV","KR4101W90007","코스피200 F 202509","1142","202509","2","391.65"
"20250612","DRV","KR4101W90007","코스피200 F 202509","1143","202509","2","391.85"
"20250612","DRV","KR4101W90007","코스피200 F 202509","1144","202509","2","391.65"
"20250612","DRV","KR4101W90007","코스피200 F 202509","1145","202509","2","391.7"
"20250612","DRV","KR4101W90007","코스피200 F 202509","1146","202509","2","391.65"
"20250612","DRV","KR4101W90007","코스피200 F 202509","1147","202509","2","391.65"
"20250612","DRV","KR4101W90007","코스피200 F 202509","1148","202509","2","391.8"
"20250612","DRV","KR4101W90007","코스피200 F 202509","1149","202509","2","391.7"
"20250612","DRV","KR4101W90007","코스피200 F 202509","1150","202509","2","391.85"
"20250612","DRV","KR4101W90007","코스피200 F 202509","1151","202509","2","391.95"
"20250612","DRV","KR4101W90007","코스피200 F 202509","1152","202509","2","392.1"
"20250612","DRV","KR4101W90007","코스피200 F 202509","1153","202509","2","392.1"
"20250612","DRV","KR4101W90007","코스피200 F 202509","1154","202509","2","391.9"
"20250612","DRV","KR4101W90007","코스피200 F 202509","1155","202509","2","392.1"
"20250612","DRV","KR4101W90007","코스피200 F 202509","1156","202509","2","392.15"
"20250612","DRV","KR4101W90007","코스피200 F 202509","1157","202509","2","392.15"
"20250612","DRV","KR4101W90007","코스피200 F 202509","1158","202509","2","392.25"
"20250612","DRV","KR4101W90007","코스피200 F 202509","1159","202509","2","392.3"
"20250612","DRV","KR4101W90007","코스피200 F 202509","1200","202509","2","392.6"
"20250612","DRV","KR4101W90007","코스피200 F 202509","1201","202509","2","392.75"
"20250612","DRV","KR4101W90007","코스피200 F 202509","1202","202509","2","392.6"
"20250612","DRV","KR4101W90007","코스피200 F 202509","1203","202509","2","392.6"
"20250612","DRV","KR4101W90007","코스피200 F 202509","1204","202509","2","392.55"
"20250612","DRV","KR4101W90007","코스피200 F 202509","1205","202509","2","392.6"
"20250612","DRV","KR4101W90007","코스피200 F 202509","1206","202509","2","392.6"
"20250612","DRV","KR4101W90007","코스피200 F 202509","1207","202509","2","392.65"
"20250612","DRV","KR4101W90007","코스피200 F 202509","1208","202509","2","392.65"
"20250612","DRV","KR4101W90007","코스피200 F 202509","1209","202509","2","392.75"
"20250612","DRV","KR4101W90007","코스피200 F 202509","1210","202509","2","392.6"
"20250612","DRV","KR4101W90007","코스피200 F 202509","1211","202509","2","392.9"
"20250612","DRV","KR4101W90007","코스피200 F 202509","1212","202509","2","392.9"
"20250612","DRV","KR4101W90007","코스피200 F 202509","1213","202509","2","393"
"20250612","DRV","KR4101W90007","코스피200 F 202509","1214","202509","2","393.15"
"20250612","DRV","KR4101W90007","코스피200 F 202509","1215","202509","2","393.45"
"20250612","DRV","KR4101W90007","코스피200 F 202509","1216","202509","2","393.5"
"20250612","DRV","KR4101W90007","코스피200 F 202509","1217","202509","2","393.35"
"20250612","DRV","KR4101W90007","코스피200 F 202509","1218","202509","2","393.2"
"20250612","DRV","KR4101W90007","코스피200 F 202509","1219","202509","2","393.25"
"20250612","DRV","KR4101W90007","코스피200 F 202509","1220","202509","2","392.9"
"20250612","DRV","KR4101W90007","코스피200 F 202509","1221","202509","2","392.9"
"20250612","DRV","KR4101W90007","코스피200 F 202509","1222","202509","2","392.9"
"20250612","DRV","KR4101W90007","코스피200 F 202509","1223","202509","2","392.75"
"20250612","DRV","KR4101W90007","코스피200 F 202509","1224","202509","2","392.95"
"20250612","DRV","KR4101W90007","코스피200 F 202509","1225","202509","2","393.15"
"20250612","DRV","KR4101W90007","코스피200 F 202509","1226","202509","2","393"
"20250612","DRV","KR4101W90007","코스피200 F 202509","1227","202509","2","393"
"20250612","DRV","KR4101W90007","코스피200 F 202509","1228","202509","2","393.1"
"20250612","DRV","KR4101W90007","코스피200 F 202509","1229","202509","2","393.2"
"20250612","DRV","KR4101W90007","코스피200 F 202509","1230","202509","2","393.25"
"20250612","DRV","KR4101W90007","코스피200 F 202509","1231","202509","2","393.25"
"20250612","DRV","KR4101W90007","코스피200 F 202509","1232","202509","2","393.35"
"20250612","DRV","KR4101W90007","코스피200 F 202509","1233","202509","2","393.3"
"20250612","DRV","KR4101W90007","코스피200 F 202509","1234","202509","2","393.2"
"20250612","DRV","KR4101W90007","코스피200 F 202509","1235","202509","2","393.25"
"20250612","DRV","KR4101W90007","코스피200 F 202509","1236","202509","2","393.35"
"20250612","DRV","KR4101W90007","코스피200 F 202509","1237","202509","2","393.6"
"20250612","DRV","KR4101W90007","코스피200 F 202509","1238","202509","2","393.9"
"20250612","DRV","KR4101W90007","코스피200 F 202509","1239","202509","2","393.85"
"20250612","DRV","KR4101W90007","코스피200 F 202509","1240","202509","2","393.75"
"20250612","DRV","KR4101W90007","코스피200 F 202509","1241","202509","2","393.7"
"20250612","DRV","KR4101W90007","코스피200 F 202509","1242","202509","2","393.55"
"20250612","DRV","KR4101W90007","코스피200 F 202509","1243","202509","2","393.55"
"20250612","DRV","KR4101W90007","코스피200 F 202509","1244","202509","2","393.6"
"20250612","DRV","KR4101W90007","코스피200 F 202509","1245","202509","2","393.85"
"20250612","DRV","KR4101W90007","코스피200 F 202509","1246","202509","2","393.75"
"20250612","DRV","KR4101W90007","코스피200 F 202509","1247","202509","2","393.85"
"20250612","DRV","KR4101W90007","코스피200 F 202509","1248","202509","2","393.7"
"20250612","DRV","KR4101W90007","코스피200 F 202509","1249","202509","2","393.45"
"20250612","DRV","KR4101W90007","코스피200 F 202509","1250","202509","2","393.4"
"20250612","DRV","KR4101W90007","코스피200 F 202509","1251","202509","2","393.35"
"20250612","DRV","KR4101W90007","코스피200 F 202509","1252","202509","2","393.15"
"20250612","DRV","KR4101W90007","코스피200 F 202509","1253","202509","2","393.25"
"20250612","DRV","KR4101W90007","코스피200 F 202509","1254","202509","2","393.15"
"20250612","DRV","KR4101W90007","코스피200 F 202509","1255","202509","2","393.1"
"20250612","DRV","KR4101W90007","코스피200 F 202509","1256","202509","2","392.95"
"20250612","DRV","KR4101W90007","코스피200 F 202509","1257","202509","2","392.9"
"20250612","DRV","KR4101W90007","코스피200 F 202509","1258","202509","2","393"
"20250612","DRV","KR4101W90007","코스피200 F 202509","1259","202509","2","392.95"
"20250612","DRV","KR4101W90007","코스피200 F 202509","1300","202509","2","392.9"
"20250612","DRV","KR4101W90007","코스피200 F 202509","1301","202509","2","393.1"
"20250612","DRV","KR4101W90007","코스피200 F 202509","1302","202509","2","393.25"
"20250612","DRV","KR4101W90007","코스피200 F 202509","1303","202509","2","393.2"
"20250612","DRV","KR4101W90007","코스피200 F 202509","1304","202509","2","393.1"
"20250612","DRV","KR4101W90007","코스피200 F 202509","1305","202509","2","393.25"
"20250612","DRV","KR4101W90007","코스피200 F 202509","1306","202509","2","393.35"
"20250612","DRV","KR4101W90007","코스피200 F 202509","1307","202509","2","393.3"
"20250612","DRV","KR4101W90007","코스피200 F 202509","1308","202509","2","393.3"
"20250612","DRV","KR4101W90007","코스피200 F 202509","1309","202509","2","393.3"
"20250612","DRV","KR4101W90007","코스피200 F 202509","1310","202509","2","393.5"
"20250612","DRV","KR4101W90007","코스피200 F 202509","1311","202509","2","393.45"
"20250612","DRV","KR4101W90007","코스피200 F 202509","1312","202509","2","393.35"
"20250612","DRV","KR4101W90007","코스피200 F 202509","1313","202509","2","393.35"
"20250612","DRV","KR4101W90007","코스피200 F 202509","1314","202509","2","393.5"
"20250612","DRV","KR4101W90007","코스피200 F 202509","1315","202509","2","393.35"
"20250612","DRV","KR4101W90007","코스피200 F 202509","1316","202509","2","393.35"
"20250612","DRV","KR4101W90007","코스피200 F 202509","1317","202509","2","393.4"
"20250612","DRV","KR4101W90007","코스피200 F 202509","1318","202509","2","393.4"
"20250612","DRV","KR4101W90007","코스피200 F 202509","1319","202509","2","393.25"
"20250612","DRV","KR4101W90007","코스피200 F 202509","1320","202509","2","393.15"
"20250612","DRV","KR4101W90007","코스피200 F 202509","1321","202509","2","393.1"
"20250612","DRV","KR4101W90007","코스피200 F 202509","1322","202509","2","393.1"
"20250612","DRV","KR4101W90007","코스피200 F 202509","1323","202509","2","393"
"20250612","DRV","KR4101W90007","코스피200 F 202509","1324","202509","2","393.15"
"20250612","DRV","KR4101W90007","코스피200 F 202509","1325","202509","2","393"
"20250612","DRV","KR4101W90007","코스피200 F 202509","1326","202509","2","392.9"
"20250612","DRV","KR4101W90007","코스피200 F 202509","1327","202509","2","393.1"
"20250612","DRV","KR4101W90007","코스피200 F 202509","1328","202509","2","393.2"
"20250612","DRV","KR4101W90007","코스피200 F 202509","1329","202509","2","393.2"
"20250612","DRV","KR4101W90007","코스피200 F 202509","1330","202509","2","393.1"
"20250612","DRV","KR4101W90007","코스피200 F 202509","1331","202509","2","393.1"
"20250612","DRV","KR4101W90007","코스피200 F 202509","1332","202509","2","393.1"
"20250612","DRV","KR4101W90007","코스피200 F 202509","1333","202509","2","393.05"
"20250612","DRV","KR4101W90007","코스피200 F 202509","1334","202509","2","393"
"20250612","DRV","KR4101W90007","코스피200 F 202509","1335","202509","2","392.95"
"20250612","DRV","KR4101W90007","코스피200 F 202509","1336","202509","2","393.05"
"20250612","DRV","KR4101W90007","코스피200 F 202509","1337","202509","2","392.8"
"20250612","DRV","KR4101W90007","코스피200 F 202509","1338","202509","2","392.85"
"20250612","DRV","KR4101W90007","코스피200 F 202509","1339","202509","2","392.8"
"20250612","DRV","KR4101W90007","코스피200 F 202509","1340","202509","2","392.95"
"20250612","DRV","KR4101W90007","코스피200 F 202509","1341","202509","2","392.95"
"20250612","DRV","KR4101W90007","코스피200 F 202509","1342","202509","2","393"
"20250612","DRV","KR4101W90007","코스피200 F 202509","1343","202509","2","392.95"
"20250612","DRV","KR4101W90007","코스피200 F 202509","1344","202509","2","392.9"
"20250612","DRV","KR4101W90007","코스피200 F 202509","1345","202509","2","392.8"
"20250612","DRV","KR4101W90007","코스피200 F 202509","1346","202509","2","392.8"
"20250612","DRV","KR4101W90007","코스피200 F 202509","1347","202509","2","392.75"
"20250612","DRV","KR4101W90007","코스피200 F 202509","1348","202509","2","392.75"
"20250612","DRV","KR4101W90007","코스피200 F 202509","1349","202509","2","392.65"
"20250612","DRV","KR4101W90007","코스피200 F 202509","1350","202509","2","392.7"
"20250612","DRV","KR4101W90007","코스피200 F 202509","1351","202509","2","392.7"
"20250612","DRV","KR4101W90007","코스피200 F 202509","1352","202509","2","392.9"
"20250612","DRV","KR4101W90007","코스피200 F 202509","1353","202509","2","392.8"
"20250612","DRV","KR4101W90007","코스피200 F 202509","1354","202509","2","392.9"
"20250612","DRV","KR4101W90007","코스피200 F 202509","1355","202509","2","392.8"
"20250612","DRV","KR4101W90007","코스피200 F 202509","1356","202509","2","392.75"
"20250612","DRV","KR4101W90007","코스피200 F 202509","1357","202509","2","392.7"
"20250612","DRV","KR4101W90007","코스피200 F 202509","1358","202509","2","392.7"
"20250612","DRV","KR4101W90007","코스피200 F 202509","1359","202509","2","392.8"
"20250612","DRV","KR4101W90007","코스피200 F 202509","1400","202509","2","392.7"
"20250612","DRV","KR4101W90007","코스피200 F 202509","1401","202509","2","392.6"
"20250612","DRV","KR4101W90007","코스피200 F 202509","1402","202509","2","392.55"
"20250612","DRV","KR4101W90007","코스피200 F 202509","1403","202509","2","392.45"
"20250612","DRV","KR4101W90007","코스피200 F 202509","1404","202509","2","392.4"
"20250612","DRV","KR4101W90007","코스피200 F 202509","1405","202509","2","392.6"
"20250612","DRV","KR4101W90007","코스피200 F 202509","1406","202509","2","392.85"
"20250612","DRV","KR4101W90007","코스피200 F 202509","1407","202509","2","392.75"
"20250612","DRV","KR4101W90007","코스피200 F 202509","1408","202509","2","392.5"
"20250612","DRV","KR4101W90007","코스피200 F 202509","1409","202509","2","392.55"
"20250612","DRV","KR4101W90007","코스피200 F 202509","1410","202509","2","392.6"
"20250612","DRV","KR4101W90007","코스피200 F 202509","1411","202509","2","392.5"
"20250612","DRV","KR4101W90007","코스피200 F 202509","1412","202509","2","392.45"
"20250612","DRV","KR4101W90007","코스피200 F 202509","1413","202509","2","392.35"
"20250612","DRV","KR4101W90007","코스피200 F 202509","1414","202509","2","392.25"
"20250612","DRV","KR4101W90007","코스피200 F 202509","1415","202509","2","392.3"
"20250612","DRV","KR4101W90007","코스피200 F 202509","1416","202509","2","392.25"
"20250612","DRV","KR4101W90007","코스피200 F 202509","1417","202509","2","392.15"
"20250612","DRV","KR4101W90007","코스피200 F 202509","1418","202509","2","391.95"
"20250612","DRV","KR4101W90007","코스피200 F 202509","1419","202509","2","391.8"
"20250612","DRV","KR4101W90007","코스피200 F 202509","1420","202509","2","392.1"
"20250612","DRV","KR4101W90007","코스피200 F 202509","1421","202509","2","391.9"
"20250612","DRV","KR4101W90007","코스피200 F 202509","1422","202509","2","392.2"
"20250612","DRV","KR4101W90007","코스피200 F 202509","1423","202509","2","392.2"
"20250612","DRV","KR4101W90007","코스피200 F 202509","1424","202509","2","392.15"
"20250612","DRV","KR4101W90007","코스피200 F 202509","1425","202509","2","392.05"
"20250612","DRV","KR4101W90007","코스피200 F 202509","1426","202509","2","392.1"
"20250612","DRV","KR4101W90007","코스피200 F 202509","1427","202509","2","392.1"
"20250612","DRV","KR4101W90007","코스피200 F 202509","1428","202509","2","391.9"
"20250612","DRV","KR4101W90007","코스피200 F 202509","1429","202509","2","391.85"
"20250612","DRV","KR4101W90007","코스피200 F 202509","1430","202509","2","391.95"
"20250612","DRV","KR4101W90007","코스피200 F 202509","1431","202509","2","391.9"
"20250612","DRV","KR4101W90007","코스피200 F 202509","1432","202509","2","391.9"
"20250612","DRV","KR4101W90007","코스피200 F 202509","1433","202509","2","391.95"
"20250612","DRV","KR4101W90007","코스피200 F 202509","1434","202509","2","391.7"
"20250612","DRV","KR4101W90007","코스피200 F 202509","1435","202509","2","391.5"
"20250612","DRV","KR4101W90007","코스피200 F 202509","1436","202509","2","391.15"
"20250612","DRV","KR4101W90007","코스피200 F 202509","1437","202509","2","391.3"
"20250612","DRV","KR4101W90007","코스피200 F 202509","1438","202509","2","391.15"
"20250612","DRV","KR4101W90007","코스피200 F 202509","1439","202509","2","391.05"
"20250612","DRV","KR4101W90007","코스피200 F 202509","1440","202509","2","390.95"
"20250612","DRV","KR4101W90007","코스피200 F 202509","1441","202509","2","391"
"20250612","DRV","KR4101W90007","코스피200 F 202509","1442","202509","2","391.05"
"20250612","DRV","KR4101W90007","코스피200 F 202509","1443","202509","2","390.95"
"20250612","DRV","KR4101W90007","코스피200 F 202509","1444","202509","2","390.95"
"20250612","DRV","KR4101W90007","코스피200 F 202509","1445","202509","2","390.9"
"20250612","DRV","KR4101W90007","코스피200 F 202509","1446","202509","2","390.85"
"20250612","DRV","KR4101W90007","코스피200 F 202509","1447","202509","2","390.7"
"20250612","DRV","KR4101W90007","코스피200 F 202509","1448","202509","2","390.6"
"20250612","DRV","KR4101W90007","코스피200 F 202509","1449","202509","2","390.85"
"20250612","DRV","KR4101W90007","코스피200 F 202509","1450","202509","2","391.1"
"20250612","DRV","KR4101W90007","코스피200 F 202509","1451","202509","2","390.85"
"20250612","DRV","KR4101W90007","코스피200 F 202509","1452","202509","2","390.8"
"20250612","DRV","KR4101W90007","코스피200 F 202509","1453","202509","2","391"
"20250612","DRV","KR4101W90007","코스피200 F 202509","1454","202509","2","390.8"
"20250612","DRV","KR4101W90007","코스피200 F 202509","1455","202509","2","390.75"
"20250612","DRV","KR4101W90007","코스피200 F 202509","1456","202509","2","390.8"
"20250612","DRV","KR4101W90007","코스피200 F 202509","1457","202509","2","390.8"
"20250612","DRV","KR4101W90007","코스피200 F 202509","1458","202509","2","390.75"
"20250612","DRV","KR4101W90007","코스피200 F 202509","1459","202509","2","390.75"
"20250612","DRV","KR4101W90007","코스피200 F 202509","1500","202509","2","390.75"
"20250612","DRV","KR4101W90007","코스피200 F 202509","1501","202509","2","390.55"
"20250612","DRV","KR4101W90007","코스피200 F 202509","1502","202509","2","390.65"
"20250612","DRV","KR4101W90007","코스피200 F 202509","1503","202509","2","390.75"
"20250612","DRV","KR4101W90007","코스피200 F 202509","1504","202509","2","390.75"
"20250612","DRV","KR4101W90007","코스피200 F 202509","1505","202509","2","390.8"
"20250612","DRV","KR4101W90007","코스피200 F 202509","1506","202509","2","390.7"
"20250612","DRV","KR4101W90007","코스피200 F 202509","1507","202509","2","390.85"
"20250612","DRV","KR4101W90007","코스피200 F 202509","1508","202509","2","391.25"
"20250612","DRV","KR4101W90007","코스피200 F 202509","1509","202509","2","391.5"
"20250612","DRV","KR4101W90007","코스피200 F 202509","1510","202509","2","391.45"
"20250612","DRV","KR4101W90007","코스피200 F 202509","1511","202509","2","391.35"
"20250612","DRV","KR4101W90007","코스피200 F 202509","1512","202509","2","391.5"
"20250612","DRV","KR4101W90007","코스피200 F 202509","1513","202509","2","391.4"
"20250612","DRV","KR4101W90007","코스피200 F 202509","1514","202509","2","391.25"
"20250612","DRV","KR4101W90007","코스피200 F 202509","1515","202509","2","391.05"
"20250612","DRV","KR4101W90007","코스피200 F 202509","1516","202509","2","391.1"
"20250612","DRV","KR4101W90007","코스피200 F 202509","1517","202509","2","390.95"
"20250612","DRV","KR4101W90007","코스피200 F 202509","1518","202509","2","391.1"
"20250612","DRV","KR4101W90007","코스피200 F 202509","1519","202509","2","391.25"
"20250612","DRV","KR4101W90007","코스피200 F 202509","1520","202509","2","391.2"
"20250612","DRV","KR4101W90007","코스피200 F 202509","1521","202509","2","391.5"
"20250612","DRV","KR4101W90007","코스피200 F 202509","1522","202509","2","391.5"
"20250612","DRV","KR4101W90007","코스피200 F 202509","1523","202509","2","391.2"
"20250612","DRV","KR4101W90007","코스피200 F 202509","1524","202509","2","391.4"
"20250612","DRV","KR4101W90007","코스피200 F 202509","1525","202509","2","391.5"
"20250612","DRV","KR4101W90007","코스피200 F 202509","1526","202509","2","391.5"
"20250612","DRV","KR4101W90007","코스피200 F 202509","1527","202509","2","391.45"
"20250612","DRV","KR4101W90007","코스피200 F 202509","1528","202509","2","391.5"
"20250612","DRV","KR4101W90007","코스피200 F 202509","1529","202509","2","391.5"
"20250612","DRV","KR4101W90007","코스피200 F 202509","1530","202509","2","391.1"
"20250612","DRV","KR4101W90007","코스피200 F 202509","1531","202509","2","391.45"
"20250612","DRV","KR4101W90007","코스피200 F 202509","1532","202509","2","391.4"
"20250612","DRV","KR4101W90007","코스피200 F 202509","1533","202509","2","391.45"
"20250612","DRV","KR4101W90007","코스피200 F 202509","1534","202509","2","391.45"
"20250612","DRV","KR4101W90007","코스피200 F 202509","1536","202509","2",
"20250612","DRV","KR4101W90007","코스피200 F 202509","1540","202509","2",
"20250612","DRV","KR4101W90007","코스피200 F 202509","1545","202509","2","391.45"
"20250612","DRV","KR4101WC0003","코스피200 F 202512","0845","202512","3","391.65"
"20250612","DRV","KR4101WC0003","코스피200 F 202512","0847","202512","3","391.1"
"20250612","DRV","KR4101WC0003","코스피200 F 202512","0849","202512","3","390.5"
"20250612","DRV","KR4101WC0003","코스피200 F 202512","0857","202512","3","390.5"
"20250612","DRV","KR4101WC0003","코스피200 F 202512","0916","202512","3","393"
"20250612","DRV","KR4101WC0003","코스피200 F 202512","0926","202512","3","392.3"
"20250612","DRV","KR4101WC0003","코스피200 F 202512","0938","202512","3","392.65"
"20250612","DRV","KR4101WC0003","코스피200 F 202512","0945","202512","3","392.15"
"20250612","DRV","KR4101WC0003","코스피200 F 202512","0946","202512","3","392.3"
"20250612","DRV","KR4101WC0003","코스피200 F 202512","0951","202512","3","391.6"
"20250612","DRV","KR4101WC0003","코스피200 F 202512","1000","202512","3","392.1"
"20250612","DRV","KR4101WC0003","코스피200 F 202512","1003","202512","3","392.45"
"20250612","DRV","KR4101WC0003","코스피200 F 202512","1009","202512","3","393.25"
"20250612","DRV","KR4101WC0003","코스피200 F 202512","1039","202512","3",
"20250612","DRV","KR4101WC0003","코스피200 F 202512","1040","202512","3","392.25"
"20250612","DRV","KR4101WC0003","코스피200 F 202512","1045","202512","3","391.9"
"20250612","DRV","KR4101WC0003","코스피200 F 202512","1046","202512","3","391.55"
"20250612","DRV","KR4101WC0003","코스피200 F 202512","1052","202512","3","392.3"
"20250612","DRV","KR4101WC0003","코스피200 F 202512","1100","202512","3","393.15"
"20250612","DRV","KR4101WC0003","코스피200 F 202512","1103","202512","3","392.85"
"20250612","DRV","KR4101WC0003","코스피200 F 202512","1111","202512","3","392.8"
"20250612","DRV","KR4101WC0003","코스피200 F 202512","1132","202512","3","392.4"
"20250612","DRV","KR4101WC0003","코스피200 F 202512","1150","202512","3","392.65"
"20250612","DRV","KR4101WC0003","코스피200 F 202512","1151","202512","3","392.75"
"20250612","DRV","KR4101WC0003","코스피200 F 202512","1152","202512","3","393.2"
"20250612","DRV","KR4101WC0003","코스피200 F 202512","1153","202512","3","393.2"
"20250612","DRV","KR4101WC0003","코스피200 F 202512","1201","202512","3","393.45"
"20250612","DRV","KR4101WC0003","코스피200 F 202512","1209","202512","3","393.45"
"20250612","DRV","KR4101WC0003","코스피200 F 202512","1213","202512","3","393.7"
"20250612","DRV","KR4101WC0003","코스피200 F 202512","1215","202512","3","394.3"
"20250612","DRV","KR4101WC0003","코스피200 F 202512","1224","202512","3","393.7"
"20250612","DRV","KR4101WC0003","코스피200 F 202512","1237","202512","3","394.35"
"20250612","DRV","KR4101WC0003","코스피200 F 202512","1246","202512","3","394.6"
"20250612","DRV","KR4101WC0003","코스피200 F 202512","1252","202512","3","394.05"
"20250612","DRV","KR4101WC0003","코스피200 F 202512","1254","202512","3","394.05"
"20250612","DRV","KR4101WC0003","코스피200 F 202512","1255","202512","3","394"
"20250612","DRV","KR4101WC0003","코스피200 F 202512","1258","202512","3","393.95"
"20250612","DRV","KR4101WC0003","코스피200 F 202512","1322","202512","3","393.85"
"20250612","DRV","KR4101WC0003","코스피200 F 202512","1342","202512","3","393.7"
"20250612","DRV","KR4101WC0003","코스피200 F 202512","1344","202512","3","393.85"
"20250612","DRV","KR4101WC0003","코스피200 F 202512","1431","202512","3","392.95"
"20250612","DRV","KR4101WC0003","코스피200 F 202512","1435","202512","3","392.25"
"20250612","DRV","KR4101WC0003","코스피200 F 202512","1436","202512","3","392.15"
"20250612","DRV","KR4101WC0003","코스피200 F 202512","1447","202512","3","391.5"
"20250612","DRV","KR4101WC0003","코스피200 F 202512","1448","202512","3","391.2"
"20250612","DRV","KR4101WC0003","코스피200 F 202512","1450","202512","3","392.05"
"20250612","DRV","KR4101WC0003","코스피200 F 202512","1509","202512","3","392.3"
"20250612","DRV","KR4101WC0003","코스피200 F 202512","1513","202512","3","391.95"
"20250612","DRV","KR4101WC0003","코스피200 F 202512","1529","202512","3","392.55"
"20250612","DRV","KR4101WC0003","코스피200 F 202512","1530","202512","3","391.9"
"20250612","DRV","KR4101WC0003","코스피200 F 202512","1545","202512","3","392"
"20250612","DRV","KR4401W6W9S8","코스피200 SP 2506-2509","0845","202506","1","0.5"
"20250612","DRV","KR4401W6W9S8","코스피200 SP 2506-2509","0846","202506","1","0.55"
"20250612","DRV","KR4401W6W9S8","코스피200 SP 2506-2509","0847","202506","1","0.55"
"20250612","DRV","KR4401W6W9S8","코스피200 SP 2506-2509","0848","202506","1","0.55"
"20250612","DRV","KR4401W6W9S8","코스피200 SP 2506-2509","0849","202506","1","0.55"
"20250612","DRV","KR4401W6W9S8","코스피200 SP 2506-2509","0850","202506","1","0.55"
"20250612","DRV","KR4401W6W9S8","코스피200 SP 2506-2509","0851","202506","1","0.55"
"20250612","DRV","KR4401W6W9S8","코스피200 SP 2506-2509","0852","202506","1","0.55"
"20250612","DRV","KR4401W6W9S8","코스피200 SP 2506-2509","0853","202506","1","0.55"
"20250612","DRV","KR4401W6W9S8","코스피200 SP 2506-2509","0854","202506","1","0.55"
"20250612","DRV","KR4401W6W9S8","코스피200 SP 2506-2509","0855","202506","1","0.55"
"20250612","DRV","KR4401W6W9S8","코스피200 SP 2506-2509","0856","202506","1","0.6"
"20250612","DRV","KR4401W6W9S8","코스피200 SP 2506-2509","0857","202506","1","0.55"
"20250612","DRV","KR4401W6W9S8","코스피200 SP 2506-2509","0858","202506","1","0.55"
"20250612","DRV","KR4401W6W9S8","코스피200 SP 2506-2509","0859","202506","1","0.55"
"20250612","DRV","KR4401W6W9S8","코스피200 SP 2506-2509","0900","202506","1","0.55"
"20250612","DRV","KR4401W6W9S8","코스피200 SP 2506-2509","0901","202506","1","0.55"
"20250612","DRV","KR4401W6W9S8","코스피200 SP 2506-2509","0902","202506","1","0.55"
"20250612","DRV","KR4401W6W9S8","코스피200 SP 2506-2509","0903","202506","1","0.6"
"20250612","DRV","KR4401W6W9S8","코스피200 SP 2506-2509","0904","202506","1","0.55"
"20250612","DRV","KR4401W6W9S8","코스피200 SP 2506-2509","0905","202506","1","0.55"
"20250612","DRV","KR4401W6W9S8","코스피200 SP 2506-2509","0906","202506","1","0.6"
"20250612","DRV","KR4401W6W9S8","코스피200 SP 2506-2509","0907","202506","1","0.6"
"20250612","DRV","KR4401W6W9S8","코스피200 SP 2506-2509","0908","202506","1","0.6"
"20250612","DRV","KR4401W6W9S8","코스피200 SP 2506-2509","0909","202506","1","0.6"
"20250612","DRV","KR4401W6W9S8","코스피200 SP 2506-2509","0910","202506","1","0.6"
"20250612","DRV","KR4401W6W9S8","코스피200 SP 2506-2509","0911","202506","1","0.6"
"20250612","DRV","KR4401W6W9S8","코스피200 SP 2506-2509","0912","202506","1","0.55"
"20250612","DRV","KR4401W6W9S8","코스피200 SP 2506-2509","0913","202506","1","0.6"
"20250612","DRV","KR4401W6W9S8","코스피200 SP 2506-2509","0914","202506","1","0.55"
"20250612","DRV","KR4401W6W9S8","코스피200 SP 2506-2509","0915","202506","1","0.6"
"20250612","DRV","KR4401W6W9S8","코스피200 SP 2506-2509","0916","202506","1","0.6"
"20250612","DRV","KR4401W6W9S8","코스피200 SP 2506-2509","0917","202506","1","0.55"
"20250612","DRV","KR4401W6W9S8","코스피200 SP 2506-2509","0918","202506","1","0.6"
"20250612","DRV","KR4401W6W9S8","코스피200 SP 2506-2509","0919","202506","1","0.6"
"20250612","DRV","KR4401W6W9S8","코스피200 SP 2506-2509","0920","202506","1","0.55"
"20250612","DRV","KR4401W6W9S8","코스피200 SP 2506-2509","0921","202506","1","0.6"
"20250612","DRV","KR4401W6W9S8","코스피200 SP 2506-2509","0922","202506","1","0.55"
"20250612","DRV","KR4401W6W9S8","코스피200 SP 2506-2509","0923","202506","1","0.6"
"20250612","DRV","KR4401W6W9S8","코스피200 SP 2506-2509","0924","202506","1","0.6"
"20250612","DRV","KR4401W6W9S8","코스피200 SP 2506-2509","0925","202506","1","0.6"
"20250612","DRV","KR4401W6W9S8","코스피200 SP 2506-2509","0926","202506","1","0.6"
"20250612","DRV","KR4401W6W9S8","코스피200 SP 2506-2509","0927","202506","1","0.55"
"20250612","DRV","KR4401W6W9S8","코스피200 SP 2506-2509","0928","202506","1","0.55"
"20250612","DRV","KR4401W6W9S8","코스피200 SP 2506-2509","0929","202506","1","0.6"
"20250612","DRV","KR4401W6W9S8","코스피200 SP 2506-2509","0930","202506","1","0.55"
"20250612","DRV","KR4401W6W9S8","코스피200 SP 2506-2509","0931","202506","1","0.55"
"20250612","DRV","KR4401W6W9S8","코스피200 SP 2506-2509","0932","202506","1","0.6"
"20250612","DRV","KR4401W6W9S8","코스피200 SP 2506-2509","0933","202506","1","0.55"
"20250612","DRV","KR4401W6W9S8","코스피200 SP 2506-2509","0934","202506","1","0.6"
"20250612","DRV","KR4401W6W9S8","코스피200 SP 2506-2509","0935","202506","1","0.55"
"20250612","DRV","KR4401W6W9S8","코스피200 SP 2506-2509","0936","202506","1","0.6"
"20250612","DRV","KR4401W6W9S8","코스피200 SP 2506-2509","0937","202506","1","0.6"
"20250612","DRV","KR4401W6W9S8","코스피200 SP 2506-2509","0938","202506","1","0.55"
"20250612","DRV","KR4401W6W9S8","코스피200 SP 2506-2509","0939","202506","1","0.55"
"20250612","DRV","KR4401W6W9S8","코스피200 SP 2506-2509","0940","202506","1","0.55"
"20250612","DRV","KR4401W6W9S8","코스피200 SP 2506-2509","0941","202506","1","0.55"
"20250612","DRV","KR4401W6W9S8","코스피200 SP 2506-2509","0942","202506","1","0.6"
"20250612","DRV","KR4401W6W9S8","코스피200 SP 2506-2509","0943","202506","1","0.6"
"20250612","DRV","KR4401W6W9S8","코스피200 SP 2506-2509","0944","202506","1","0.6"
"20250612","DRV","KR4401W6W9S8","코스피200 SP 2506-2509","0945","202506","1","0.55"
"20250612","DRV","KR4401W6W9S8","코스피200 SP 2506-2509","0946","202506","1","0.6"
"20250612","DRV","KR4401W6W9S8","코스피200 SP 2506-2509","0947","202506","1","0.55"
"20250612","DRV","KR4401W6W9S8","코스피200 SP 2506-2509","0948","202506","1","0.6"
"20250612","DRV","KR4401W6W9S8","코스피200 SP 2506-2509","0949","202506","1","0.6"
"20250612","DRV","KR4401W6W9S8","코스피200 SP 2506-2509","0950","202506","1","0.6"
"20250612","DRV","KR4401W6W9S8","코스피200 SP 2506-2509","0951","202506","1","0.5"
"20250612","DRV","KR4401W6W9S8","코스피200 SP 2506-2509","0952","202506","1","0.55"
"20250612","DRV","KR4401W6W9S8","코스피200 SP 2506-2509","0953","202506","1","0.5"
"20250612","DRV","KR4401W6W9S8","코스피200 SP 2506-2509","0954","202506","1","0.5"
"20250612","DRV","KR4401W6W9S8","코스피200 SP 2506-2509","0955","202506","1","0.5"
"20250612","DRV","KR4401W6W9S8","코스피200 SP 2506-2509","0956","202506","1","0.45"
"20250612","DRV","KR4401W6W9S8","코스피200 SP 2506-2509","0957","202506","1","0.45"
"20250612","DRV","KR4401W6W9S8","코스피200 SP 2506-2509","0958","202506","1","0.5"
"20250612","DRV","KR4401W6W9S8","코스피200 SP 2506-2509","0959","202506","1","0.45"
"20250612","DRV","KR4401W6W9S8","코스피200 SP 2506-2509","1000","202506","1","0.5"
"20250612","DRV","KR4401W6W9S8","코스피200 SP 2506-2509","1001","202506","1","0.5"
"20250612","DRV","KR4401W6W9S8","코스피200 SP 2506-2509","1002","202506","1","0.5"
"20250612","DRV","KR4401W6W9S8","코스피200 SP 2506-2509","1003","202506","1","0.45"
"20250612","DRV","KR4401W6W9S8","코스피200 SP 2506-2509","1004","202506","1","0.5"
"20250612","DRV","KR4401W6W9S8","코스피200 SP 2506-2509","1005","202506","1","0.5"
"20250612","DRV","KR4401W6W9S8","코스피200 SP 2506-2509","1006","202506","1","0.5"
"20250612","DRV","KR4401W6W9S8","코스피200 SP 2506-2509","1007","202506","1","0.5"
"20250612","DRV","KR4401W6W9S8","코스피200 SP 2506-2509","1008","202506","1","0.5"
"20250612","DRV","KR4401W6W9S8","코스피200 SP 2506-2509","1009","202506","1","0.55"
"20250612","DRV","KR4401W6W9S8","코스피200 SP 2506-2509","1010","202506","1","0.55"
"20250612","DRV","KR4401W6W9S8","코스피200 SP 2506-2509","1011","202506","1","0.55"
"20250612","DRV","KR4401W6W9S8","코스피200 SP 2506-2509","1012","202506","1","0.55"
"20250612","DRV","KR4401W6W9S8","코스피200 SP 2506-2509","1013","202506","1","0.5"
"20250612","DRV","KR4401W6W9S8","코스피200 SP 2506-2509","1014","202506","1","0.55"
"20250612","DRV","KR4401W6W9S8","코스피200 SP 2506-2509","1015","202506","1","0.55"
"20250612","DRV","KR4401W6W9S8","코스피200 SP 2506-2509","1016","202506","1","0.5"
"20250612","DRV","KR4401W6W9S8","코스피200 SP 2506-2509","1017","202506","1","0.5"
"20250612","DRV","KR4401W6W9S8","코스피200 SP 2506-2509","1018","202506","1","0.55"
"20250612","DRV","KR4401W6W9S8","코스피200 SP 2506-2509","1019","202506","1","0.5"
"20250612","DRV","KR4401W6W9S8","코스피200 SP 2506-2509","1020","202506","1","0.55"
"20250612","DRV","KR4401W6W9S8","코스피200 SP 2506-2509","1021","202506","1","0.55"
"20250612","DRV","KR4401W6W9S8","코스피200 SP 2506-2509","1022","202506","1","0.6"
"20250612","DRV","KR4401W6W9S8","코스피200 SP 2506-2509","1023","202506","1","0.6"
"20250612","DRV","KR4401W6W9S8","코스피200 SP 2506-2509","1024","202506","1","0.6"
"20250612","DRV","KR4401W6W9S8","코스피200 SP 2506-2509","1025","202506","1","0.6"
"20250612","DRV","KR4401W6W9S8","코스피200 SP 2506-2509","1026","202506","1","0.55"
"20250612","DRV","KR4401W6W9S8","코스피200 SP 2506-2509","1027","202506","1","0.55"
"20250612","DRV","KR4401W6W9S8","코스피200 SP 2506-2509","1028","202506","1","0.55"
"20250612","DRV","KR4401W6W9S8","코스피200 SP 2506-2509","1029","202506","1","0.6"
"20250612","DRV","KR4401W6W9S8","코스피200 SP 2506-2509","1030","202506","1","0.6"
"20250612","DRV","KR4401W6W9S8","코스피200 SP 2506-2509","1031","202506","1","0.55"
"20250612","DRV","KR4401W6W9S8","코스피200 SP 2506-2509","1032","202506","1","0.6"
"20250612","DRV","KR4401W6W9S8","코스피200 SP 2506-2509","1033","202506","1","0.6"
"20250612","DRV","KR4401W6W9S8","코스피200 SP 2506-2509","1034","202506","1","0.6"
"20250612","DRV","KR4401W6W9S8","코스피200 SP 2506-2509","1035","202506","1","0.55"
"20250612","DRV","KR4401W6W9S8","코스피200 SP 2506-2509","1036","202506","1","0.6"
"20250612","DRV","KR4401W6W9S8","코스피200 SP 2506-2509","1037","202506","1","0.55"
"20250612","DRV","KR4401W6W9S8","코스피200 SP 2506-2509","1038","202506","1","0.6"
"20250612","DRV","KR4401W6W9S8","코스피200 SP 2506-2509","1039","202506","1","0.6"
"20250612","DRV","KR4401W6W9S8","코스피200 SP 2506-2509","1040","202506","1","0.6"
"20250612","DRV","KR4401W6W9S8","코스피200 SP 2506-2509","1041","202506","1","0.55"
"20250612","DRV","KR4401W6W9S8","코스피200 SP 2506-2509","1042","202506","1","0.6"
"20250612","DRV","KR4401W6W9S8","코스피200 SP 2506-2509","1043","202506","1","0.6"
"20250612","DRV","KR4401W6W9S8","코스피200 SP 2506-2509","1044","202506","1","0.55"
"20250612","DRV","KR4401W6W9S8","코스피200 SP 2506-2509","1045","202506","1","0.55"
"20250612","DRV","KR4401W6W9S8","코스피200 SP 2506-2509","1046","202506","1","0.55"
"20250612","DRV","KR4401W6W9S8","코스피200 SP 2506-2509","1047","202506","1","0.6"
"20250612","DRV","KR4401W6W9S8","코스피200 SP 2506-2509","1048","202506","1","0.55"
"20250612","DRV","KR4401W6W9S8","코스피200 SP 2506-2509","1049","202506","1","0.6"
"20250612","DRV","KR4401W6W9S8","코스피200 SP 2506-2509","1050","202506","1","0.6"
"20250612","DRV","KR4401W6W9S8","코스피200 SP 2506-2509","1051","202506","1","0.6"
"20250612","DRV","KR4401W6W9S8","코스피200 SP 2506-2509","1052","202506","1","0.55"
"20250612","DRV","KR4401W6W9S8","코스피200 SP 2506-2509","1053","202506","1","0.6"
"20250612","DRV","KR4401W6W9S8","코스피200 SP 2506-2509","1054","202506","1","0.55"
"20250612","DRV","KR4401W6W9S8","코스피200 SP 2506-2509","1055","202506","1","0.55"
"20250612","DRV","KR4401W6W9S8","코스피200 SP 2506-2509","1056","202506","1","0.6"
"20250612","DRV","KR4401W6W9S8","코스피200 SP 2506-2509","1057","202506","1","0.55"
"20250612","DRV","KR4401W6W9S8","코스피200 SP 2506-2509","1058","202506","1","0.6"
"20250612","DRV","KR4401W6W9S8","코스피200 SP 2506-2509","1059","202506","1","0.55"
"20250612","DRV","KR4401W6W9S8","코스피200 SP 2506-2509","1100","202506","1","0.55"
"20250612","DRV","KR4401W6W9S8","코스피200 SP 2506-2509","1101","202506","1","0.55"
"20250612","DRV","KR4401W6W9S8","코스피200 SP 2506-2509","1102","202506","1","0.55"
"20250612","DRV","KR4401W6W9S8","코스피200 SP 2506-2509","1103","202506","1","0.6"
"20250612","DRV","KR4401W6W9S8","코스피200 SP 2506-2509","1104","202506","1","0.6"
"20250612","DRV","KR4401W6W9S8","코스피200 SP 2506-2509","1105","202506","1","0.55"
"20250612","DRV","KR4401W6W9S8","코스피200 SP 2506-2509","1106","202506","1","0.6"
"20250612","DRV","KR4401W6W9S8","코스피200 SP 2506-2509","1107","202506","1","0.6"
"20250612","DRV","KR4401W6W9S8","코스피200 SP 2506-2509","1108","202506","1","0.55"
"20250612","DRV","KR4401W6W9S8","코스피200 SP 2506-2509","1109","202506","1","0.55"
"20250612","DRV","KR4401W6W9S8","코스피200 SP 2506-2509","1110","202506","1","0.55"
"20250612","DRV","KR4401W6W9S8","코스피200 SP 2506-2509","1111","202506","1","0.6"
"20250612","DRV","KR4401W6W9S8","코스피200 SP 2506-2509","1112","202506","1","0.55"
"20250612","DRV","KR4401W6W9S8","코스피200 SP 2506-2509","1113","202506","1","0.55"
"20250612","DRV","KR4401W6W9S8","코스피200 SP 2506-2509","1114","202506","1","0.6"
"20250612","DRV","KR4401W6W9S8","코스피200 SP 2506-2509","1115","202506","1","0.6"
"20250612","DRV","KR4401W6W9S8","코스피200 SP 2506-2509","1116","202506","1","0.55"
"20250612","DRV","KR4401W6W9S8","코스피200 SP 2506-2509","1117","202506","1","0.55"
"20250612","DRV","KR4401W6W9S8","코스피200 SP 2506-2509","1118","202506","1","0.6"
"20250612","DRV","KR4401W6W9S8","코스피200 SP 2506-2509","1119","202506","1","0.6"
"20250612","DRV","KR4401W6W9S8","코스피200 SP 2506-2509","1120","202506","1","0.6"
"20250612","DRV","KR4401W6W9S8","코스피200 SP 2506-2509","1121","202506","1","0.6"
"20250612","DRV","KR4401W6W9S8","코스피200 SP 2506-2509","1122","202506","1","0.55"
"20250612","DRV","KR4401W6W9S8","코스피200 SP 2506-2509","1123","202506","1","0.6"
"20250612","DRV","KR4401W6W9S8","코스피200 SP 2506-2509","1124","202506","1","0.6"
"20250612","DRV","KR4401W6W9S8","코스피200 SP 2506-2509","1125","202506","1","0.6"
"20250612","DRV","KR4401W6W9S8","코스피200 SP 2506-2509","1126","202506","1","0.6"
"20250612","DRV","KR4401W6W9S8","코스피200 SP 2506-2509","1127","202506","1","0.55"
"20250612","DRV","KR4401W6W9S8","코스피200 SP 2506-2509","1128","202506","1","0.55"
"20250612","DRV","KR4401W6W9S8","코스피200 SP 2506-2509","1129","202506","1","0.6"
"20250612","DRV","KR4401W6W9S8","코스피200 SP 2506-2509","1130","202506","1","0.6"
"20250612","DRV","KR4401W6W9S8","코스피200 SP 2506-2509","1131","202506","1","0.6"
"20250612","DRV","KR4401W6W9S8","코스피200 SP 2506-2509","1132","202506","1","0.6"
"20250612","DRV","KR4401W6W9S8","코스피200 SP 2506-2509","1133","202506","1","0.6"
"20250612","DRV","KR4401W6W9S8","코스피200 SP 2506-2509","1134","202506","1","0.55"
"20250612","DRV","KR4401W6W9S8","코스피200 SP 2506-2509","1135","202506","1","0.6"
"20250612","DRV","KR4401W6W9S8","코스피200 SP 2506-2509","1136","202506","1","0.55"
"20250612","DRV","KR4401W6W9S8","코스피200 SP 2506-2509","1137","202506","1","0.6"
"20250612","DRV","KR4401W6W9S8","코스피200 SP 2506-2509","1138","202506","1","0.6"
"20250612","DRV","KR4401W6W9S8","코스피200 SP 2506-2509","1139","202506","1","0.55"
"20250612","DRV","KR4401W6W9S8","코스피200 SP 2506-2509","1140","202506","1","0.6"
"20250612","DRV","KR4401W6W9S8","코스피200 SP 2506-2509","1141","202506","1","0.55"
"20250612","DRV","KR4401W6W9S8","코스피200 SP 2506-2509","1142","202506","1","0.6"
"20250612","DRV","KR4401W6W9S8","코스피200 SP 2506-2509","1143","202506","1","0.6"
"20250612","DRV","KR4401W6W9S8","코스피200 SP 2506-2509","1144","202506","1","0.6"
"20250612","DRV","KR4401W6W9S8","코스피200 SP 2506-2509","1145","202506","1","0.55"
"20250612","DRV","KR4401W6W9S8","코스피200 SP 2506-2509","1146","202506","1","0.55"
"20250612","DRV","KR4401W6W9S8","코스피200 SP 2506-2509","1147","202506","1","0.55"
"20250612","DRV","KR4401W6W9S8","코스피200 SP 2506-2509","1148","202506","1","0.55"
"20250612","DRV","KR4401W6W9S8","코스피200 SP 2506-2509","1149","202506","1","0.55"
"20250612","DRV","KR4401W6W9S8","코스피200 SP 2506-2509","1150","202506","1","0.6"
"20250612","DRV","KR4401W6W9S8","코스피200 SP 2506-2509","1151","202506","1","0.6"
"20250612","DRV","KR4401W6W9S8","코스피200 SP 2506-2509","1152","202506","1","0.65"
"20250612","DRV","KR4401W6W9S8","코스피200 SP 2506-2509","1153","202506","1","0.6"
"20250612","DRV","KR4401W6W9S8","코스피200 SP 2506-2509","1154","202506","1","0.6"
"20250612","DRV","KR4401W6W9S8","코스피200 SP 2506-2509","1155","202506","1","0.6"
"20250612","DRV","KR4401W6W9S8","코스피200 SP 2506-2509","1156","202506","1","0.65"
"20250612","DRV","KR4401W6W9S8","코스피200 SP 2506-2509","1157","202506","1","0.65"
"20250612","DRV","KR4401W6W9S8","코스피200 SP 2506-2509","1158","202506","1","0.65"
"20250612","DRV","KR4401W6W9S8","코스피200 SP 2506-2509","1159","202506","1","0.65"
"20250612","DRV","KR4401W6W9S8","코스피200 SP 2506-2509","1200","202506","1","0.7"
"20250612","DRV","KR4401W6W9S8","코스피200 SP 2506-2509","1201","202506","1","0.7"
"20250612","DRV","KR4401W6W9S8","코스피200 SP 2506-2509","1202","202506","1","0.65"
"20250612","DRV","KR4401W6W9S8","코스피200 SP 2506-2509","1203","202506","1","0.65"
"20250612","DRV","KR4401W6W9S8","코스피200 SP 2506-2509","1204","202506","1","0.65"
"20250612","DRV","KR4401W6W9S8","코스피200 SP 2506-2509","1205","202506","1","0.7"
"20250612","DRV","KR4401W6W9S8","코스피200 SP 2506-2509","1206","202506","1","0.65"
"20250612","DRV","KR4401W6W9S8","코스피200 SP 2506-2509","1207","202506","1","0.75"
"20250612","DRV","KR4401W6W9S8","코스피200 SP 2506-2509","1208","202506","1","0.75"
"20250612","DRV","KR4401W6W9S8","코스피200 SP 2506-2509","1209","202506","1","0.75"
"20250612","DRV","KR4401W6W9S8","코스피200 SP 2506-2509","1210","202506","1","0.75"
"20250612","DRV","KR4401W6W9S8","코스피200 SP 2506-2509","1211","202506","1","0.75"
"20250612","DRV","KR4401W6W9S8","코스피200 SP 2506-2509","1212","202506","1","0.8"
"20250612","DRV","KR4401W6W9S8","코스피200 SP 2506-2509","1213","202506","1","0.75"
"20250612","DRV","KR4401W6W9S8","코스피200 SP 2506-2509","1214","202506","1","0.8"
"20250612","DRV","KR4401W6W9S8","코스피200 SP 2506-2509","1215","202506","1","0.8"
"20250612","DRV","KR4401W6W9S8","코스피200 SP 2506-2509","1216","202506","1","0.8"
"20250612","DRV","KR4401W6W9S8","코스피200 SP 2506-2509","1217","202506","1","0.8"
"20250612","DRV","KR4401W6W9S8","코스피200 SP 2506-2509","1218","202506","1","0.7"
"20250612","DRV","KR4401W6W9S8","코스피200 SP 2506-2509","1219","202506","1","0.7"
"20250612","DRV","KR4401W6W9S8","코스피200 SP 2506-2509","1220","202506","1","0.65"
"20250612","DRV","KR4401W6W9S8","코스피200 SP 2506-2509","1221","202506","1","0.7"
"20250612","DRV","KR4401W6W9S8","코스피200 SP 2506-2509","1222","202506","1","0.65"
"20250612","DRV","KR4401W6W9S8","코스피200 SP 2506-2509","1223","202506","1","0.65"
"20250612","DRV","KR4401W6W9S8","코스피200 SP 2506-2509","1224","202506","1","0.65"
"20250612","DRV","KR4401W6W9S8","코스피200 SP 2506-2509","1225","202506","1","0.65"
"20250612","DRV","KR4401W6W9S8","코스피200 SP 2506-2509","1226","202506","1","0.7"
"20250612","DRV","KR4401W6W9S8","코스피200 SP 2506-2509","1227","202506","1","0.65"
"20250612","DRV","KR4401W6W9S8","코스피200 SP 2506-2509","1228","202506","1","0.7"
"20250612","DRV","KR4401W6W9S8","코스피200 SP 2506-2509","1229","202506","1","0.65"
"20250612","DRV","KR4401W6W9S8","코스피200 SP 2506-2509","1230","202506","1","0.7"
"20250612","DRV","KR4401W6W9S8","코스피200 SP 2506-2509","1231","202506","1","0.7"
"20250612","DRV","KR4401W6W9S8","코스피200 SP 2506-2509","1232","202506","1","0.65"
"20250612","DRV","KR4401W6W9S8","코스피200 SP 2506-2509","1233","202506","1","0.7"
"20250612","DRV","KR4401W6W9S8","코스피200 SP 2506-2509","1234","202506","1","0.7"
"20250612","DRV","KR4401W6W9S8","코스피200 SP 2506-2509","1235","202506","1","0.7"
"20250612","DRV","KR4401W6W9S8","코스피200 SP 2506-2509","1236","202506","1","0.65"
"20250612","DRV","KR4401W6W9S8","코스피200 SP 2506-2509","1237","202506","1","0.7"
"20250612","DRV","KR4401W6W9S8","코스피200 SP 2506-2509","1238","202506","1","0.65"
"20250612","DRV","KR4401W6W9S8","코스피200 SP 2506-2509","1239","202506","1","0.65"
"20250612","DRV","KR4401W6W9S8","코스피200 SP 2506-2509","1240","202506","1","0.7"
"20250612","DRV","KR4401W6W9S8","코스피200 SP 2506-2509","1241","202506","1","0.65"
"20250612","DRV","KR4401W6W9S8","코스피200 SP 2506-2509","1242","202506","1","0.65"
"20250612","DRV","KR4401W6W9S8","코스피200 SP 2506-2509","1243","202506","1","0.7"
"20250612","DRV","KR4401W6W9S8","코스피200 SP 2506-2509","1244","202506","1","0.7"
"20250612","DRV","KR4401W6W9S8","코스피200 SP 2506-2509","1245","202506","1","0.65"
"20250612","DRV","KR4401W6W9S8","코스피200 SP 2506-2509","1246","202506","1","0.65"
"20250612","DRV","KR4401W6W9S8","코스피200 SP 2506-2509","1247","202506","1","0.65"
"20250612","DRV","KR4401W6W9S8","코스피200 SP 2506-2509","1248","202506","1","0.65"
"20250612","DRV","KR4401W6W9S8","코스피200 SP 2506-2509","1249","202506","1","0.65"
"20250612","DRV","KR4401W6W9S8","코스피200 SP 2506-2509","1250","202506","1","0.65"
"20250612","DRV","KR4401W6W9S8","코스피200 SP 2506-2509","1251","202506","1","0.7"
"20250612","DRV","KR4401W6W9S8","코스피200 SP 2506-2509","1252","202506","1","0.65"
"20250612","DRV","KR4401W6W9S8","코스피200 SP 2506-2509","1253","202506","1","0.65"
"20250612","DRV","KR4401W6W9S8","코스피200 SP 2506-2509","1254","202506","1","0.65"
"20250612","DRV","KR4401W6W9S8","코스피200 SP 2506-2509","1255","202506","1","0.6"
"20250612","DRV","KR4401W6W9S8","코스피200 SP 2506-2509","1256","202506","1","0.65"
"20250612","DRV","KR4401W6W9S8","코스피200 SP 2506-2509","1257","202506","1","0.65"
"20250612","DRV","KR4401W6W9S8","코스피200 SP 2506-2509","1258","202506","1","0.6"
"20250612","DRV","KR4401W6W9S8","코스피200 SP 2506-2509","1259","202506","1","0.6"
"20250612","DRV","KR4401W6W9S8","코스피200 SP 2506-2509","1300","202506","1","0.6"
"20250612","DRV","KR4401W6W9S8","코스피200 SP 2506-2509","1301","202506","1","0.6"
"20250612","DRV","KR4401W6W9S8","코스피200 SP 2506-2509","1302","202506","1","0.6"
"20250612","DRV","KR4401W6W9S8","코스피200 SP 2506-2509","1303","202506","1","0.65"
"20250612","DRV","KR4401W6W9S8","코스피200 SP 2506-2509","1304","202506","1","0.65"
"20250612","DRV","KR4401W6W9S8","코스피200 SP 2506-2509","1305","202506","1","0.65"
"20250612","DRV","KR4401W6W9S8","코스피200 SP 2506-2509","1306","202506","1","0.6"
"20250612","DRV","KR4401W6W9S8","코스피200 SP 2506-2509","1307","202506","1","0.6"
"20250612","DRV","KR4401W6W9S8","코스피200 SP 2506-2509","1308","202506","1","0.65"
"20250612","DRV","KR4401W6W9S8","코스피200 SP 2506-2509","1309","202506","1","0.65"
"20250612","DRV","KR4401W6W9S8","코스피200 SP 2506-2509","1310","202506","1","0.65"
"20250612","DRV","KR4401W6W9S8","코스피200 SP 2506-2509","1311","202506","1","0.65"
"20250612","DRV","KR4401W6W9S8","코스피200 SP 2506-2509","1312","202506","1","0.65"
"20250612","DRV","KR4401W6W9S8","코스피200 SP 2506-2509","1313","202506","1","0.6"
"20250612","DRV","KR4401W6W9S8","코스피200 SP 2506-2509","1314","202506","1","0.6"
"20250612","DRV","KR4401W6W9S8","코스피200 SP 2506-2509","1315","202506","1","0.65"
"20250612","DRV","KR4401W6W9S8","코스피200 SP 2506-2509","1316","202506","1","0.6"
"20250612","DRV","KR4401W6W9S8","코스피200 SP 2506-2509","1317","202506","1","0.65"
"20250612","DRV","KR4401W6W9S8","코스피200 SP 2506-2509","1318","202506","1","0.6"
"20250612","DRV","KR4401W6W9S8","코스피200 SP 2506-2509","1319","202506","1","0.65"
"20250612","DRV","KR4401W6W9S8","코스피200 SP 2506-2509","1320","202506","1","0.6"
"20250612","DRV","KR4401W6W9S8","코스피200 SP 2506-2509","1321","202506","1","0.6"
"20250612","DRV","KR4401W6W9S8","코스피200 SP 2506-2509","1322","202506","1","0.65"
"20250612","DRV","KR4401W6W9S8","코스피200 SP 2506-2509","1323","202506","1","0.65"
"20250612","DRV","KR4401W6W9S8","코스피200 SP 2506-2509","1324","202506","1","0.65"
"20250612","DRV","KR4401W6W9S8","코스피200 SP 2506-2509","1325","202506","1","0.6"
"20250612","DRV","KR4401W6W9S8","코스피200 SP 2506-2509","1326","202506","1","0.6"
"20250612","DRV","KR4401W6W9S8","코스피200 SP 2506-2509","1327","202506","1","0.65"
"20250612","DRV","KR4401W6W9S8","코스피200 SP 2506-2509","1328","202506","1","0.6"
"20250612","DRV","KR4401W6W9S8","코스피200 SP 2506-2509","1329","202506","1","0.6"
"20250612","DRV","KR4401W6W9S8","코스피200 SP 2506-2509","1330","202506","1","0.6"
"20250612","DRV","KR4401W6W9S8","코스피200 SP 2506-2509","1331","202506","1","0.6"
"20250612","DRV","KR4401W6W9S8","코스피200 SP 2506-2509","1332","202506","1","0.65"
"20250612","DRV","KR4401W6W9S8","코스피200 SP 2506-2509","1333","202506","1","0.6"
"20250612","DRV","KR4401W6W9S8","코스피200 SP 2506-2509","1334","202506","1","0.65"
"20250612","DRV","KR4401W6W9S8","코스피200 SP 2506-2509","1335","202506","1","0.6"
"20250612","DRV","KR4401W6W9S8","코스피200 SP 2506-2509","1336","202506","1","0.6"
"20250612","DRV","KR4401W6W9S8","코스피200 SP 2506-2509","1337","202506","1","0.65"
"20250612","DRV","KR4401W6W9S8","코스피200 SP 2506-2509","1338","202506","1","0.6"
"20250612","DRV","KR4401W6W9S8","코스피200 SP 2506-2509","1339","202506","1","0.6"
"20250612","DRV","KR4401W6W9S8","코스피200 SP 2506-2509","1340","202506","1","0.6"
"20250612","DRV","KR4401W6W9S8","코스피200 SP 2506-2509","1341","202506","1","0.65"
"20250612","DRV","KR4401W6W9S8","코스피200 SP 2506-2509","1342","202506","1","0.6"
"20250612","DRV","KR4401W6W9S8","코스피200 SP 2506-2509","1343","202506","1","0.65"
"20250612","DRV","KR4401W6W9S8","코스피200 SP 2506-2509","1344","202506","1","0.6"
"20250612","DRV","KR4401W6W9S8","코스피200 SP 2506-2509","1345","202506","1","0.65"
"20250612","DRV","KR4401W6W9S8","코스피200 SP 2506-2509","1346","202506","1","0.6"
"20250612","DRV","KR4401W6W9S8","코스피200 SP 2506-2509","1347","202506","1","0.7"
"20250612","DRV","KR4401W6W9S8","코스피200 SP 2506-2509","1348","202506","1","0.7"
"20250612","DRV","KR4401W6W9S8","코스피200 SP 2506-2509","1349","202506","1","0.65"
"20250612","DRV","KR4401W6W9S8","코스피200 SP 2506-2509","1350","202506","1","0.65"
"20250612","DRV","KR4401W6W9S8","코스피200 SP 2506-2509","1351","202506","1","0.6"
"20250612","DRV","KR4401W6W9S8","코스피200 SP 2506-2509","1352","202506","1","0.7"
"20250612","DRV","KR4401W6W9S8","코스피200 SP 2506-2509","1353","202506","1","0.7"
"20250612","DRV","KR4401W6W9S8","코스피200 SP 2506-2509","1354","202506","1","0.7"
"20250612","DRV","KR4401W6W9S8","코스피200 SP 2506-2509","1355","202506","1","0.65"
"20250612","DRV","KR4401W6W9S8","코스피200 SP 2506-2509","1356","202506","1","0.65"
"20250612","DRV","KR4401W6W9S8","코스피200 SP 2506-2509","1357","202506","1","0.65"
"20250612","DRV","KR4401W6W9S8","코스피200 SP 2506-2509","1358","202506","1","0.7"
"20250612","DRV","KR4401W6W9S8","코스피200 SP 2506-2509","1359","202506","1","0.7"
"20250612","DRV","KR4401W6W9S8","코스피200 SP 2506-2509","1400","202506","1","0.65"
"20250612","DRV","KR4401W6W9S8","코스피200 SP 2506-2509","1401","202506","1","0.7"
"20250612","DRV","KR4401W6W9S8","코스피200 SP 2506-2509","1402","202506","1","0.7"
"20250612","DRV","KR4401W6W9S8","코스피200 SP 2506-2509","1403","202506","1","0.65"
"20250612","DRV","KR4401W6W9S8","코스피200 SP 2506-2509","1404","202506","1","0.7"
"20250612","DRV","KR4401W6W9S8","코스피200 SP 2506-2509","1405","202506","1","0.65"
"20250612","DRV","KR4401W6W9S8","코스피200 SP 2506-2509","1406","202506","1","0.7"
"20250612","DRV","KR4401W6W9S8","코스피200 SP 2506-2509","1407","202506","1","0.7"
"20250612","DRV","KR4401W6W9S8","코스피200 SP 2506-2509","1408","202506","1","0.7"
"20250612","DRV","KR4401W6W9S8","코스피200 SP 2506-2509","1409","202506","1","0.7"
"20250612","DRV","KR4401W6W9S8","코스피200 SP 2506-2509","1410","202506","1","0.7"
"20250612","DRV","KR4401W6W9S8","코스피200 SP 2506-2509","1411","202506","1","0.65"
"20250612","DRV","KR4401W6W9S8","코스피200 SP 2506-2509","1412","202506","1","0.7"
"20250612","DRV","KR4401W6W9S8","코스피200 SP 2506-2509","1413","202506","1","0.6"
"20250612","DRV","KR4401W6W9S8","코스피200 SP 2506-2509","1414","202506","1","0.65"
"20250612","DRV","KR4401W6W9S8","코스피200 SP 2506-2509","1415","202506","1","0.65"
"20250612","DRV","KR4401W6W9S8","코스피200 SP 2506-2509","1416","202506","1","0.65"
"20250612","DRV","KR4401W6W9S8","코스피200 SP 2506-2509","1417","202506","1","0.6"
"20250612","DRV","KR4401W6W9S8","코스피200 SP 2506-2509","1418","202506","1","0.6"
"20250612","DRV","KR4401W6W9S8","코스피200 SP 2506-2509","1419","202506","1","0.65"
"20250612","DRV","KR4401W6W9S8","코스피200 SP 2506-2509","1420","202506","1","0.65"
"20250612","DRV","KR4401W6W9S8","코스피200 SP 2506-2509","1421","202506","1","0.7"
"20250612","DRV","KR4401W6W9S8","코스피200 SP 2506-2509","1422","202506","1","0.65"
"20250612","DRV","KR4401W6W9S8","코스피200 SP 2506-2509","1423","202506","1","0.7"
"20250612","DRV","KR4401W6W9S8","코스피200 SP 2506-2509","1424","202506","1","0.65"
"20250612","DRV","KR4401W6W9S8","코스피200 SP 2506-2509","1425","202506","1","0.65"
"20250612","DRV","KR4401W6W9S8","코스피200 SP 2506-2509","1426","202506","1","0.7"
"20250612","DRV","KR4401W6W9S8","코스피200 SP 2506-2509","1427","202506","1","0.7"
"20250612","DRV","KR4401W6W9S8","코스피200 SP 2506-2509","1428","202506","1","0.7"
"20250612","DRV","KR4401W6W9S8","코스피200 SP 2506-2509","1429","202506","1","0.65"
"20250612","DRV","KR4401W6W9S8","코스피200 SP 2506-2509","1430","202506","1","0.7"
"20250612","DRV","KR4401W6W9S8","코스피200 SP 2506-2509","1431","202506","1","0.65"
"20250612","DRV","KR4401W6W9S8","코스피200 SP 2506-2509","1432","202506","1","0.65"
"20250612","DRV","KR4401W6W9S8","코스피200 SP 2506-2509","1433","202506","1","0.7"
"20250612","DRV","KR4401W6W9S8","코스피200 SP 2506-2509","1434","202506","1","0.7"
"20250612","DRV","KR4401W6W9S8","코스피200 SP 2506-2509","1435","202506","1","0.7"
"20250612","DRV","KR4401W6W9S8","코스피200 SP 2506-2509","1436","202506","1","0.7"
"20250612","DRV","KR4401W6W9S8","코스피200 SP 2506-2509","1437","202506","1","0.7"
"20250612","DRV","KR4401W6W9S8","코스피200 SP 2506-2509","1438","202506","1","0.7"
"20250612","DRV","KR4401W6W9S8","코스피200 SP 2506-2509","1439","202506","1","0.75"
"20250612","DRV","KR4401W6W9S8","코스피200 SP 2506-2509","1440","202506","1","0.75"
"20250612","DRV","KR4401W6W9S8","코스피200 SP 2506-2509","1441","202506","1","0.75"
"20250612","DRV","KR4401W6W9S8","코스피200 SP 2506-2509","1442","202506","1","0.75"
"20250612","DRV","KR4401W6W9S8","코스피200 SP 2506-2509","1443","202506","1","0.75"
"20250612","DRV","KR4401W6W9S8","코스피200 SP 2506-2509","1444","202506","1","0.75"
"20250612","DRV","KR4401W6W9S8","코스피200 SP 2506-2509","1445","202506","1","0.7"
"20250612","DRV","KR4401W6W9S8","코스피200 SP 2506-2509","1446","202506","1","0.75"
"20250612","DRV","KR4401W6W9S8","코스피200 SP 2506-2509","1447","202506","1","0.8"
"20250612","DRV","KR4401W6W9S8","코스피200 SP 2506-2509","1448","202506","1","0.9"
"20250612","DRV","KR4401W6W9S8","코스피200 SP 2506-2509","1449","202506","1","0.95"
"20250612","DRV","KR4401W6W9S8","코스피200 SP 2506-2509","1450","202506","1","0.9"
"20250612","DRV","KR4401W6W9S8","코스피200 SP 2506-2509","1451","202506","1","0.9"
"20250612","DRV","KR4401W6W9S8","코스피200 SP 2506-2509","1452","202506","1","0.85"
"20250612","DRV","KR4401W6W9S8","코스피200 SP 2506-2509","1453","202506","1","0.9"
"20250612","DRV","KR4401W6W9S8","코스피200 SP 2506-2509","1454","202506","1","0.85"
"20250612","DRV","KR4401W6W9S8","코스피200 SP 2506-2509","1455","202506","1","0.85"
"20250612","DRV","KR4401W6W9S8","코스피200 SP 2506-2509","1456","202506","1","0.8"
"20250612","DRV","KR4401W6W9S8","코스피200 SP 2506-2509","1457","202506","1","0.75"
"20250612","DRV","KR4401W6W9S8","코스피200 SP 2506-2509","1458","202506","1","0.75"
"20250612","DRV","KR4401W6W9S8","코스피200 SP 2506-2509","1459","202506","1","0.75"
"20250612","DRV","KR4401W6W9S8","코스피200 SP 2506-2509","1500","202506","1","0.85"
"20250612","DRV","KR4401W6W9S8","코스피200 SP 2506-2509","1501","202506","1","0.85"
"20250612","DRV","KR4401W6W9S8","코스피200 SP 2506-2509","1502","202506","1","0.85"
"20250612","DRV","KR4401W6W9S8","코스피200 SP 2506-2509","1503","202506","1","0.9"
"20250612","DRV","KR4401W6W9S8","코스피200 SP 2506-2509","1504","202506","1","0.85"
"20250612","DRV","KR4401W6W9S8","코스피200 SP 2506-2509","1505","202506","1","0.85"
"20250612","DRV","KR4401W6W9S8","코스피200 SP 2506-2509","1506","202506","1","0.9"
"20250612","DRV","KR4401W6W9S8","코스피200 SP 2506-2509","1507","202506","1","0.95"
"20250612","DRV","KR4401W6W9S8","코스피200 SP 2506-2509","1508","202506","1","0.9"
"20250612","DRV","KR4401W6W9S8","코스피200 SP 2506-2509","1509","202506","1","0.9"
"20250612","DRV","KR4401W6W9S8","코스피200 SP 2506-2509","1510","202506","1","0.85"
"20250612","DRV","KR4401W6W9S8","코스피200 SP 2506-2509","1511","202506","1","0.95"
"20250612","DRV","KR4401W6W9S8","코스피200 SP 2506-2509","1512","202506","1","0.95"
"20250612","DRV","KR4401W6W9S8","코스피200 SP 2506-2509","1513","202506","1","0.95"
"20250612","DRV","KR4401W6W9S8","코스피200 SP 2506-2509","1514","202506","1","0.95"
"20250612","DRV","KR4401W6W9S8","코스피200 SP 2506-2509","1515","202506","1","0.9"
"20250612","DRV","KR4401W6W9S8","코스피200 SP 2506-2509","1516","202506","1","0.95"
"20250612","DRV","KR4401W6W9S8","코스피200 SP 2506-2509","1517","202506","1","0.95"
"20250612","DRV","KR4401W6W9S8","코스피200 SP 2506-2509","1518","202506","1","0.95"
"20250612","DRV","KR4401W6W9S8","코스피200 SP 2506-2509","1519","202506","1","0.9"